cohort,panel,fold,feature_name,positive_class,standardized_coefficient
blca,shared_core62_v1,0,RELATIVE_AREA_VALID_TISSUE,PAPILLARY,0.10979957484830782
blca,shared_core62_v1,0,RELATIVE_AREA_CARCINOMA,PAPILLARY,-0.03249314837782145
blca,shared_core62_v1,0,RELATIVE_AREA_STROMA,PAPILLARY,0.10696640262880966
blca,shared_core62_v1,0,RELATIVE_AREA_NECROSIS,PAPILLARY,-0.005997555454739863
blca,shared_core62_v1,0,RELATIVE_AREA_EPITHELIAL_TISSUE,PAPILLARY,0.09021992136403839
blca,shared_core62_v1,0,RELATIVE_AREA_VESSEL,PAPILLARY,0.1368610386286613
blca,shared_core62_v1,0,RELATIVE_AREA_TUMOR_CORE,PAPILLARY,-0.017117524094564237
blca,shared_core62_v1,0,RELATIVE_AREA_INNER_INVASIVE_MARGIN,PAPILLARY,0.026973885468593004
blca,shared_core62_v1,0,RELATIVE_AREA_OUTER_INVASIVE_MARGIN,PAPILLARY,0.22290346131974154
blca,shared_core62_v1,0,RELATIVE_AREA_CARCINOMA_IN_TUMOR_CORE,PAPILLARY,-0.0006660927276439729
blca,shared_core62_v1,0,RELATIVE_AREA_STROMA_IN_TUMOR_CORE,PAPILLARY,0.09725225964030018
blca,shared_core62_v1,0,RELATIVE_AREA_NECROSIS_IN_TUMOR_CORE,PAPILLARY,0.10815138995579461
blca,shared_core62_v1,0,RELATIVE_AREA_STROMA_IN_INNER_INVASIVE_MARGIN,PAPILLARY,0.11912253292963328
blca,shared_core62_v1,0,RELATIVE_AREA_CARCINOMA_IN_INNER_INVASIVE_MARGIN,PAPILLARY,-0.0028533464258670236
blca,shared_core62_v1,0,CELL_PERCENTAGE_CARCINOMA_CELL_IN_TUMOR_CORE,PAPILLARY,0.09831243912428618
blca,shared_core62_v1,0,CELL_DENSITY_CARCINOMA_CELL_IN_TUMOR_CORE,PAPILLARY,0.05953126933092866
blca,shared_core62_v1,0,CELL_PERCENTAGE_LYMPHOCYTE_IN_TUMOR_CORE,PAPILLARY,0.019174857741875245
blca,shared_core62_v1,0,CELL_DENSITY_LYMPHOCYTE_IN_TUMOR_CORE,PAPILLARY,-0.08379807937729213
blca,shared_core62_v1,0,CELL_PERCENTAGE_MACROPHAGE_IN_TUMOR_CORE,PAPILLARY,0.0643978675579909
blca,shared_core62_v1,0,CELL_DENSITY_MACROPHAGE_IN_TUMOR_CORE,PAPILLARY,0.021145820191239267
blca,shared_core62_v1,0,CELL_PERCENTAGE_GRANULOCYTE_IN_TUMOR_CORE,PAPILLARY,0.03738756145589777
blca,shared_core62_v1,0,CELL_DENSITY_GRANULOCYTE_IN_TUMOR_CORE,PAPILLARY,-0.007093612226354765
blca,shared_core62_v1,0,CELL_PERCENTAGE_PLASMA_CELL_IN_TUMOR_CORE,PAPILLARY,0.04393604758932983
blca,shared_core62_v1,0,CELL_DENSITY_PLASMA_CELL_IN_TUMOR_CORE,PAPILLARY,-0.045231129085727566
blca,shared_core62_v1,0,CELL_PERCENTAGE_FIBROBLAST_IN_TUMOR_CORE,PAPILLARY,-0.06351643822833829
blca,shared_core62_v1,0,CELL_DENSITY_FIBROBLAST_IN_TUMOR_CORE,PAPILLARY,0.09601451128071144
blca,shared_core62_v1,0,CELL_PERCENTAGE_ENDOTHELIAL_CELL_IN_TUMOR_CORE,PAPILLARY,-0.0824761958997093
blca,shared_core62_v1,0,CELL_DENSITY_ENDOTHELIAL_CELL_IN_TUMOR_CORE,PAPILLARY,-0.017228009766756792
blca,shared_core62_v1,0,CELL_PERCENTAGE_CARCINOMA_CELL_IN_INNER_INVASIVE_MARGIN,PAPILLARY,0.18340707438625342
blca,shared_core62_v1,0,CELL_DENSITY_CARCINOMA_CELL_IN_INNER_INVASIVE_MARGIN,PAPILLARY,0.04020068488064383
blca,shared_core62_v1,0,CELL_PERCENTAGE_LYMPHOCYTE_IN_INNER_INVASIVE_MARGIN,PAPILLARY,-0.030259633553105916
blca,shared_core62_v1,0,CELL_DENSITY_LYMPHOCYTE_IN_INNER_INVASIVE_MARGIN,PAPILLARY,-0.1237850482728211
blca,shared_core62_v1,0,CELL_PERCENTAGE_MACROPHAGE_IN_INNER_INVASIVE_MARGIN,PAPILLARY,-0.04282428954557126
blca,shared_core62_v1,0,CELL_DENSITY_MACROPHAGE_IN_INNER_INVASIVE_MARGIN,PAPILLARY,-0.07531025282455181
blca,shared_core62_v1,0,CELL_PERCENTAGE_GRANULOCYTE_IN_INNER_INVASIVE_MARGIN,PAPILLARY,-0.009565891209404945
blca,shared_core62_v1,0,CELL_DENSITY_GRANULOCYTE_IN_INNER_INVASIVE_MARGIN,PAPILLARY,-0.15529067893762655
blca,shared_core62_v1,0,CELL_PERCENTAGE_PLASMA_CELL_IN_INNER_INVASIVE_MARGIN,PAPILLARY,-0.05305674483391831
blca,shared_core62_v1,0,CELL_DENSITY_PLASMA_CELL_IN_INNER_INVASIVE_MARGIN,PAPILLARY,-0.10124629399919727
blca,shared_core62_v1,0,CELL_PERCENTAGE_FIBROBLAST_IN_INNER_INVASIVE_MARGIN,PAPILLARY,-0.07062633219888229
blca,shared_core62_v1,0,CELL_DENSITY_FIBROBLAST_IN_INNER_INVASIVE_MARGIN,PAPILLARY,-0.029827052908364553
blca,shared_core62_v1,0,CELL_PERCENTAGE_ENDOTHELIAL_CELL_IN_INNER_INVASIVE_MARGIN,PAPILLARY,0.03905223706065616
blca,shared_core62_v1,0,CELL_DENSITY_ENDOTHELIAL_CELL_IN_INNER_INVASIVE_MARGIN,PAPILLARY,0.009166008668950556
blca,shared_core62_v1,0,RATIO_OF_LYMPHOCYTES_AROUND_CARCINOMA_CELL_IN_WHOLE_TUMOR_REGION_20,PAPILLARY,-0.027177769369379143
blca,shared_core62_v1,0,AVG_MIN_DISTANCE_OF_LYMPHOCYTES_AROUND_CARCINOMA_CELL_IN_WHOLE_TUMOR_REGION_20,PAPILLARY,0.054236270421648254
blca,shared_core62_v1,0,RATIO_OF_LYMPHOCYTES_AROUND_CARCINOMA_CELL_IN_WHOLE_TUMOR_REGION_40,PAPILLARY,0.001901642815670761
blca,shared_core62_v1,0,AVG_MIN_DISTANCE_OF_LYMPHOCYTES_AROUND_CARCINOMA_CELL_IN_WHOLE_TUMOR_REGION_40,PAPILLARY,0.11807099851581233
blca,shared_core62_v1,0,RATIO_OF_MACROPHAGES_AROUND_CARCINOMA_CELL_IN_WHOLE_TUMOR_REGION_20,PAPILLARY,-0.01331836767898394
blca,shared_core62_v1,0,AVG_MIN_DISTANCE_OF_MACROPHAGES_AROUND_CARCINOMA_CELL_IN_WHOLE_TUMOR_REGION_20,PAPILLARY,0.04625312496035265
blca,shared_core62_v1,0,RATIO_OF_MACROPHAGES_AROUND_CARCINOMA_CELL_IN_WHOLE_TUMOR_REGION_40,PAPILLARY,0.043178084082410646
blca,shared_core62_v1,0,AVG_MIN_DISTANCE_OF_MACROPHAGES_AROUND_CARCINOMA_CELL_IN_WHOLE_TUMOR_REGION_40,PAPILLARY,0.07416664684503425
blca,shared_core62_v1,0,RATIO_OF_FIBROBLASTS_AROUND_CARCINOMA_CELL_IN_WHOLE_TUMOR_REGION_20,PAPILLARY,0.024857933484882754
blca,shared_core62_v1,0,AVG_MIN_DISTANCE_OF_FIBROBLASTS_AROUND_CARCINOMA_CELL_IN_WHOLE_TUMOR_REGION_20,PAPILLARY,-0.10626081263145672
blca,shared_core62_v1,0,RATIO_OF_FIBROBLASTS_AROUND_CARCINOMA_CELL_IN_WHOLE_TUMOR_REGION_40,PAPILLARY,-0.004045222610718272
blca,shared_core62_v1,0,AVG_MIN_DISTANCE_OF_FIBROBLASTS_AROUND_CARCINOMA_CELL_IN_WHOLE_TUMOR_REGION_40,PAPILLARY,-0.09178639251611972
blca,shared_core62_v1,0,RATIO_OF_PLASMA_CELLS_AROUND_CARCINOMA_CELL_IN_WHOLE_TUMOR_REGION_20,PAPILLARY,-0.09382442057780775
blca,shared_core62_v1,0,AVG_MIN_DISTANCE_OF_PLASMA_CELLS_AROUND_CARCINOMA_CELL_IN_WHOLE_TUMOR_REGION_20,PAPILLARY,0.032397683915651655
blca,shared_core62_v1,0,RATIO_OF_PLASMA_CELLS_AROUND_CARCINOMA_CELL_IN_WHOLE_TUMOR_REGION_40,PAPILLARY,-0.041044001550974395
blca,shared_core62_v1,0,AVG_MIN_DISTANCE_OF_PLASMA_CELLS_AROUND_CARCINOMA_CELL_IN_WHOLE_TUMOR_REGION_40,PAPILLARY,0.10733099639008266
blca,shared_core62_v1,0,TLS_IMMATURE_PRESENT,PAPILLARY,0.35728298410718795
blca,shared_core62_v1,0,TLS_MATURE_PRESENT,PAPILLARY,-0.0036203824369875877
blca,shared_core62_v1,0,LOG1P_COUNT_TLS_IMMATURE,PAPILLARY,0.15049803502103856
blca,shared_core62_v1,0,LOG1P_COUNT_TLS_MATURE,PAPILLARY,-0.16219819262577076
blca,shared_core62_v1,1,RELATIVE_AREA_VALID_TISSUE,PAPILLARY,-0.0036514307492707
blca,shared_core62_v1,1,RELATIVE_AREA_CARCINOMA,PAPILLARY,0.004594637688441428
blca,shared_core62_v1,1,RELATIVE_AREA_STROMA,PAPILLARY,-0.006117468712529907
blca,shared_core62_v1,1,RELATIVE_AREA_NECROSIS,PAPILLARY,0.0013777929714348886
blca,shared_core62_v1,1,RELATIVE_AREA_EPITHELIAL_TISSUE,PAPILLARY,-0.001990292976929786
blca,shared_core62_v1,1,RELATIVE_AREA_VESSEL,PAPILLARY,0.004341458939426093
blca,shared_core62_v1,1,RELATIVE_AREA_TUMOR_CORE,PAPILLARY,0.0022920998794637476
blca,shared_core62_v1,1,RELATIVE_AREA_INNER_INVASIVE_MARGIN,PAPILLARY,0.0036063936937086832
blca,shared_core62_v1,1,RELATIVE_AREA_OUTER_INVASIVE_MARGIN,PAPILLARY,0.0001859298776361042
blca,shared_core62_v1,1,RELATIVE_AREA_CARCINOMA_IN_TUMOR_CORE,PAPILLARY,0.004505640977476045
blca,shared_core62_v1,1,RELATIVE_AREA_STROMA_IN_TUMOR_CORE,PAPILLARY,0.0010546383050849093
blca,shared_core62_v1,1,RELATIVE_AREA_NECROSIS_IN_TUMOR_CORE,PAPILLARY,0.0009265588797761179
blca,shared_core62_v1,1,RELATIVE_AREA_STROMA_IN_INNER_INVASIVE_MARGIN,PAPILLARY,0.0006950517810504646
blca,shared_core62_v1,1,RELATIVE_AREA_CARCINOMA_IN_INNER_INVASIVE_MARGIN,PAPILLARY,0.004139034214606517
blca,shared_core62_v1,1,CELL_PERCENTAGE_CARCINOMA_CELL_IN_TUMOR_CORE,PAPILLARY,0.003796413169491986
blca,shared_core62_v1,1,CELL_DENSITY_CARCINOMA_CELL_IN_TUMOR_CORE,PAPILLARY,0.003576216000000939
blca,shared_core62_v1,1,CELL_PERCENTAGE_LYMPHOCYTE_IN_TUMOR_CORE,PAPILLARY,-0.001881277556065213
blca,shared_core62_v1,1,CELL_DENSITY_LYMPHOCYTE_IN_TUMOR_CORE,PAPILLARY,-0.001027862679421622
blca,shared_core62_v1,1,CELL_PERCENTAGE_MACROPHAGE_IN_TUMOR_CORE,PAPILLARY,-0.005093406405934695
blca,shared_core62_v1,1,CELL_DENSITY_MACROPHAGE_IN_TUMOR_CORE,PAPILLARY,-0.005318479606368103
blca,shared_core62_v1,1,CELL_PERCENTAGE_GRANULOCYTE_IN_TUMOR_CORE,PAPILLARY,-0.0024609084389045147
blca,shared_core62_v1,1,CELL_DENSITY_GRANULOCYTE_IN_TUMOR_CORE,PAPILLARY,-0.0035461567168054487
blca,shared_core62_v1,1,CELL_PERCENTAGE_PLASMA_CELL_IN_TUMOR_CORE,PAPILLARY,-0.00143501418866654
blca,shared_core62_v1,1,CELL_DENSITY_PLASMA_CELL_IN_TUMOR_CORE,PAPILLARY,-0.0023431411194536084
blca,shared_core62_v1,1,CELL_PERCENTAGE_FIBROBLAST_IN_TUMOR_CORE,PAPILLARY,-0.004119391930221251
blca,shared_core62_v1,1,CELL_DENSITY_FIBROBLAST_IN_TUMOR_CORE,PAPILLARY,-0.0022660547027124984
blca,shared_core62_v1,1,CELL_PERCENTAGE_ENDOTHELIAL_CELL_IN_TUMOR_CORE,PAPILLARY,0.0012576524459907595
blca,shared_core62_v1,1,CELL_DENSITY_ENDOTHELIAL_CELL_IN_TUMOR_CORE,PAPILLARY,0.00362139516825441
blca,shared_core62_v1,1,CELL_PERCENTAGE_CARCINOMA_CELL_IN_INNER_INVASIVE_MARGIN,PAPILLARY,0.004650368161381923
blca,shared_core62_v1,1,CELL_DENSITY_CARCINOMA_CELL_IN_INNER_INVASIVE_MARGIN,PAPILLARY,0.004717716194685329
blca,shared_core62_v1,1,CELL_PERCENTAGE_LYMPHOCYTE_IN_INNER_INVASIVE_MARGIN,PAPILLARY,-0.002347562306210209
blca,shared_core62_v1,1,CELL_DENSITY_LYMPHOCYTE_IN_INNER_INVASIVE_MARGIN,PAPILLARY,-0.0012151910378245306
blca,shared_core62_v1,1,CELL_PERCENTAGE_MACROPHAGE_IN_INNER_INVASIVE_MARGIN,PAPILLARY,-0.0052359413947021234
blca,shared_core62_v1,1,CELL_DENSITY_MACROPHAGE_IN_INNER_INVASIVE_MARGIN,PAPILLARY,-0.005557136068554023
blca,shared_core62_v1,1,CELL_PERCENTAGE_GRANULOCYTE_IN_INNER_INVASIVE_MARGIN,PAPILLARY,-0.0038132463515384196
blca,shared_core62_v1,1,CELL_DENSITY_GRANULOCYTE_IN_INNER_INVASIVE_MARGIN,PAPILLARY,-0.004689541418208667
blca,shared_core62_v1,1,CELL_PERCENTAGE_PLASMA_CELL_IN_INNER_INVASIVE_MARGIN,PAPILLARY,-0.0014782001892577259
blca,shared_core62_v1,1,CELL_DENSITY_PLASMA_CELL_IN_INNER_INVASIVE_MARGIN,PAPILLARY,-0.002539373444219336
blca,shared_core62_v1,1,CELL_PERCENTAGE_FIBROBLAST_IN_INNER_INVASIVE_MARGIN,PAPILLARY,-0.003941460493038165
blca,shared_core62_v1,1,CELL_DENSITY_FIBROBLAST_IN_INNER_INVASIVE_MARGIN,PAPILLARY,-0.002711279193102441
blca,shared_core62_v1,1,CELL_PERCENTAGE_ENDOTHELIAL_CELL_IN_INNER_INVASIVE_MARGIN,PAPILLARY,0.0021871527401426723
blca,shared_core62_v1,1,CELL_DENSITY_ENDOTHELIAL_CELL_IN_INNER_INVASIVE_MARGIN,PAPILLARY,0.004132250217872246
blca,shared_core62_v1,1,RATIO_OF_LYMPHOCYTES_AROUND_CARCINOMA_CELL_IN_WHOLE_TUMOR_REGION_20,PAPILLARY,-0.0038903262238954447
blca,shared_core62_v1,1,AVG_MIN_DISTANCE_OF_LYMPHOCYTES_AROUND_CARCINOMA_CELL_IN_WHOLE_TUMOR_REGION_20,PAPILLARY,0.0009677677465359098
blca,shared_core62_v1,1,RATIO_OF_LYMPHOCYTES_AROUND_CARCINOMA_CELL_IN_WHOLE_TUMOR_REGION_40,PAPILLARY,-0.003672782345399002
blca,shared_core62_v1,1,AVG_MIN_DISTANCE_OF_LYMPHOCYTES_AROUND_CARCINOMA_CELL_IN_WHOLE_TUMOR_REGION_40,PAPILLARY,0.002623329239283603
blca,shared_core62_v1,1,RATIO_OF_MACROPHAGES_AROUND_CARCINOMA_CELL_IN_WHOLE_TUMOR_REGION_20,PAPILLARY,-0.004254301493309565
blca,shared_core62_v1,1,AVG_MIN_DISTANCE_OF_MACROPHAGES_AROUND_CARCINOMA_CELL_IN_WHOLE_TUMOR_REGION_20,PAPILLARY,-0.0005293300789082829
blca,shared_core62_v1,1,RATIO_OF_MACROPHAGES_AROUND_CARCINOMA_CELL_IN_WHOLE_TUMOR_REGION_40,PAPILLARY,-0.0047882760991074325
blca,shared_core62_v1,1,AVG_MIN_DISTANCE_OF_MACROPHAGES_AROUND_CARCINOMA_CELL_IN_WHOLE_TUMOR_REGION_40,PAPILLARY,0.0030812597587902336
blca,shared_core62_v1,1,RATIO_OF_FIBROBLASTS_AROUND_CARCINOMA_CELL_IN_WHOLE_TUMOR_REGION_20,PAPILLARY,-0.0007090240395646189
blca,shared_core62_v1,1,AVG_MIN_DISTANCE_OF_FIBROBLASTS_AROUND_CARCINOMA_CELL_IN_WHOLE_TUMOR_REGION_20,PAPILLARY,-0.006264838799144492
blca,shared_core62_v1,1,RATIO_OF_FIBROBLASTS_AROUND_CARCINOMA_CELL_IN_WHOLE_TUMOR_REGION_40,PAPILLARY,-0.0021986737074181917
blca,shared_core62_v1,1,AVG_MIN_DISTANCE_OF_FIBROBLASTS_AROUND_CARCINOMA_CELL_IN_WHOLE_TUMOR_REGION_40,PAPILLARY,-0.0023044029087243983
blca,shared_core62_v1,1,RATIO_OF_PLASMA_CELLS_AROUND_CARCINOMA_CELL_IN_WHOLE_TUMOR_REGION_20,PAPILLARY,-0.0031209320435095075
blca,shared_core62_v1,1,AVG_MIN_DISTANCE_OF_PLASMA_CELLS_AROUND_CARCINOMA_CELL_IN_WHOLE_TUMOR_REGION_20,PAPILLARY,-0.0005782252382111682
blca,shared_core62_v1,1,RATIO_OF_PLASMA_CELLS_AROUND_CARCINOMA_CELL_IN_WHOLE_TUMOR_REGION_40,PAPILLARY,-0.0022772651571979587
blca,shared_core62_v1,1,AVG_MIN_DISTANCE_OF_PLASMA_CELLS_AROUND_CARCINOMA_CELL_IN_WHOLE_TUMOR_REGION_40,PAPILLARY,0.0016761952714034764
blca,shared_core62_v1,1,TLS_IMMATURE_PRESENT,PAPILLARY,-0.003658001431289465
blca,shared_core62_v1,1,TLS_MATURE_PRESENT,PAPILLARY,-0.0016052081396454106
blca,shared_core62_v1,1,LOG1P_COUNT_TLS_IMMATURE,PAPILLARY,-0.0017824925029357004
blca,shared_core62_v1,1,LOG1P_COUNT_TLS_MATURE,PAPILLARY,-0.004359288466904213
blca,shared_core62_v1,2,RELATIVE_AREA_VALID_TISSUE,PAPILLARY,0.004386249794016118
blca,shared_core62_v1,2,RELATIVE_AREA_CARCINOMA,PAPILLARY,0.002132778201526259
blca,shared_core62_v1,2,RELATIVE_AREA_STROMA,PAPILLARY,-0.0035820118844358826
blca,shared_core62_v1,2,RELATIVE_AREA_NECROSIS,PAPILLARY,0.0022421878096430424
blca,shared_core62_v1,2,RELATIVE_AREA_EPITHELIAL_TISSUE,PAPILLARY,0.0019559678701617554
blca,shared_core62_v1,2,RELATIVE_AREA_VESSEL,PAPILLARY,0.003571896354544117
blca,shared_core62_v1,2,RELATIVE_AREA_TUMOR_CORE,PAPILLARY,0.0008305398895820941
blca,shared_core62_v1,2,RELATIVE_AREA_INNER_INVASIVE_MARGIN,PAPILLARY,-0.0007200637416202103
blca,shared_core62_v1,2,RELATIVE_AREA_OUTER_INVASIVE_MARGIN,PAPILLARY,-0.004271328240347318
blca,shared_core62_v1,2,RELATIVE_AREA_CARCINOMA_IN_TUMOR_CORE,PAPILLARY,0.003803045966407242
blca,shared_core62_v1,2,RELATIVE_AREA_STROMA_IN_TUMOR_CORE,PAPILLARY,0.000620219073548295
blca,shared_core62_v1,2,RELATIVE_AREA_NECROSIS_IN_TUMOR_CORE,PAPILLARY,0.00630864986883351
blca,shared_core62_v1,2,RELATIVE_AREA_STROMA_IN_INNER_INVASIVE_MARGIN,PAPILLARY,-0.004240870984954949
blca,shared_core62_v1,2,RELATIVE_AREA_CARCINOMA_IN_INNER_INVASIVE_MARGIN,PAPILLARY,0.0033301586772293557
blca,shared_core62_v1,2,CELL_PERCENTAGE_CARCINOMA_CELL_IN_TUMOR_CORE,PAPILLARY,0.005328302152399546
blca,shared_core62_v1,2,CELL_DENSITY_CARCINOMA_CELL_IN_TUMOR_CORE,PAPILLARY,0.004683542841338452
blca,shared_core62_v1,2,CELL_PERCENTAGE_LYMPHOCYTE_IN_TUMOR_CORE,PAPILLARY,-0.006543341461010648
blca,shared_core62_v1,2,CELL_DENSITY_LYMPHOCYTE_IN_TUMOR_CORE,PAPILLARY,-0.005387826098569511
blca,shared_core62_v1,2,CELL_PERCENTAGE_MACROPHAGE_IN_TUMOR_CORE,PAPILLARY,-0.004425144579751336
blca,shared_core62_v1,2,CELL_DENSITY_MACROPHAGE_IN_TUMOR_CORE,PAPILLARY,-0.005636680623471495
blca,shared_core62_v1,2,CELL_PERCENTAGE_GRANULOCYTE_IN_TUMOR_CORE,PAPILLARY,-0.0023697785489220123
blca,shared_core62_v1,2,CELL_DENSITY_GRANULOCYTE_IN_TUMOR_CORE,PAPILLARY,-0.0031162839678389154
blca,shared_core62_v1,2,CELL_PERCENTAGE_PLASMA_CELL_IN_TUMOR_CORE,PAPILLARY,-0.0037521546178973203
blca,shared_core62_v1,2,CELL_DENSITY_PLASMA_CELL_IN_TUMOR_CORE,PAPILLARY,-0.00299112153322925
blca,shared_core62_v1,2,CELL_PERCENTAGE_FIBROBLAST_IN_TUMOR_CORE,PAPILLARY,0.000388642050164813
blca,shared_core62_v1,2,CELL_DENSITY_FIBROBLAST_IN_TUMOR_CORE,PAPILLARY,0.0010283763670245845
blca,shared_core62_v1,2,CELL_PERCENTAGE_ENDOTHELIAL_CELL_IN_TUMOR_CORE,PAPILLARY,0.00030730093693899155
blca,shared_core62_v1,2,CELL_DENSITY_ENDOTHELIAL_CELL_IN_TUMOR_CORE,PAPILLARY,0.0012308568939764788
blca,shared_core62_v1,2,CELL_PERCENTAGE_CARCINOMA_CELL_IN_INNER_INVASIVE_MARGIN,PAPILLARY,0.005726810640988128
blca,shared_core62_v1,2,CELL_DENSITY_CARCINOMA_CELL_IN_INNER_INVASIVE_MARGIN,PAPILLARY,0.00576235035134258
blca,shared_core62_v1,2,CELL_PERCENTAGE_LYMPHOCYTE_IN_INNER_INVASIVE_MARGIN,PAPILLARY,-0.006776781838439897
blca,shared_core62_v1,2,CELL_DENSITY_LYMPHOCYTE_IN_INNER_INVASIVE_MARGIN,PAPILLARY,-0.0052270017645567905
blca,shared_core62_v1,2,CELL_PERCENTAGE_MACROPHAGE_IN_INNER_INVASIVE_MARGIN,PAPILLARY,-0.00318832073381818
blca,shared_core62_v1,2,CELL_DENSITY_MACROPHAGE_IN_INNER_INVASIVE_MARGIN,PAPILLARY,-0.00463374652056413
blca,shared_core62_v1,2,CELL_PERCENTAGE_GRANULOCYTE_IN_INNER_INVASIVE_MARGIN,PAPILLARY,-0.002074185017921045
blca,shared_core62_v1,2,CELL_DENSITY_GRANULOCYTE_IN_INNER_INVASIVE_MARGIN,PAPILLARY,-0.0037597926808381403
blca,shared_core62_v1,2,CELL_PERCENTAGE_PLASMA_CELL_IN_INNER_INVASIVE_MARGIN,PAPILLARY,-0.0038215651340538183
blca,shared_core62_v1,2,CELL_DENSITY_PLASMA_CELL_IN_INNER_INVASIVE_MARGIN,PAPILLARY,-0.0035665388978990352
blca,shared_core62_v1,2,CELL_PERCENTAGE_FIBROBLAST_IN_INNER_INVASIVE_MARGIN,PAPILLARY,-0.0017382751259531315
blca,shared_core62_v1,2,CELL_DENSITY_FIBROBLAST_IN_INNER_INVASIVE_MARGIN,PAPILLARY,-0.0008013578875979721
blca,shared_core62_v1,2,CELL_PERCENTAGE_ENDOTHELIAL_CELL_IN_INNER_INVASIVE_MARGIN,PAPILLARY,0.00017828950682545206
blca,shared_core62_v1,2,CELL_DENSITY_ENDOTHELIAL_CELL_IN_INNER_INVASIVE_MARGIN,PAPILLARY,0.0016489211412247752
blca,shared_core62_v1,2,RATIO_OF_LYMPHOCYTES_AROUND_CARCINOMA_CELL_IN_WHOLE_TUMOR_REGION_20,PAPILLARY,-0.005667033339822469
blca,shared_core62_v1,2,AVG_MIN_DISTANCE_OF_LYMPHOCYTES_AROUND_CARCINOMA_CELL_IN_WHOLE_TUMOR_REGION_20,PAPILLARY,0.002650799920470526
blca,shared_core62_v1,2,RATIO_OF_LYMPHOCYTES_AROUND_CARCINOMA_CELL_IN_WHOLE_TUMOR_REGION_40,PAPILLARY,-0.006322175454664243
blca,shared_core62_v1,2,AVG_MIN_DISTANCE_OF_LYMPHOCYTES_AROUND_CARCINOMA_CELL_IN_WHOLE_TUMOR_REGION_40,PAPILLARY,0.004086042049951158
blca,shared_core62_v1,2,RATIO_OF_MACROPHAGES_AROUND_CARCINOMA_CELL_IN_WHOLE_TUMOR_REGION_20,PAPILLARY,-0.003440679567512565
blca,shared_core62_v1,2,AVG_MIN_DISTANCE_OF_MACROPHAGES_AROUND_CARCINOMA_CELL_IN_WHOLE_TUMOR_REGION_20,PAPILLARY,0.0030023824668942312
blca,shared_core62_v1,2,RATIO_OF_MACROPHAGES_AROUND_CARCINOMA_CELL_IN_WHOLE_TUMOR_REGION_40,PAPILLARY,-0.003967190761421919
blca,shared_core62_v1,2,AVG_MIN_DISTANCE_OF_MACROPHAGES_AROUND_CARCINOMA_CELL_IN_WHOLE_TUMOR_REGION_40,PAPILLARY,0.0036936962809099574
blca,shared_core62_v1,2,RATIO_OF_FIBROBLASTS_AROUND_CARCINOMA_CELL_IN_WHOLE_TUMOR_REGION_20,PAPILLARY,-7.699626319548675e-05
blca,shared_core62_v1,2,AVG_MIN_DISTANCE_OF_FIBROBLASTS_AROUND_CARCINOMA_CELL_IN_WHOLE_TUMOR_REGION_20,PAPILLARY,-0.002020601510345957
blca,shared_core62_v1,2,RATIO_OF_FIBROBLASTS_AROUND_CARCINOMA_CELL_IN_WHOLE_TUMOR_REGION_40,PAPILLARY,5.0565784195280735e-05
blca,shared_core62_v1,2,AVG_MIN_DISTANCE_OF_FIBROBLASTS_AROUND_CARCINOMA_CELL_IN_WHOLE_TUMOR_REGION_40,PAPILLARY,-0.0019922744326241575
blca,shared_core62_v1,2,RATIO_OF_PLASMA_CELLS_AROUND_CARCINOMA_CELL_IN_WHOLE_TUMOR_REGION_20,PAPILLARY,-0.0028625819228276393
blca,shared_core62_v1,2,AVG_MIN_DISTANCE_OF_PLASMA_CELLS_AROUND_CARCINOMA_CELL_IN_WHOLE_TUMOR_REGION_20,PAPILLARY,0.001898572071444642
blca,shared_core62_v1,2,RATIO_OF_PLASMA_CELLS_AROUND_CARCINOMA_CELL_IN_WHOLE_TUMOR_REGION_40,PAPILLARY,-0.003628060407021202
blca,shared_core62_v1,2,AVG_MIN_DISTANCE_OF_PLASMA_CELLS_AROUND_CARCINOMA_CELL_IN_WHOLE_TUMOR_REGION_40,PAPILLARY,0.004076884594772264
blca,shared_core62_v1,2,TLS_IMMATURE_PRESENT,PAPILLARY,-0.0006279476134246521
blca,shared_core62_v1,2,TLS_MATURE_PRESENT,PAPILLARY,0.0015717507807317425
blca,shared_core62_v1,2,LOG1P_COUNT_TLS_IMMATURE,PAPILLARY,-0.003258596932657313
blca,shared_core62_v1,2,LOG1P_COUNT_TLS_MATURE,PAPILLARY,-0.0008943493917831698
blca,shared_core62_v1,3,RELATIVE_AREA_VALID_TISSUE,PAPILLARY,0.006796412432309119
blca,shared_core62_v1,3,RELATIVE_AREA_CARCINOMA,PAPILLARY,0.012682690082887341
blca,shared_core62_v1,3,RELATIVE_AREA_STROMA,PAPILLARY,-0.01912439584220287
blca,shared_core62_v1,3,RELATIVE_AREA_NECROSIS,PAPILLARY,0.035605467148681694
blca,shared_core62_v1,3,RELATIVE_AREA_EPITHELIAL_TISSUE,PAPILLARY,-0.02172552073339281
blca,shared_core62_v1,3,RELATIVE_AREA_VESSEL,PAPILLARY,0.039371476434050576
blca,shared_core62_v1,3,RELATIVE_AREA_TUMOR_CORE,PAPILLARY,0.000930049864506237
blca,shared_core62_v1,3,RELATIVE_AREA_INNER_INVASIVE_MARGIN,PAPILLARY,0.018510888558979973
blca,shared_core62_v1,3,RELATIVE_AREA_OUTER_INVASIVE_MARGIN,PAPILLARY,0.011220010699493837
blca,shared_core62_v1,3,RELATIVE_AREA_CARCINOMA_IN_TUMOR_CORE,PAPILLARY,0.007928996584005211
blca,shared_core62_v1,3,RELATIVE_AREA_STROMA_IN_TUMOR_CORE,PAPILLARY,-0.026729202901153805
blca,shared_core62_v1,3,RELATIVE_AREA_NECROSIS_IN_TUMOR_CORE,PAPILLARY,0.037560845520567765
blca,shared_core62_v1,3,RELATIVE_AREA_STROMA_IN_INNER_INVASIVE_MARGIN,PAPILLARY,-0.015887460459392454
blca,shared_core62_v1,3,RELATIVE_AREA_CARCINOMA_IN_INNER_INVASIVE_MARGIN,PAPILLARY,0.021840125465694755
blca,shared_core62_v1,3,CELL_PERCENTAGE_CARCINOMA_CELL_IN_TUMOR_CORE,PAPILLARY,0.03241752179541998
blca,shared_core62_v1,3,CELL_DENSITY_CARCINOMA_CELL_IN_TUMOR_CORE,PAPILLARY,0.014973403376737806
blca,shared_core62_v1,3,CELL_PERCENTAGE_LYMPHOCYTE_IN_TUMOR_CORE,PAPILLARY,-0.006272989717637705
blca,shared_core62_v1,3,CELL_DENSITY_LYMPHOCYTE_IN_TUMOR_CORE,PAPILLARY,-0.01658725195523652
blca,shared_core62_v1,3,CELL_PERCENTAGE_MACROPHAGE_IN_TUMOR_CORE,PAPILLARY,0.004903217091554648
blca,shared_core62_v1,3,CELL_DENSITY_MACROPHAGE_IN_TUMOR_CORE,PAPILLARY,-0.0042316170227789775
blca,shared_core62_v1,3,CELL_PERCENTAGE_GRANULOCYTE_IN_TUMOR_CORE,PAPILLARY,-0.007997688446480892
blca,shared_core62_v1,3,CELL_DENSITY_GRANULOCYTE_IN_TUMOR_CORE,PAPILLARY,-0.004335081208549035
blca,shared_core62_v1,3,CELL_PERCENTAGE_PLASMA_CELL_IN_TUMOR_CORE,PAPILLARY,0.002766828905498941
blca,shared_core62_v1,3,CELL_DENSITY_PLASMA_CELL_IN_TUMOR_CORE,PAPILLARY,-0.006776606757646085
blca,shared_core62_v1,3,CELL_PERCENTAGE_FIBROBLAST_IN_TUMOR_CORE,PAPILLARY,-0.019664897053832623
blca,shared_core62_v1,3,CELL_DENSITY_FIBROBLAST_IN_TUMOR_CORE,PAPILLARY,-0.019629595590118926
blca,shared_core62_v1,3,CELL_PERCENTAGE_ENDOTHELIAL_CELL_IN_TUMOR_CORE,PAPILLARY,0.03512009468872895
blca,shared_core62_v1,3,CELL_DENSITY_ENDOTHELIAL_CELL_IN_TUMOR_CORE,PAPILLARY,0.030826752706489588
blca,shared_core62_v1,3,CELL_PERCENTAGE_CARCINOMA_CELL_IN_INNER_INVASIVE_MARGIN,PAPILLARY,0.04352850282533637
blca,shared_core62_v1,3,CELL_DENSITY_CARCINOMA_CELL_IN_INNER_INVASIVE_MARGIN,PAPILLARY,0.024195789875702575
blca,shared_core62_v1,3,CELL_PERCENTAGE_LYMPHOCYTE_IN_INNER_INVASIVE_MARGIN,PAPILLARY,-0.020492766010846288
blca,shared_core62_v1,3,CELL_DENSITY_LYMPHOCYTE_IN_INNER_INVASIVE_MARGIN,PAPILLARY,-0.030350004003579917
blca,shared_core62_v1,3,CELL_PERCENTAGE_MACROPHAGE_IN_INNER_INVASIVE_MARGIN,PAPILLARY,-0.016089007818475727
blca,shared_core62_v1,3,CELL_DENSITY_MACROPHAGE_IN_INNER_INVASIVE_MARGIN,PAPILLARY,-0.019507293248335573
blca,shared_core62_v1,3,CELL_PERCENTAGE_GRANULOCYTE_IN_INNER_INVASIVE_MARGIN,PAPILLARY,-0.015264484217886502
blca,shared_core62_v1,3,CELL_DENSITY_GRANULOCYTE_IN_INNER_INVASIVE_MARGIN,PAPILLARY,-0.017147457657445377
blca,shared_core62_v1,3,CELL_PERCENTAGE_PLASMA_CELL_IN_INNER_INVASIVE_MARGIN,PAPILLARY,0.007579151029124072
blca,shared_core62_v1,3,CELL_DENSITY_PLASMA_CELL_IN_INNER_INVASIVE_MARGIN,PAPILLARY,-0.02111430141395935
blca,shared_core62_v1,3,CELL_PERCENTAGE_FIBROBLAST_IN_INNER_INVASIVE_MARGIN,PAPILLARY,-0.021701737233217198
blca,shared_core62_v1,3,CELL_DENSITY_FIBROBLAST_IN_INNER_INVASIVE_MARGIN,PAPILLARY,-0.022853808593466928
blca,shared_core62_v1,3,CELL_PERCENTAGE_ENDOTHELIAL_CELL_IN_INNER_INVASIVE_MARGIN,PAPILLARY,0.029404036818315257
blca,shared_core62_v1,3,CELL_DENSITY_ENDOTHELIAL_CELL_IN_INNER_INVASIVE_MARGIN,PAPILLARY,0.021327460519766573
blca,shared_core62_v1,3,RATIO_OF_LYMPHOCYTES_AROUND_CARCINOMA_CELL_IN_WHOLE_TUMOR_REGION_20,PAPILLARY,-0.0012062961207166699
blca,shared_core62_v1,3,AVG_MIN_DISTANCE_OF_LYMPHOCYTES_AROUND_CARCINOMA_CELL_IN_WHOLE_TUMOR_REGION_20,PAPILLARY,-0.008596533646186448
blca,shared_core62_v1,3,RATIO_OF_LYMPHOCYTES_AROUND_CARCINOMA_CELL_IN_WHOLE_TUMOR_REGION_40,PAPILLARY,-0.007505297674926696
blca,shared_core62_v1,3,AVG_MIN_DISTANCE_OF_LYMPHOCYTES_AROUND_CARCINOMA_CELL_IN_WHOLE_TUMOR_REGION_40,PAPILLARY,-0.004928378365194711
blca,shared_core62_v1,3,RATIO_OF_MACROPHAGES_AROUND_CARCINOMA_CELL_IN_WHOLE_TUMOR_REGION_20,PAPILLARY,0.005777397720720191
blca,shared_core62_v1,3,AVG_MIN_DISTANCE_OF_MACROPHAGES_AROUND_CARCINOMA_CELL_IN_WHOLE_TUMOR_REGION_20,PAPILLARY,0.009531799004821713
blca,shared_core62_v1,3,RATIO_OF_MACROPHAGES_AROUND_CARCINOMA_CELL_IN_WHOLE_TUMOR_REGION_40,PAPILLARY,-0.001906933708059204
blca,shared_core62_v1,3,AVG_MIN_DISTANCE_OF_MACROPHAGES_AROUND_CARCINOMA_CELL_IN_WHOLE_TUMOR_REGION_40,PAPILLARY,-0.004323217825027523
blca,shared_core62_v1,3,RATIO_OF_FIBROBLASTS_AROUND_CARCINOMA_CELL_IN_WHOLE_TUMOR_REGION_20,PAPILLARY,-0.011627748877618473
blca,shared_core62_v1,3,AVG_MIN_DISTANCE_OF_FIBROBLASTS_AROUND_CARCINOMA_CELL_IN_WHOLE_TUMOR_REGION_20,PAPILLARY,0.01084920346626133
blca,shared_core62_v1,3,RATIO_OF_FIBROBLASTS_AROUND_CARCINOMA_CELL_IN_WHOLE_TUMOR_REGION_40,PAPILLARY,-0.01475872485882448
blca,shared_core62_v1,3,AVG_MIN_DISTANCE_OF_FIBROBLASTS_AROUND_CARCINOMA_CELL_IN_WHOLE_TUMOR_REGION_40,PAPILLARY,0.013570047024453493
blca,shared_core62_v1,3,RATIO_OF_PLASMA_CELLS_AROUND_CARCINOMA_CELL_IN_WHOLE_TUMOR_REGION_20,PAPILLARY,-0.005524403209417411
blca,shared_core62_v1,3,AVG_MIN_DISTANCE_OF_PLASMA_CELLS_AROUND_CARCINOMA_CELL_IN_WHOLE_TUMOR_REGION_20,PAPILLARY,-0.009361405037732319
blca,shared_core62_v1,3,RATIO_OF_PLASMA_CELLS_AROUND_CARCINOMA_CELL_IN_WHOLE_TUMOR_REGION_40,PAPILLARY,-0.0033660805466684107
blca,shared_core62_v1,3,AVG_MIN_DISTANCE_OF_PLASMA_CELLS_AROUND_CARCINOMA_CELL_IN_WHOLE_TUMOR_REGION_40,PAPILLARY,0.002507750047472982
blca,shared_core62_v1,3,TLS_IMMATURE_PRESENT,PAPILLARY,0.006209788286984249
blca,shared_core62_v1,3,TLS_MATURE_PRESENT,PAPILLARY,-0.007574136918289837
blca,shared_core62_v1,3,LOG1P_COUNT_TLS_IMMATURE,PAPILLARY,-0.011981983897018284
blca,shared_core62_v1,3,LOG1P_COUNT_TLS_MATURE,PAPILLARY,-0.018475183108858623
blca,shared_core62_v1,4,RELATIVE_AREA_VALID_TISSUE,PAPILLARY,0.19598545999818606
blca,shared_core62_v1,4,RELATIVE_AREA_CARCINOMA,PAPILLARY,0.21536478407949916
blca,shared_core62_v1,4,RELATIVE_AREA_STROMA,PAPILLARY,0.06173110035315776
blca,shared_core62_v1,4,RELATIVE_AREA_NECROSIS,PAPILLARY,-0.8602751200184945
blca,shared_core62_v1,4,RELATIVE_AREA_EPITHELIAL_TISSUE,PAPILLARY,-0.34592565913899975
blca,shared_core62_v1,4,RELATIVE_AREA_VESSEL,PAPILLARY,0.031244284637555266
blca,shared_core62_v1,4,RELATIVE_AREA_TUMOR_CORE,PAPILLARY,0.11042455805399541
blca,shared_core62_v1,4,RELATIVE_AREA_INNER_INVASIVE_MARGIN,PAPILLARY,-0.3835392689923496
blca,shared_core62_v1,4,RELATIVE_AREA_OUTER_INVASIVE_MARGIN,PAPILLARY,1.6137720722447615
blca,shared_core62_v1,4,RELATIVE_AREA_CARCINOMA_IN_TUMOR_CORE,PAPILLARY,0.6288891541075261
blca,shared_core62_v1,4,RELATIVE_AREA_STROMA_IN_TUMOR_CORE,PAPILLARY,-0.03143523441493617
blca,shared_core62_v1,4,RELATIVE_AREA_NECROSIS_IN_TUMOR_CORE,PAPILLARY,0.6813006763387268
blca,shared_core62_v1,4,RELATIVE_AREA_STROMA_IN_INNER_INVASIVE_MARGIN,PAPILLARY,0.09494199400411522
blca,shared_core62_v1,4,RELATIVE_AREA_CARCINOMA_IN_INNER_INVASIVE_MARGIN,PAPILLARY,0.19383287779189162
blca,shared_core62_v1,4,CELL_PERCENTAGE_CARCINOMA_CELL_IN_TUMOR_CORE,PAPILLARY,0.0628200540093154
blca,shared_core62_v1,4,CELL_DENSITY_CARCINOMA_CELL_IN_TUMOR_CORE,PAPILLARY,-0.6803890039517477
blca,shared_core62_v1,4,CELL_PERCENTAGE_LYMPHOCYTE_IN_TUMOR_CORE,PAPILLARY,-0.02018934646816757
blca,shared_core62_v1,4,CELL_DENSITY_LYMPHOCYTE_IN_TUMOR_CORE,PAPILLARY,-0.9628506994663004
blca,shared_core62_v1,4,CELL_PERCENTAGE_MACROPHAGE_IN_TUMOR_CORE,PAPILLARY,0.8044374006035789
blca,shared_core62_v1,4,CELL_DENSITY_MACROPHAGE_IN_TUMOR_CORE,PAPILLARY,-1.6937797691659027
blca,shared_core62_v1,4,CELL_PERCENTAGE_GRANULOCYTE_IN_TUMOR_CORE,PAPILLARY,2.085244378319536
blca,shared_core62_v1,4,CELL_DENSITY_GRANULOCYTE_IN_TUMOR_CORE,PAPILLARY,0.01662487507987451
blca,shared_core62_v1,4,CELL_PERCENTAGE_PLASMA_CELL_IN_TUMOR_CORE,PAPILLARY,-0.45409899543189575
blca,shared_core62_v1,4,CELL_DENSITY_PLASMA_CELL_IN_TUMOR_CORE,PAPILLARY,-1.374908743690411
blca,shared_core62_v1,4,CELL_PERCENTAGE_FIBROBLAST_IN_TUMOR_CORE,PAPILLARY,0.5334061239994233
blca,shared_core62_v1,4,CELL_DENSITY_FIBROBLAST_IN_TUMOR_CORE,PAPILLARY,-0.5150505639804455
blca,shared_core62_v1,4,CELL_PERCENTAGE_ENDOTHELIAL_CELL_IN_TUMOR_CORE,PAPILLARY,0.7894070386156865
blca,shared_core62_v1,4,CELL_DENSITY_ENDOTHELIAL_CELL_IN_TUMOR_CORE,PAPILLARY,1.2503794584817636
blca,shared_core62_v1,4,CELL_PERCENTAGE_CARCINOMA_CELL_IN_INNER_INVASIVE_MARGIN,PAPILLARY,0.34955255854086237
blca,shared_core62_v1,4,CELL_DENSITY_CARCINOMA_CELL_IN_INNER_INVASIVE_MARGIN,PAPILLARY,0.7335866418847143
blca,shared_core62_v1,4,CELL_PERCENTAGE_LYMPHOCYTE_IN_INNER_INVASIVE_MARGIN,PAPILLARY,-0.26148979034274505
blca,shared_core62_v1,4,CELL_DENSITY_LYMPHOCYTE_IN_INNER_INVASIVE_MARGIN,PAPILLARY,0.7312737565640633
blca,shared_core62_v1,4,CELL_PERCENTAGE_MACROPHAGE_IN_INNER_INVASIVE_MARGIN,PAPILLARY,0.2607937249269311
blca,shared_core62_v1,4,CELL_DENSITY_MACROPHAGE_IN_INNER_INVASIVE_MARGIN,PAPILLARY,-1.1325709412406693
blca,shared_core62_v1,4,CELL_PERCENTAGE_GRANULOCYTE_IN_INNER_INVASIVE_MARGIN,PAPILLARY,0.45140232034527195
blca,shared_core62_v1,4,CELL_DENSITY_GRANULOCYTE_IN_INNER_INVASIVE_MARGIN,PAPILLARY,-0.22953032446882526
blca,shared_core62_v1,4,CELL_PERCENTAGE_PLASMA_CELL_IN_INNER_INVASIVE_MARGIN,PAPILLARY,0.635561881484988
blca,shared_core62_v1,4,CELL_DENSITY_PLASMA_CELL_IN_INNER_INVASIVE_MARGIN,PAPILLARY,1.5438925531793455
blca,shared_core62_v1,4,CELL_PERCENTAGE_FIBROBLAST_IN_INNER_INVASIVE_MARGIN,PAPILLARY,0.21582430823283352
blca,shared_core62_v1,4,CELL_DENSITY_FIBROBLAST_IN_INNER_INVASIVE_MARGIN,PAPILLARY,1.1956680521650258
blca,shared_core62_v1,4,CELL_PERCENTAGE_ENDOTHELIAL_CELL_IN_INNER_INVASIVE_MARGIN,PAPILLARY,-0.7915213515352115
blca,shared_core62_v1,4,CELL_DENSITY_ENDOTHELIAL_CELL_IN_INNER_INVASIVE_MARGIN,PAPILLARY,0.681406701337375
blca,shared_core62_v1,4,RATIO_OF_LYMPHOCYTES_AROUND_CARCINOMA_CELL_IN_WHOLE_TUMOR_REGION_20,PAPILLARY,0.043241196479351526
blca,shared_core62_v1,4,AVG_MIN_DISTANCE_OF_LYMPHOCYTES_AROUND_CARCINOMA_CELL_IN_WHOLE_TUMOR_REGION_20,PAPILLARY,0.6591078680078797
blca,shared_core62_v1,4,RATIO_OF_LYMPHOCYTES_AROUND_CARCINOMA_CELL_IN_WHOLE_TUMOR_REGION_40,PAPILLARY,-0.21387700017756092
blca,shared_core62_v1,4,AVG_MIN_DISTANCE_OF_LYMPHOCYTES_AROUND_CARCINOMA_CELL_IN_WHOLE_TUMOR_REGION_40,PAPILLARY,0.5087505732828098
blca,shared_core62_v1,4,RATIO_OF_MACROPHAGES_AROUND_CARCINOMA_CELL_IN_WHOLE_TUMOR_REGION_20,PAPILLARY,0.8348036949601338
blca,shared_core62_v1,4,AVG_MIN_DISTANCE_OF_MACROPHAGES_AROUND_CARCINOMA_CELL_IN_WHOLE_TUMOR_REGION_20,PAPILLARY,-0.3004442288121416
blca,shared_core62_v1,4,RATIO_OF_MACROPHAGES_AROUND_CARCINOMA_CELL_IN_WHOLE_TUMOR_REGION_40,PAPILLARY,1.2569429995734214
blca,shared_core62_v1,4,AVG_MIN_DISTANCE_OF_MACROPHAGES_AROUND_CARCINOMA_CELL_IN_WHOLE_TUMOR_REGION_40,PAPILLARY,0.8366998452515528
blca,shared_core62_v1,4,RATIO_OF_FIBROBLASTS_AROUND_CARCINOMA_CELL_IN_WHOLE_TUMOR_REGION_20,PAPILLARY,0.045352268554424216
blca,shared_core62_v1,4,AVG_MIN_DISTANCE_OF_FIBROBLASTS_AROUND_CARCINOMA_CELL_IN_WHOLE_TUMOR_REGION_20,PAPILLARY,-1.4859110923772607
blca,shared_core62_v1,4,RATIO_OF_FIBROBLASTS_AROUND_CARCINOMA_CELL_IN_WHOLE_TUMOR_REGION_40,PAPILLARY,0.03821993152430512
blca,shared_core62_v1,4,AVG_MIN_DISTANCE_OF_FIBROBLASTS_AROUND_CARCINOMA_CELL_IN_WHOLE_TUMOR_REGION_40,PAPILLARY,1.173128779167478
blca,shared_core62_v1,4,RATIO_OF_PLASMA_CELLS_AROUND_CARCINOMA_CELL_IN_WHOLE_TUMOR_REGION_20,PAPILLARY,0.5056206201470408
blca,shared_core62_v1,4,AVG_MIN_DISTANCE_OF_PLASMA_CELLS_AROUND_CARCINOMA_CELL_IN_WHOLE_TUMOR_REGION_20,PAPILLARY,0.98845930958674
blca,shared_core62_v1,4,RATIO_OF_PLASMA_CELLS_AROUND_CARCINOMA_CELL_IN_WHOLE_TUMOR_REGION_40,PAPILLARY,0.9414523482820059
blca,shared_core62_v1,4,AVG_MIN_DISTANCE_OF_PLASMA_CELLS_AROUND_CARCINOMA_CELL_IN_WHOLE_TUMOR_REGION_40,PAPILLARY,0.4534849949687483
blca,shared_core62_v1,4,TLS_IMMATURE_PRESENT,PAPILLARY,-0.7219698168484633
blca,shared_core62_v1,4,TLS_MATURE_PRESENT,PAPILLARY,-0.05004981151770445
blca,shared_core62_v1,4,LOG1P_COUNT_TLS_IMMATURE,PAPILLARY,-0.6820519483012856
blca,shared_core62_v1,4,LOG1P_COUNT_TLS_MATURE,PAPILLARY,0.8035456001422716
brca,brca_morph64_v1,0,RELATIVE_AREA_CARCINOMA,ILC,-0.002056725709416765
brca,brca_morph64_v1,0,RELATIVE_AREA_STROMA,ILC,-0.0016319522435272872
brca,brca_morph64_v1,0,RELATIVE_AREA_EPITHELIAL_TISSUE,ILC,0.004582729600212499
brca,brca_morph64_v1,0,RELATIVE_AREA_NECROSIS,ILC,-0.00462086276125997
brca,brca_morph64_v1,0,RELATIVE_AREA_VESSEL,ILC,-0.000578114693302185
brca,brca_morph64_v1,0,AVG_ECCENTRICITY_CARCINOMA,ILC,-0.0022277683149772845
brca,brca_morph64_v1,0,AVG_SOLIDICITY_CARCINOMA,ILC,-0.0014022613899138362
brca,brca_morph64_v1,0,LARGEST_ROUNDNESS_CARCINOMA,ILC,0.002445125227506254
brca,brca_morph64_v1,0,REGIONS_PER_MM2_VALID_TISSUE_CARCINOMA,ILC,0.003491030927933097
brca,brca_morph64_v1,0,AVG_ECCENTRICITY_STROMA,ILC,-0.004259595202612783
brca,brca_morph64_v1,0,AVG_SOLIDICITY_STROMA,ILC,0.004270123377244642
brca,brca_morph64_v1,0,LARGEST_ROUNDNESS_STROMA,ILC,0.00022826023239084188
brca,brca_morph64_v1,0,REGIONS_PER_MM2_VALID_TISSUE_STROMA,ILC,0.003911053632883004
brca,brca_morph64_v1,0,RELATIVE_AREA_TUMOR_CORE,ILC,-0.0013396727601840944
brca,brca_morph64_v1,0,RELATIVE_AREA_INNER_INVASIVE_MARGIN,ILC,0.0005566837602314478
brca,brca_morph64_v1,0,RELATIVE_AREA_OUTER_INVASIVE_MARGIN,ILC,0.0041473067392184286
brca,brca_morph64_v1,0,RELATIVE_AREA_CARCINOMA_IN_TUMOR_CORE,ILC,0.0006378403443961991
brca,brca_morph64_v1,0,RELATIVE_AREA_STROMA_IN_TUMOR_CORE,ILC,-0.0005310817598869086
brca,brca_morph64_v1,0,RELATIVE_AREA_EPITHELIAL_TISSUE_IN_TUMOR_CORE,ILC,0.006520481725829295
brca,brca_morph64_v1,0,RELATIVE_AREA_NECROSIS_IN_TUMOR_CORE,ILC,-0.0034062261670846495
brca,brca_morph64_v1,0,RELATIVE_AREA_CARCINOMA_IN_INNER_INVASIVE_MARGIN,ILC,0.0009982971961848813
brca,brca_morph64_v1,0,RELATIVE_AREA_STROMA_IN_INNER_INVASIVE_MARGIN,ILC,0.0002739702272246262
brca,brca_morph64_v1,0,RELATIVE_AREA_EPITHELIAL_TISSUE_IN_INNER_INVASIVE_MARGIN,ILC,0.005990429781974049
brca,brca_morph64_v1,0,RELATIVE_AREA_NECROSIS_IN_INNER_INVASIVE_MARGIN,ILC,-0.0020926703745792175
brca,brca_morph64_v1,0,CELL_PERCENTAGE_CARCINOMA_CELL_IN_TUMOR_CORE,ILC,-0.003389267798293344
brca,brca_morph64_v1,0,CELL_DENSITY_CARCINOMA_CELL_IN_TUMOR_CORE,ILC,-0.0037738777891948
brca,brca_morph64_v1,0,CELL_PERCENTAGE_LYMPHOCYTE_IN_TUMOR_CORE,ILC,0.003414316809250805
brca,brca_morph64_v1,0,CELL_DENSITY_LYMPHOCYTE_IN_TUMOR_CORE,ILC,-0.0013651127830238566
brca,brca_morph64_v1,0,CELL_PERCENTAGE_MACROPHAGE_IN_TUMOR_CORE,ILC,-0.005890311187264635
brca,brca_morph64_v1,0,CELL_DENSITY_MACROPHAGE_IN_TUMOR_CORE,ILC,-0.0075896114370752315
brca,brca_morph64_v1,0,CELL_PERCENTAGE_GRANULOCYTE_IN_TUMOR_CORE,ILC,-0.0038134498248156242
brca,brca_morph64_v1,0,CELL_DENSITY_GRANULOCYTE_IN_TUMOR_CORE,ILC,-0.005191938023769739
brca,brca_morph64_v1,0,CELL_PERCENTAGE_PLASMA_CELL_IN_TUMOR_CORE,ILC,-0.0003732301653214199
brca,brca_morph64_v1,0,CELL_DENSITY_PLASMA_CELL_IN_TUMOR_CORE,ILC,-0.0006750335273662013
brca,brca_morph64_v1,0,CELL_PERCENTAGE_FIBROBLAST_IN_TUMOR_CORE,ILC,-0.005888277885734549
brca,brca_morph64_v1,0,CELL_DENSITY_FIBROBLAST_IN_TUMOR_CORE,ILC,-0.004965182871812499
brca,brca_morph64_v1,0,CELL_PERCENTAGE_ENDOTHELIAL_CELL_IN_TUMOR_CORE,ILC,0.0034567166670847857
brca,brca_morph64_v1,0,CELL_DENSITY_ENDOTHELIAL_CELL_IN_TUMOR_CORE,ILC,-0.0008347884257130261
brca,brca_morph64_v1,0,CELL_PERCENTAGE_CARCINOMA_CELL_IN_INNER_INVASIVE_MARGIN,ILC,-0.0038598819521578746
brca,brca_morph64_v1,0,CELL_DENSITY_CARCINOMA_CELL_IN_INNER_INVASIVE_MARGIN,ILC,-0.004650867287920166
brca,brca_morph64_v1,0,CELL_PERCENTAGE_LYMPHOCYTE_IN_INNER_INVASIVE_MARGIN,ILC,0.002922758623220804
brca,brca_morph64_v1,0,CELL_DENSITY_LYMPHOCYTE_IN_INNER_INVASIVE_MARGIN,ILC,0.0008185311845683329
brca,brca_morph64_v1,0,CELL_PERCENTAGE_MACROPHAGE_IN_INNER_INVASIVE_MARGIN,ILC,-0.006836807718409686
brca,brca_morph64_v1,0,CELL_DENSITY_MACROPHAGE_IN_INNER_INVASIVE_MARGIN,ILC,-0.007409655239662986
brca,brca_morph64_v1,0,CELL_PERCENTAGE_GRANULOCYTE_IN_INNER_INVASIVE_MARGIN,ILC,-0.002877980916271457
brca,brca_morph64_v1,0,CELL_DENSITY_GRANULOCYTE_IN_INNER_INVASIVE_MARGIN,ILC,-0.004661226938031134
brca,brca_morph64_v1,0,CELL_PERCENTAGE_PLASMA_CELL_IN_INNER_INVASIVE_MARGIN,ILC,-0.0008042343694692599
brca,brca_morph64_v1,0,CELL_DENSITY_PLASMA_CELL_IN_INNER_INVASIVE_MARGIN,ILC,0.0006616812445255582
brca,brca_morph64_v1,0,CELL_PERCENTAGE_FIBROBLAST_IN_INNER_INVASIVE_MARGIN,ILC,-0.00246647082231228
brca,brca_morph64_v1,0,CELL_DENSITY_FIBROBLAST_IN_INNER_INVASIVE_MARGIN,ILC,-0.003636829573686013
brca,brca_morph64_v1,0,CELL_PERCENTAGE_ENDOTHELIAL_CELL_IN_INNER_INVASIVE_MARGIN,ILC,0.0024326217948676663
brca,brca_morph64_v1,0,CELL_DENSITY_ENDOTHELIAL_CELL_IN_INNER_INVASIVE_MARGIN,ILC,-0.0007526453579810006
brca,brca_morph64_v1,0,RATIO_OF_FIBROBLASTS_AROUND_CARCINOMA_CELL_IN_WHOLE_TUMOR_REGION_20,ILC,-0.0024444308208749718
brca,brca_morph64_v1,0,AVG_MIN_DISTANCE_OF_FIBROBLASTS_AROUND_CARCINOMA_CELL_IN_WHOLE_TUMOR_REGION_20,ILC,-0.004714514711750682
brca,brca_morph64_v1,0,RATIO_OF_FIBROBLASTS_AROUND_CARCINOMA_CELL_IN_WHOLE_TUMOR_REGION_40,ILC,-0.00358110847516263
brca,brca_morph64_v1,0,AVG_MIN_DISTANCE_OF_FIBROBLASTS_AROUND_CARCINOMA_CELL_IN_WHOLE_TUMOR_REGION_40,ILC,-0.0009192401787997958
brca,brca_morph64_v1,0,RATIO_OF_LYMPHOCYTES_AROUND_CARCINOMA_CELL_IN_WHOLE_TUMOR_REGION_20,ILC,0.005164821527752022
brca,brca_morph64_v1,0,AVG_MIN_DISTANCE_OF_LYMPHOCYTES_AROUND_CARCINOMA_CELL_IN_WHOLE_TUMOR_REGION_20,ILC,-0.0064748136222670906
brca,brca_morph64_v1,0,RATIO_OF_LYMPHOCYTES_AROUND_CARCINOMA_CELL_IN_WHOLE_TUMOR_REGION_40,ILC,0.004003208943219055
brca,brca_morph64_v1,0,AVG_MIN_DISTANCE_OF_LYMPHOCYTES_AROUND_CARCINOMA_CELL_IN_WHOLE_TUMOR_REGION_40,ILC,-0.006130840676786797
brca,brca_morph64_v1,0,RATIO_OF_MACROPHAGES_AROUND_CARCINOMA_CELL_IN_WHOLE_TUMOR_REGION_20,ILC,-0.004663282097401035
brca,brca_morph64_v1,0,AVG_MIN_DISTANCE_OF_MACROPHAGES_AROUND_CARCINOMA_CELL_IN_WHOLE_TUMOR_REGION_20,ILC,-0.006130527511682885
brca,brca_morph64_v1,0,RATIO_OF_MACROPHAGES_AROUND_CARCINOMA_CELL_IN_WHOLE_TUMOR_REGION_40,ILC,-0.005841996964246049
brca,brca_morph64_v1,0,AVG_MIN_DISTANCE_OF_MACROPHAGES_AROUND_CARCINOMA_CELL_IN_WHOLE_TUMOR_REGION_40,ILC,-0.0015556790532870672
brca,brca_morph64_v1,1,RELATIVE_AREA_CARCINOMA,ILC,-0.09935763671345438
brca,brca_morph64_v1,1,RELATIVE_AREA_STROMA,ILC,-0.06237176259898664
brca,brca_morph64_v1,1,RELATIVE_AREA_EPITHELIAL_TISSUE,ILC,0.09228534562868483
brca,brca_morph64_v1,1,RELATIVE_AREA_NECROSIS,ILC,-0.010047218260831367
brca,brca_morph64_v1,1,RELATIVE_AREA_VESSEL,ILC,0.0953628403372065
brca,brca_morph64_v1,1,AVG_ECCENTRICITY_CARCINOMA,ILC,-0.1415111476828118
brca,brca_morph64_v1,1,AVG_SOLIDICITY_CARCINOMA,ILC,0.10278888316521598
brca,brca_morph64_v1,1,LARGEST_ROUNDNESS_CARCINOMA,ILC,-0.0063787558636453695
brca,brca_morph64_v1,1,REGIONS_PER_MM2_VALID_TISSUE_CARCINOMA,ILC,0.011998223926909482
brca,brca_morph64_v1,1,AVG_ECCENTRICITY_STROMA,ILC,-0.1512700436054078
brca,brca_morph64_v1,1,AVG_SOLIDICITY_STROMA,ILC,0.13557359553529266
brca,brca_morph64_v1,1,LARGEST_ROUNDNESS_STROMA,ILC,0.11359287324114661
brca,brca_morph64_v1,1,REGIONS_PER_MM2_VALID_TISSUE_STROMA,ILC,0.03854635506019445
brca,brca_morph64_v1,1,RELATIVE_AREA_TUMOR_CORE,ILC,-0.20810732415025152
brca,brca_morph64_v1,1,RELATIVE_AREA_INNER_INVASIVE_MARGIN,ILC,-0.06490049420787085
brca,brca_morph64_v1,1,RELATIVE_AREA_OUTER_INVASIVE_MARGIN,ILC,0.1587219195706515
brca,brca_morph64_v1,1,RELATIVE_AREA_CARCINOMA_IN_TUMOR_CORE,ILC,-0.08801644102911337
brca,brca_morph64_v1,1,RELATIVE_AREA_STROMA_IN_TUMOR_CORE,ILC,-0.08263584349150235
brca,brca_morph64_v1,1,RELATIVE_AREA_EPITHELIAL_TISSUE_IN_TUMOR_CORE,ILC,0.1651019299591943
brca,brca_morph64_v1,1,RELATIVE_AREA_NECROSIS_IN_TUMOR_CORE,ILC,-0.041449297290490315
brca,brca_morph64_v1,1,RELATIVE_AREA_CARCINOMA_IN_INNER_INVASIVE_MARGIN,ILC,-0.05375253045919842
brca,brca_morph64_v1,1,RELATIVE_AREA_STROMA_IN_INNER_INVASIVE_MARGIN,ILC,-0.024011916908819896
brca,brca_morph64_v1,1,RELATIVE_AREA_EPITHELIAL_TISSUE_IN_INNER_INVASIVE_MARGIN,ILC,0.042696914404437444
brca,brca_morph64_v1,1,RELATIVE_AREA_NECROSIS_IN_INNER_INVASIVE_MARGIN,ILC,-0.010881228838477626
brca,brca_morph64_v1,1,CELL_PERCENTAGE_CARCINOMA_CELL_IN_TUMOR_CORE,ILC,-0.10445984043922368
brca,brca_morph64_v1,1,CELL_DENSITY_CARCINOMA_CELL_IN_TUMOR_CORE,ILC,-0.10258845532318944
brca,brca_morph64_v1,1,CELL_PERCENTAGE_LYMPHOCYTE_IN_TUMOR_CORE,ILC,0.11443408552341466
brca,brca_morph64_v1,1,CELL_DENSITY_LYMPHOCYTE_IN_TUMOR_CORE,ILC,-0.0163077368910705
brca,brca_morph64_v1,1,CELL_PERCENTAGE_MACROPHAGE_IN_TUMOR_CORE,ILC,-0.017415902013743153
brca,brca_morph64_v1,1,CELL_DENSITY_MACROPHAGE_IN_TUMOR_CORE,ILC,-0.13199226547409823
brca,brca_morph64_v1,1,CELL_PERCENTAGE_GRANULOCYTE_IN_TUMOR_CORE,ILC,0.24311870904486602
brca,brca_morph64_v1,1,CELL_DENSITY_GRANULOCYTE_IN_TUMOR_CORE,ILC,0.0468713900665435
brca,brca_morph64_v1,1,CELL_PERCENTAGE_PLASMA_CELL_IN_TUMOR_CORE,ILC,-0.06016683638854936
brca,brca_morph64_v1,1,CELL_DENSITY_PLASMA_CELL_IN_TUMOR_CORE,ILC,-0.07763771773459312
brca,brca_morph64_v1,1,CELL_PERCENTAGE_FIBROBLAST_IN_TUMOR_CORE,ILC,0.023933622833472338
brca,brca_morph64_v1,1,CELL_DENSITY_FIBROBLAST_IN_TUMOR_CORE,ILC,-0.08556834770876624
brca,brca_morph64_v1,1,CELL_PERCENTAGE_ENDOTHELIAL_CELL_IN_TUMOR_CORE,ILC,0.1282169608799336
brca,brca_morph64_v1,1,CELL_DENSITY_ENDOTHELIAL_CELL_IN_TUMOR_CORE,ILC,-0.03322930082532188
brca,brca_morph64_v1,1,CELL_PERCENTAGE_CARCINOMA_CELL_IN_INNER_INVASIVE_MARGIN,ILC,0.00783153478097034
brca,brca_morph64_v1,1,CELL_DENSITY_CARCINOMA_CELL_IN_INNER_INVASIVE_MARGIN,ILC,-0.17230310512438188
brca,brca_morph64_v1,1,CELL_PERCENTAGE_LYMPHOCYTE_IN_INNER_INVASIVE_MARGIN,ILC,0.04686619938073832
brca,brca_morph64_v1,1,CELL_DENSITY_LYMPHOCYTE_IN_INNER_INVASIVE_MARGIN,ILC,-0.049588997842320695
brca,brca_morph64_v1,1,CELL_PERCENTAGE_MACROPHAGE_IN_INNER_INVASIVE_MARGIN,ILC,-0.06784500387658618
brca,brca_morph64_v1,1,CELL_DENSITY_MACROPHAGE_IN_INNER_INVASIVE_MARGIN,ILC,-0.1676356213371648
brca,brca_morph64_v1,1,CELL_PERCENTAGE_GRANULOCYTE_IN_INNER_INVASIVE_MARGIN,ILC,0.11261167984885391
brca,brca_morph64_v1,1,CELL_DENSITY_GRANULOCYTE_IN_INNER_INVASIVE_MARGIN,ILC,-0.017419515548679657
brca,brca_morph64_v1,1,CELL_PERCENTAGE_PLASMA_CELL_IN_INNER_INVASIVE_MARGIN,ILC,-0.09754494366265942
brca,brca_morph64_v1,1,CELL_DENSITY_PLASMA_CELL_IN_INNER_INVASIVE_MARGIN,ILC,-0.14744487770060588
brca,brca_morph64_v1,1,CELL_PERCENTAGE_FIBROBLAST_IN_INNER_INVASIVE_MARGIN,ILC,-0.024754381963535556
brca,brca_morph64_v1,1,CELL_DENSITY_FIBROBLAST_IN_INNER_INVASIVE_MARGIN,ILC,-0.08654705630254894
brca,brca_morph64_v1,1,CELL_PERCENTAGE_ENDOTHELIAL_CELL_IN_INNER_INVASIVE_MARGIN,ILC,0.04411069163188858
brca,brca_morph64_v1,1,CELL_DENSITY_ENDOTHELIAL_CELL_IN_INNER_INVASIVE_MARGIN,ILC,-0.014156743533952893
brca,brca_morph64_v1,1,RATIO_OF_FIBROBLASTS_AROUND_CARCINOMA_CELL_IN_WHOLE_TUMOR_REGION_20,ILC,0.07066909105573324
brca,brca_morph64_v1,1,AVG_MIN_DISTANCE_OF_FIBROBLASTS_AROUND_CARCINOMA_CELL_IN_WHOLE_TUMOR_REGION_20,ILC,-0.07228170555917662
brca,brca_morph64_v1,1,RATIO_OF_FIBROBLASTS_AROUND_CARCINOMA_CELL_IN_WHOLE_TUMOR_REGION_40,ILC,0.06591693239027599
brca,brca_morph64_v1,1,AVG_MIN_DISTANCE_OF_FIBROBLASTS_AROUND_CARCINOMA_CELL_IN_WHOLE_TUMOR_REGION_40,ILC,0.03535146611137443
brca,brca_morph64_v1,1,RATIO_OF_LYMPHOCYTES_AROUND_CARCINOMA_CELL_IN_WHOLE_TUMOR_REGION_20,ILC,0.14962658871554793
brca,brca_morph64_v1,1,AVG_MIN_DISTANCE_OF_LYMPHOCYTES_AROUND_CARCINOMA_CELL_IN_WHOLE_TUMOR_REGION_20,ILC,-0.14254539468327437
brca,brca_morph64_v1,1,RATIO_OF_LYMPHOCYTES_AROUND_CARCINOMA_CELL_IN_WHOLE_TUMOR_REGION_40,ILC,0.12464170390307966
brca,brca_morph64_v1,1,AVG_MIN_DISTANCE_OF_LYMPHOCYTES_AROUND_CARCINOMA_CELL_IN_WHOLE_TUMOR_REGION_40,ILC,-0.1428442520601515
brca,brca_morph64_v1,1,RATIO_OF_MACROPHAGES_AROUND_CARCINOMA_CELL_IN_WHOLE_TUMOR_REGION_20,ILC,-0.03688588866247023
brca,brca_morph64_v1,1,AVG_MIN_DISTANCE_OF_MACROPHAGES_AROUND_CARCINOMA_CELL_IN_WHOLE_TUMOR_REGION_20,ILC,-0.17241004944084914
brca,brca_morph64_v1,1,RATIO_OF_MACROPHAGES_AROUND_CARCINOMA_CELL_IN_WHOLE_TUMOR_REGION_40,ILC,-0.023069483475738492
brca,brca_morph64_v1,1,AVG_MIN_DISTANCE_OF_MACROPHAGES_AROUND_CARCINOMA_CELL_IN_WHOLE_TUMOR_REGION_40,ILC,-0.0019926674062184222
brca,brca_morph64_v1,2,RELATIVE_AREA_CARCINOMA,ILC,-0.006101112956239152
brca,brca_morph64_v1,2,RELATIVE_AREA_STROMA,ILC,0.004356058690461128
brca,brca_morph64_v1,2,RELATIVE_AREA_EPITHELIAL_TISSUE,ILC,0.0017379747849604313
brca,brca_morph64_v1,2,RELATIVE_AREA_NECROSIS,ILC,-0.004641885683346064
brca,brca_morph64_v1,2,RELATIVE_AREA_VESSEL,ILC,0.004947713248222278
brca,brca_morph64_v1,2,AVG_ECCENTRICITY_CARCINOMA,ILC,-0.008848665318181539
brca,brca_morph64_v1,2,AVG_SOLIDICITY_CARCINOMA,ILC,0.006431681878065137
brca,brca_morph64_v1,2,LARGEST_ROUNDNESS_CARCINOMA,ILC,-0.001757115041125792
brca,brca_morph64_v1,2,REGIONS_PER_MM2_VALID_TISSUE_CARCINOMA,ILC,0.007373530315863282
brca,brca_morph64_v1,2,AVG_ECCENTRICITY_STROMA,ILC,-0.005995265836669324
brca,brca_morph64_v1,2,AVG_SOLIDICITY_STROMA,ILC,0.005191699465528031
brca,brca_morph64_v1,2,LARGEST_ROUNDNESS_STROMA,ILC,0.004666450024934586
brca,brca_morph64_v1,2,REGIONS_PER_MM2_VALID_TISSUE_STROMA,ILC,0.00022682804564498995
brca,brca_morph64_v1,2,RELATIVE_AREA_TUMOR_CORE,ILC,-0.0001307325088008163
brca,brca_morph64_v1,2,RELATIVE_AREA_INNER_INVASIVE_MARGIN,ILC,-0.002775093266811614
brca,brca_morph64_v1,2,RELATIVE_AREA_OUTER_INVASIVE_MARGIN,ILC,0.004607082133220266
brca,brca_morph64_v1,2,RELATIVE_AREA_CARCINOMA_IN_TUMOR_CORE,ILC,-0.001204078536096094
brca,brca_morph64_v1,2,RELATIVE_AREA_STROMA_IN_TUMOR_CORE,ILC,0.004199295860960883
brca,brca_morph64_v1,2,RELATIVE_AREA_EPITHELIAL_TISSUE_IN_TUMOR_CORE,ILC,0.004423974670180745
brca,brca_morph64_v1,2,RELATIVE_AREA_NECROSIS_IN_TUMOR_CORE,ILC,-0.004507815128691346
brca,brca_morph64_v1,2,RELATIVE_AREA_CARCINOMA_IN_INNER_INVASIVE_MARGIN,ILC,-0.0032855033539511695
brca,brca_morph64_v1,2,RELATIVE_AREA_STROMA_IN_INNER_INVASIVE_MARGIN,ILC,0.002448683807254952
brca,brca_morph64_v1,2,RELATIVE_AREA_EPITHELIAL_TISSUE_IN_INNER_INVASIVE_MARGIN,ILC,0.004409743766396246
brca,brca_morph64_v1,2,RELATIVE_AREA_NECROSIS_IN_INNER_INVASIVE_MARGIN,ILC,-0.0045649448580064676
brca,brca_morph64_v1,2,CELL_PERCENTAGE_CARCINOMA_CELL_IN_TUMOR_CORE,ILC,-0.0043915832008621005
brca,brca_morph64_v1,2,CELL_DENSITY_CARCINOMA_CELL_IN_TUMOR_CORE,ILC,-0.007115280621935423
brca,brca_morph64_v1,2,CELL_PERCENTAGE_LYMPHOCYTE_IN_TUMOR_CORE,ILC,-0.0008091781400021605
brca,brca_morph64_v1,2,CELL_DENSITY_LYMPHOCYTE_IN_TUMOR_CORE,ILC,-0.002258854961573286
brca,brca_morph64_v1,2,CELL_PERCENTAGE_MACROPHAGE_IN_TUMOR_CORE,ILC,-0.004350022401481614
brca,brca_morph64_v1,2,CELL_DENSITY_MACROPHAGE_IN_TUMOR_CORE,ILC,-0.0070066731564629855
brca,brca_morph64_v1,2,CELL_PERCENTAGE_GRANULOCYTE_IN_TUMOR_CORE,ILC,-0.0014146384936458106
brca,brca_morph64_v1,2,CELL_DENSITY_GRANULOCYTE_IN_TUMOR_CORE,ILC,-0.0065745799032688925
brca,brca_morph64_v1,2,CELL_PERCENTAGE_PLASMA_CELL_IN_TUMOR_CORE,ILC,-0.0034701906569845897
brca,brca_morph64_v1,2,CELL_DENSITY_PLASMA_CELL_IN_TUMOR_CORE,ILC,-0.00225046683771447
brca,brca_morph64_v1,2,CELL_PERCENTAGE_FIBROBLAST_IN_TUMOR_CORE,ILC,0.004877719829529566
brca,brca_morph64_v1,2,CELL_DENSITY_FIBROBLAST_IN_TUMOR_CORE,ILC,-0.0014942903710500474
brca,brca_morph64_v1,2,CELL_PERCENTAGE_ENDOTHELIAL_CELL_IN_TUMOR_CORE,ILC,0.007137860003533303
brca,brca_morph64_v1,2,CELL_DENSITY_ENDOTHELIAL_CELL_IN_TUMOR_CORE,ILC,0.004691131575268504
brca,brca_morph64_v1,2,CELL_PERCENTAGE_CARCINOMA_CELL_IN_INNER_INVASIVE_MARGIN,ILC,-0.0019403840454876016
brca,brca_morph64_v1,2,CELL_DENSITY_CARCINOMA_CELL_IN_INNER_INVASIVE_MARGIN,ILC,-0.006155222848054228
brca,brca_morph64_v1,2,CELL_PERCENTAGE_LYMPHOCYTE_IN_INNER_INVASIVE_MARGIN,ILC,-0.004896190605421638
brca,brca_morph64_v1,2,CELL_DENSITY_LYMPHOCYTE_IN_INNER_INVASIVE_MARGIN,ILC,-0.00739305825106153
brca,brca_morph64_v1,2,CELL_PERCENTAGE_MACROPHAGE_IN_INNER_INVASIVE_MARGIN,ILC,-0.005851450096325427
brca,brca_morph64_v1,2,CELL_DENSITY_MACROPHAGE_IN_INNER_INVASIVE_MARGIN,ILC,-0.008819812354089619
brca,brca_morph64_v1,2,CELL_PERCENTAGE_GRANULOCYTE_IN_INNER_INVASIVE_MARGIN,ILC,-0.004059074392612324
brca,brca_morph64_v1,2,CELL_DENSITY_GRANULOCYTE_IN_INNER_INVASIVE_MARGIN,ILC,-0.008532101283420876
brca,brca_morph64_v1,2,CELL_PERCENTAGE_PLASMA_CELL_IN_INNER_INVASIVE_MARGIN,ILC,-0.0042304419151652384
brca,brca_morph64_v1,2,CELL_DENSITY_PLASMA_CELL_IN_INNER_INVASIVE_MARGIN,ILC,-0.005280150893201598
brca,brca_morph64_v1,2,CELL_PERCENTAGE_FIBROBLAST_IN_INNER_INVASIVE_MARGIN,ILC,0.005413246899937102
brca,brca_morph64_v1,2,CELL_DENSITY_FIBROBLAST_IN_INNER_INVASIVE_MARGIN,ILC,-0.0019481393029661873
brca,brca_morph64_v1,2,CELL_PERCENTAGE_ENDOTHELIAL_CELL_IN_INNER_INVASIVE_MARGIN,ILC,0.006966424395599075
brca,brca_morph64_v1,2,CELL_DENSITY_ENDOTHELIAL_CELL_IN_INNER_INVASIVE_MARGIN,ILC,0.0011871964046850654
brca,brca_morph64_v1,2,RATIO_OF_FIBROBLASTS_AROUND_CARCINOMA_CELL_IN_WHOLE_TUMOR_REGION_20,ILC,0.0057715073249508175
brca,brca_morph64_v1,2,AVG_MIN_DISTANCE_OF_FIBROBLASTS_AROUND_CARCINOMA_CELL_IN_WHOLE_TUMOR_REGION_20,ILC,-0.00422781514296048
brca,brca_morph64_v1,2,RATIO_OF_FIBROBLASTS_AROUND_CARCINOMA_CELL_IN_WHOLE_TUMOR_REGION_40,ILC,0.004622636006156437
brca,brca_morph64_v1,2,AVG_MIN_DISTANCE_OF_FIBROBLASTS_AROUND_CARCINOMA_CELL_IN_WHOLE_TUMOR_REGION_40,ILC,-0.00356411763425848
brca,brca_morph64_v1,2,RATIO_OF_LYMPHOCYTES_AROUND_CARCINOMA_CELL_IN_WHOLE_TUMOR_REGION_20,ILC,-0.0007244469210886502
brca,brca_morph64_v1,2,AVG_MIN_DISTANCE_OF_LYMPHOCYTES_AROUND_CARCINOMA_CELL_IN_WHOLE_TUMOR_REGION_20,ILC,-0.0011533175430422826
brca,brca_morph64_v1,2,RATIO_OF_LYMPHOCYTES_AROUND_CARCINOMA_CELL_IN_WHOLE_TUMOR_REGION_40,ILC,-0.0016258170819601035
brca,brca_morph64_v1,2,AVG_MIN_DISTANCE_OF_LYMPHOCYTES_AROUND_CARCINOMA_CELL_IN_WHOLE_TUMOR_REGION_40,ILC,-0.0002512479332504048
brca,brca_morph64_v1,2,RATIO_OF_MACROPHAGES_AROUND_CARCINOMA_CELL_IN_WHOLE_TUMOR_REGION_20,ILC,-0.004506010868190721
brca,brca_morph64_v1,2,AVG_MIN_DISTANCE_OF_MACROPHAGES_AROUND_CARCINOMA_CELL_IN_WHOLE_TUMOR_REGION_20,ILC,-0.004715529708614531
brca,brca_morph64_v1,2,RATIO_OF_MACROPHAGES_AROUND_CARCINOMA_CELL_IN_WHOLE_TUMOR_REGION_40,ILC,-0.005365740558416954
brca,brca_morph64_v1,2,AVG_MIN_DISTANCE_OF_MACROPHAGES_AROUND_CARCINOMA_CELL_IN_WHOLE_TUMOR_REGION_40,ILC,0.00023673352951286025
brca,brca_morph64_v1,3,RELATIVE_AREA_CARCINOMA,ILC,-0.04496229846862936
brca,brca_morph64_v1,3,RELATIVE_AREA_STROMA,ILC,0.011564084217624148
brca,brca_morph64_v1,3,RELATIVE_AREA_EPITHELIAL_TISSUE,ILC,-0.010247891366335478
brca,brca_morph64_v1,3,RELATIVE_AREA_NECROSIS,ILC,-0.1623322254083904
brca,brca_morph64_v1,3,RELATIVE_AREA_VESSEL,ILC,0.052664160087627226
brca,brca_morph64_v1,3,AVG_ECCENTRICITY_CARCINOMA,ILC,0.1211371154800074
brca,brca_morph64_v1,3,AVG_SOLIDICITY_CARCINOMA,ILC,-0.14636571099770287
brca,brca_morph64_v1,3,LARGEST_ROUNDNESS_CARCINOMA,ILC,-0.10935257291084285
brca,brca_morph64_v1,3,REGIONS_PER_MM2_VALID_TISSUE_CARCINOMA,ILC,0.08073871481633677
brca,brca_morph64_v1,3,AVG_ECCENTRICITY_STROMA,ILC,0.0025808853069965616
brca,brca_morph64_v1,3,AVG_SOLIDICITY_STROMA,ILC,-0.1390733287172105
brca,brca_morph64_v1,3,LARGEST_ROUNDNESS_STROMA,ILC,-0.007327412446797316
brca,brca_morph64_v1,3,REGIONS_PER_MM2_VALID_TISSUE_STROMA,ILC,0.19307945867186688
brca,brca_morph64_v1,3,RELATIVE_AREA_TUMOR_CORE,ILC,0.020547111110862295
brca,brca_morph64_v1,3,RELATIVE_AREA_INNER_INVASIVE_MARGIN,ILC,0.1030203225092873
brca,brca_morph64_v1,3,RELATIVE_AREA_OUTER_INVASIVE_MARGIN,ILC,0.23717394865480054
brca,brca_morph64_v1,3,RELATIVE_AREA_CARCINOMA_IN_TUMOR_CORE,ILC,-0.02529459850933794
brca,brca_morph64_v1,3,RELATIVE_AREA_STROMA_IN_TUMOR_CORE,ILC,0.04829886304342341
brca,brca_morph64_v1,3,RELATIVE_AREA_EPITHELIAL_TISSUE_IN_TUMOR_CORE,ILC,-0.03278140506595726
brca,brca_morph64_v1,3,RELATIVE_AREA_NECROSIS_IN_TUMOR_CORE,ILC,-0.08024490061703242
brca,brca_morph64_v1,3,RELATIVE_AREA_CARCINOMA_IN_INNER_INVASIVE_MARGIN,ILC,0.000558274472877334
brca,brca_morph64_v1,3,RELATIVE_AREA_STROMA_IN_INNER_INVASIVE_MARGIN,ILC,0.06845954358537783
brca,brca_morph64_v1,3,RELATIVE_AREA_EPITHELIAL_TISSUE_IN_INNER_INVASIVE_MARGIN,ILC,0.04841083692345645
brca,brca_morph64_v1,3,RELATIVE_AREA_NECROSIS_IN_INNER_INVASIVE_MARGIN,ILC,-0.06993540117024193
brca,brca_morph64_v1,3,CELL_PERCENTAGE_CARCINOMA_CELL_IN_TUMOR_CORE,ILC,0.02565933365194618
brca,brca_morph64_v1,3,CELL_DENSITY_CARCINOMA_CELL_IN_TUMOR_CORE,ILC,-0.048493752464695165
brca,brca_morph64_v1,3,CELL_PERCENTAGE_LYMPHOCYTE_IN_TUMOR_CORE,ILC,0.03862134101415046
brca,brca_morph64_v1,3,CELL_DENSITY_LYMPHOCYTE_IN_TUMOR_CORE,ILC,0.0033212204147808418
brca,brca_morph64_v1,3,CELL_PERCENTAGE_MACROPHAGE_IN_TUMOR_CORE,ILC,-0.07448590874284532
brca,brca_morph64_v1,3,CELL_DENSITY_MACROPHAGE_IN_TUMOR_CORE,ILC,-0.1816655410601847
brca,brca_morph64_v1,3,CELL_PERCENTAGE_GRANULOCYTE_IN_TUMOR_CORE,ILC,-0.007900236300382139
brca,brca_morph64_v1,3,CELL_DENSITY_GRANULOCYTE_IN_TUMOR_CORE,ILC,-0.08241956191236459
brca,brca_morph64_v1,3,CELL_PERCENTAGE_PLASMA_CELL_IN_TUMOR_CORE,ILC,-0.01885559370849077
brca,brca_morph64_v1,3,CELL_DENSITY_PLASMA_CELL_IN_TUMOR_CORE,ILC,-0.01732344522516175
brca,brca_morph64_v1,3,CELL_PERCENTAGE_FIBROBLAST_IN_TUMOR_CORE,ILC,-0.06092825470292931
brca,brca_morph64_v1,3,CELL_DENSITY_FIBROBLAST_IN_TUMOR_CORE,ILC,-0.16596758592035635
brca,brca_morph64_v1,3,CELL_PERCENTAGE_ENDOTHELIAL_CELL_IN_TUMOR_CORE,ILC,0.03484442639563061
brca,brca_morph64_v1,3,CELL_DENSITY_ENDOTHELIAL_CELL_IN_TUMOR_CORE,ILC,-0.013633956680704861
brca,brca_morph64_v1,3,CELL_PERCENTAGE_CARCINOMA_CELL_IN_INNER_INVASIVE_MARGIN,ILC,-0.03736402495850907
brca,brca_morph64_v1,3,CELL_DENSITY_CARCINOMA_CELL_IN_INNER_INVASIVE_MARGIN,ILC,-0.047216835089781625
brca,brca_morph64_v1,3,CELL_PERCENTAGE_LYMPHOCYTE_IN_INNER_INVASIVE_MARGIN,ILC,-0.09248328333720628
brca,brca_morph64_v1,3,CELL_DENSITY_LYMPHOCYTE_IN_INNER_INVASIVE_MARGIN,ILC,-0.10235390715506479
brca,brca_morph64_v1,3,CELL_PERCENTAGE_MACROPHAGE_IN_INNER_INVASIVE_MARGIN,ILC,-0.1372841991611483
brca,brca_morph64_v1,3,CELL_DENSITY_MACROPHAGE_IN_INNER_INVASIVE_MARGIN,ILC,-0.1712347645155234
brca,brca_morph64_v1,3,CELL_PERCENTAGE_GRANULOCYTE_IN_INNER_INVASIVE_MARGIN,ILC,0.0004312462626849426
brca,brca_morph64_v1,3,CELL_DENSITY_GRANULOCYTE_IN_INNER_INVASIVE_MARGIN,ILC,-0.08935874371675406
brca,brca_morph64_v1,3,CELL_PERCENTAGE_PLASMA_CELL_IN_INNER_INVASIVE_MARGIN,ILC,0.07065690921577786
brca,brca_morph64_v1,3,CELL_DENSITY_PLASMA_CELL_IN_INNER_INVASIVE_MARGIN,ILC,0.07774045948704911
brca,brca_morph64_v1,3,CELL_PERCENTAGE_FIBROBLAST_IN_INNER_INVASIVE_MARGIN,ILC,0.04012750251500246
brca,brca_morph64_v1,3,CELL_DENSITY_FIBROBLAST_IN_INNER_INVASIVE_MARGIN,ILC,-0.035973895150418884
brca,brca_morph64_v1,3,CELL_PERCENTAGE_ENDOTHELIAL_CELL_IN_INNER_INVASIVE_MARGIN,ILC,0.03984855900146129
brca,brca_morph64_v1,3,CELL_DENSITY_ENDOTHELIAL_CELL_IN_INNER_INVASIVE_MARGIN,ILC,0.0004936831153579476
brca,brca_morph64_v1,3,RATIO_OF_FIBROBLASTS_AROUND_CARCINOMA_CELL_IN_WHOLE_TUMOR_REGION_20,ILC,-0.10240677264436852
brca,brca_morph64_v1,3,AVG_MIN_DISTANCE_OF_FIBROBLASTS_AROUND_CARCINOMA_CELL_IN_WHOLE_TUMOR_REGION_20,ILC,-0.0954885708913234
brca,brca_morph64_v1,3,RATIO_OF_FIBROBLASTS_AROUND_CARCINOMA_CELL_IN_WHOLE_TUMOR_REGION_40,ILC,-0.10211768704331489
brca,brca_morph64_v1,3,AVG_MIN_DISTANCE_OF_FIBROBLASTS_AROUND_CARCINOMA_CELL_IN_WHOLE_TUMOR_REGION_40,ILC,0.06282173081216737
brca,brca_morph64_v1,3,RATIO_OF_LYMPHOCYTES_AROUND_CARCINOMA_CELL_IN_WHOLE_TUMOR_REGION_20,ILC,0.027398588371875837
brca,brca_morph64_v1,3,AVG_MIN_DISTANCE_OF_LYMPHOCYTES_AROUND_CARCINOMA_CELL_IN_WHOLE_TUMOR_REGION_20,ILC,-0.2725791395961861
brca,brca_morph64_v1,3,RATIO_OF_LYMPHOCYTES_AROUND_CARCINOMA_CELL_IN_WHOLE_TUMOR_REGION_40,ILC,-0.021856237090766756
brca,brca_morph64_v1,3,AVG_MIN_DISTANCE_OF_LYMPHOCYTES_AROUND_CARCINOMA_CELL_IN_WHOLE_TUMOR_REGION_40,ILC,-0.193059155341636
brca,brca_morph64_v1,3,RATIO_OF_MACROPHAGES_AROUND_CARCINOMA_CELL_IN_WHOLE_TUMOR_REGION_20,ILC,-0.19189236836451282
brca,brca_morph64_v1,3,AVG_MIN_DISTANCE_OF_MACROPHAGES_AROUND_CARCINOMA_CELL_IN_WHOLE_TUMOR_REGION_20,ILC,-0.15591527000948632
brca,brca_morph64_v1,3,RATIO_OF_MACROPHAGES_AROUND_CARCINOMA_CELL_IN_WHOLE_TUMOR_REGION_40,ILC,-0.17473121059030416
brca,brca_morph64_v1,3,AVG_MIN_DISTANCE_OF_MACROPHAGES_AROUND_CARCINOMA_CELL_IN_WHOLE_TUMOR_REGION_40,ILC,0.022370741673427
brca,brca_morph64_v1,4,RELATIVE_AREA_CARCINOMA,ILC,-0.04214007082307637
brca,brca_morph64_v1,4,RELATIVE_AREA_STROMA,ILC,-0.01336984189684366
brca,brca_morph64_v1,4,RELATIVE_AREA_EPITHELIAL_TISSUE,ILC,0.021307476225558678
brca,brca_morph64_v1,4,RELATIVE_AREA_NECROSIS,ILC,-0.03794756967500332
brca,brca_morph64_v1,4,RELATIVE_AREA_VESSEL,ILC,-0.027622099498259063
brca,brca_morph64_v1,4,AVG_ECCENTRICITY_CARCINOMA,ILC,0.020416386707626515
brca,brca_morph64_v1,4,AVG_SOLIDICITY_CARCINOMA,ILC,-0.04243281282262649
brca,brca_morph64_v1,4,LARGEST_ROUNDNESS_CARCINOMA,ILC,0.009408860131629289
brca,brca_morph64_v1,4,REGIONS_PER_MM2_VALID_TISSUE_CARCINOMA,ILC,0.02407438134150818
brca,brca_morph64_v1,4,AVG_ECCENTRICITY_STROMA,ILC,-0.02136606003315893
brca,brca_morph64_v1,4,AVG_SOLIDICITY_STROMA,ILC,0.03092674972663132
brca,brca_morph64_v1,4,LARGEST_ROUNDNESS_STROMA,ILC,0.01872804498730793
brca,brca_morph64_v1,4,REGIONS_PER_MM2_VALID_TISSUE_STROMA,ILC,0.028670975611324152
brca,brca_morph64_v1,4,RELATIVE_AREA_TUMOR_CORE,ILC,-0.021197071747471742
brca,brca_morph64_v1,4,RELATIVE_AREA_INNER_INVASIVE_MARGIN,ILC,0.002981859891037167
brca,brca_morph64_v1,4,RELATIVE_AREA_OUTER_INVASIVE_MARGIN,ILC,-0.022934372982888966
brca,brca_morph64_v1,4,RELATIVE_AREA_CARCINOMA_IN_TUMOR_CORE,ILC,-0.03255525739063257
brca,brca_morph64_v1,4,RELATIVE_AREA_STROMA_IN_TUMOR_CORE,ILC,0.008329933457984466
brca,brca_morph64_v1,4,RELATIVE_AREA_EPITHELIAL_TISSUE_IN_TUMOR_CORE,ILC,0.03258664607238379
brca,brca_morph64_v1,4,RELATIVE_AREA_NECROSIS_IN_TUMOR_CORE,ILC,-0.038991365392246374
brca,brca_morph64_v1,4,RELATIVE_AREA_CARCINOMA_IN_INNER_INVASIVE_MARGIN,ILC,0.0037589646626105928
brca,brca_morph64_v1,4,RELATIVE_AREA_STROMA_IN_INNER_INVASIVE_MARGIN,ILC,0.021045437960659066
brca,brca_morph64_v1,4,RELATIVE_AREA_EPITHELIAL_TISSUE_IN_INNER_INVASIVE_MARGIN,ILC,0.027608610947183827
brca,brca_morph64_v1,4,RELATIVE_AREA_NECROSIS_IN_INNER_INVASIVE_MARGIN,ILC,-0.028504022116093652
brca,brca_morph64_v1,4,CELL_PERCENTAGE_CARCINOMA_CELL_IN_TUMOR_CORE,ILC,-0.015882261151818056
brca,brca_morph64_v1,4,CELL_DENSITY_CARCINOMA_CELL_IN_TUMOR_CORE,ILC,-0.02182933063672666
brca,brca_morph64_v1,4,CELL_PERCENTAGE_LYMPHOCYTE_IN_TUMOR_CORE,ILC,-0.013516910886603775
brca,brca_morph64_v1,4,CELL_DENSITY_LYMPHOCYTE_IN_TUMOR_CORE,ILC,-0.01819497161484629
brca,brca_morph64_v1,4,CELL_PERCENTAGE_MACROPHAGE_IN_TUMOR_CORE,ILC,-0.0424039499926957
brca,brca_morph64_v1,4,CELL_DENSITY_MACROPHAGE_IN_TUMOR_CORE,ILC,-0.04367736814847661
brca,brca_morph64_v1,4,CELL_PERCENTAGE_GRANULOCYTE_IN_TUMOR_CORE,ILC,-0.001111557663258298
brca,brca_morph64_v1,4,CELL_DENSITY_GRANULOCYTE_IN_TUMOR_CORE,ILC,-0.022198041479200244
brca,brca_morph64_v1,4,CELL_PERCENTAGE_PLASMA_CELL_IN_TUMOR_CORE,ILC,-0.014554574802960681
brca,brca_morph64_v1,4,CELL_DENSITY_PLASMA_CELL_IN_TUMOR_CORE,ILC,-0.02001088769585419
brca,brca_morph64_v1,4,CELL_PERCENTAGE_FIBROBLAST_IN_TUMOR_CORE,ILC,-0.012839114563529975
brca,brca_morph64_v1,4,CELL_DENSITY_FIBROBLAST_IN_TUMOR_CORE,ILC,-0.023005844523251648
brca,brca_morph64_v1,4,CELL_PERCENTAGE_ENDOTHELIAL_CELL_IN_TUMOR_CORE,ILC,0.017424528947644916
brca,brca_morph64_v1,4,CELL_DENSITY_ENDOTHELIAL_CELL_IN_TUMOR_CORE,ILC,-0.0028314187175162665
brca,brca_morph64_v1,4,CELL_PERCENTAGE_CARCINOMA_CELL_IN_INNER_INVASIVE_MARGIN,ILC,-0.004511033922227269
brca,brca_morph64_v1,4,CELL_DENSITY_CARCINOMA_CELL_IN_INNER_INVASIVE_MARGIN,ILC,-0.013139330112022245
brca,brca_morph64_v1,4,CELL_PERCENTAGE_LYMPHOCYTE_IN_INNER_INVASIVE_MARGIN,ILC,-0.011270980851285424
brca,brca_morph64_v1,4,CELL_DENSITY_LYMPHOCYTE_IN_INNER_INVASIVE_MARGIN,ILC,-0.021205401383815863
brca,brca_morph64_v1,4,CELL_PERCENTAGE_MACROPHAGE_IN_INNER_INVASIVE_MARGIN,ILC,-0.04563578624317054
brca,brca_morph64_v1,4,CELL_DENSITY_MACROPHAGE_IN_INNER_INVASIVE_MARGIN,ILC,-0.043724746813013825
brca,brca_morph64_v1,4,CELL_PERCENTAGE_GRANULOCYTE_IN_INNER_INVASIVE_MARGIN,ILC,-0.011197422956369262
brca,brca_morph64_v1,4,CELL_DENSITY_GRANULOCYTE_IN_INNER_INVASIVE_MARGIN,ILC,-0.02637233688869905
brca,brca_morph64_v1,4,CELL_PERCENTAGE_PLASMA_CELL_IN_INNER_INVASIVE_MARGIN,ILC,-0.01599436250755378
brca,brca_morph64_v1,4,CELL_DENSITY_PLASMA_CELL_IN_INNER_INVASIVE_MARGIN,ILC,-0.01783525438378961
brca,brca_morph64_v1,4,CELL_PERCENTAGE_FIBROBLAST_IN_INNER_INVASIVE_MARGIN,ILC,-0.01254999925955145
brca,brca_morph64_v1,4,CELL_DENSITY_FIBROBLAST_IN_INNER_INVASIVE_MARGIN,ILC,-0.02245522406130721
brca,brca_morph64_v1,4,CELL_PERCENTAGE_ENDOTHELIAL_CELL_IN_INNER_INVASIVE_MARGIN,ILC,0.014643812476625499
brca,brca_morph64_v1,4,CELL_DENSITY_ENDOTHELIAL_CELL_IN_INNER_INVASIVE_MARGIN,ILC,0.001683781354597202
brca,brca_morph64_v1,4,RATIO_OF_FIBROBLASTS_AROUND_CARCINOMA_CELL_IN_WHOLE_TUMOR_REGION_20,ILC,0.004047142072852186
brca,brca_morph64_v1,4,AVG_MIN_DISTANCE_OF_FIBROBLASTS_AROUND_CARCINOMA_CELL_IN_WHOLE_TUMOR_REGION_20,ILC,-0.062002621600942505
brca,brca_morph64_v1,4,RATIO_OF_FIBROBLASTS_AROUND_CARCINOMA_CELL_IN_WHOLE_TUMOR_REGION_40,ILC,-0.002720801197579269
brca,brca_morph64_v1,4,AVG_MIN_DISTANCE_OF_FIBROBLASTS_AROUND_CARCINOMA_CELL_IN_WHOLE_TUMOR_REGION_40,ILC,-0.04127795695783629
brca,brca_morph64_v1,4,RATIO_OF_LYMPHOCYTES_AROUND_CARCINOMA_CELL_IN_WHOLE_TUMOR_REGION_20,ILC,0.01988889396817855
brca,brca_morph64_v1,4,AVG_MIN_DISTANCE_OF_LYMPHOCYTES_AROUND_CARCINOMA_CELL_IN_WHOLE_TUMOR_REGION_20,ILC,-0.05797896024353005
brca,brca_morph64_v1,4,RATIO_OF_LYMPHOCYTES_AROUND_CARCINOMA_CELL_IN_WHOLE_TUMOR_REGION_40,ILC,0.0029178331841764288
brca,brca_morph64_v1,4,AVG_MIN_DISTANCE_OF_LYMPHOCYTES_AROUND_CARCINOMA_CELL_IN_WHOLE_TUMOR_REGION_40,ILC,-0.03779152596056182
brca,brca_morph64_v1,4,RATIO_OF_MACROPHAGES_AROUND_CARCINOMA_CELL_IN_WHOLE_TUMOR_REGION_20,ILC,-0.03615173880333091
brca,brca_morph64_v1,4,AVG_MIN_DISTANCE_OF_MACROPHAGES_AROUND_CARCINOMA_CELL_IN_WHOLE_TUMOR_REGION_20,ILC,-0.04159688431976199
brca,brca_morph64_v1,4,RATIO_OF_MACROPHAGES_AROUND_CARCINOMA_CELL_IN_WHOLE_TUMOR_REGION_40,ILC,-0.042468629953500044
brca,brca_morph64_v1,4,AVG_MIN_DISTANCE_OF_MACROPHAGES_AROUND_CARCINOMA_CELL_IN_WHOLE_TUMOR_REGION_40,ILC,-0.006955301371250395
crc,shared_core62_v1,0,RELATIVE_AREA_VALID_TISSUE,MUCINOUS,-0.003953819732575131
crc,shared_core62_v1,0,RELATIVE_AREA_CARCINOMA,MUCINOUS,-0.0012863190596397582
crc,shared_core62_v1,0,RELATIVE_AREA_STROMA,MUCINOUS,0.0004899901163119821
crc,shared_core62_v1,0,RELATIVE_AREA_NECROSIS,MUCINOUS,0.0007246807383769567
crc,shared_core62_v1,0,RELATIVE_AREA_EPITHELIAL_TISSUE,MUCINOUS,-0.005453643647103236
crc,shared_core62_v1,0,RELATIVE_AREA_VESSEL,MUCINOUS,-0.004532333434691247
crc,shared_core62_v1,0,RELATIVE_AREA_TUMOR_CORE,MUCINOUS,0.00018600306259151437
crc,shared_core62_v1,0,RELATIVE_AREA_INNER_INVASIVE_MARGIN,MUCINOUS,0.0055913785888313215
crc,shared_core62_v1,0,RELATIVE_AREA_OUTER_INVASIVE_MARGIN,MUCINOUS,0.003856961236852738
crc,shared_core62_v1,0,RELATIVE_AREA_CARCINOMA_IN_TUMOR_CORE,MUCINOUS,-0.0039021095114849416
crc,shared_core62_v1,0,RELATIVE_AREA_STROMA_IN_TUMOR_CORE,MUCINOUS,0.0022194758545352068
crc,shared_core62_v1,0,RELATIVE_AREA_NECROSIS_IN_TUMOR_CORE,MUCINOUS,-0.002915206663838664
crc,shared_core62_v1,0,RELATIVE_AREA_STROMA_IN_INNER_INVASIVE_MARGIN,MUCINOUS,0.005586235017170415
crc,shared_core62_v1,0,RELATIVE_AREA_CARCINOMA_IN_INNER_INVASIVE_MARGIN,MUCINOUS,0.0013531430509877208
crc,shared_core62_v1,0,CELL_PERCENTAGE_CARCINOMA_CELL_IN_TUMOR_CORE,MUCINOUS,-0.005146612372073725
crc,shared_core62_v1,0,CELL_DENSITY_CARCINOMA_CELL_IN_TUMOR_CORE,MUCINOUS,-0.00029746586221969203
crc,shared_core62_v1,0,CELL_PERCENTAGE_LYMPHOCYTE_IN_TUMOR_CORE,MUCINOUS,0.003037041706545577
crc,shared_core62_v1,0,CELL_DENSITY_LYMPHOCYTE_IN_TUMOR_CORE,MUCINOUS,0.0014964588581052318
crc,shared_core62_v1,0,CELL_PERCENTAGE_MACROPHAGE_IN_TUMOR_CORE,MUCINOUS,0.002840054085750853
crc,shared_core62_v1,0,CELL_DENSITY_MACROPHAGE_IN_TUMOR_CORE,MUCINOUS,0.0019292745281358071
crc,shared_core62_v1,0,CELL_PERCENTAGE_GRANULOCYTE_IN_TUMOR_CORE,MUCINOUS,0.006546638340569353
crc,shared_core62_v1,0,CELL_DENSITY_GRANULOCYTE_IN_TUMOR_CORE,MUCINOUS,0.0035779646017436236
crc,shared_core62_v1,0,CELL_PERCENTAGE_PLASMA_CELL_IN_TUMOR_CORE,MUCINOUS,0.0023483776817172803
crc,shared_core62_v1,0,CELL_DENSITY_PLASMA_CELL_IN_TUMOR_CORE,MUCINOUS,0.0007503410333998365
crc,shared_core62_v1,0,CELL_PERCENTAGE_FIBROBLAST_IN_TUMOR_CORE,MUCINOUS,0.00552731632586783
crc,shared_core62_v1,0,CELL_DENSITY_FIBROBLAST_IN_TUMOR_CORE,MUCINOUS,0.002275795306866067
crc,shared_core62_v1,0,CELL_PERCENTAGE_ENDOTHELIAL_CELL_IN_TUMOR_CORE,MUCINOUS,0.004545061421981108
crc,shared_core62_v1,0,CELL_DENSITY_ENDOTHELIAL_CELL_IN_TUMOR_CORE,MUCINOUS,0.002069254027630426
crc,shared_core62_v1,0,CELL_PERCENTAGE_CARCINOMA_CELL_IN_INNER_INVASIVE_MARGIN,MUCINOUS,-0.00264062913765461
crc,shared_core62_v1,0,CELL_DENSITY_CARCINOMA_CELL_IN_INNER_INVASIVE_MARGIN,MUCINOUS,-0.0037788565893479465
crc,shared_core62_v1,0,CELL_PERCENTAGE_LYMPHOCYTE_IN_INNER_INVASIVE_MARGIN,MUCINOUS,0.0003012418212152096
crc,shared_core62_v1,0,CELL_DENSITY_LYMPHOCYTE_IN_INNER_INVASIVE_MARGIN,MUCINOUS,-0.0030283416567129053
crc,shared_core62_v1,0,CELL_PERCENTAGE_MACROPHAGE_IN_INNER_INVASIVE_MARGIN,MUCINOUS,-0.0027722347734636535
crc,shared_core62_v1,0,CELL_DENSITY_MACROPHAGE_IN_INNER_INVASIVE_MARGIN,MUCINOUS,-0.0044643621272296395
crc,shared_core62_v1,0,CELL_PERCENTAGE_GRANULOCYTE_IN_INNER_INVASIVE_MARGIN,MUCINOUS,0.0001581809945590486
crc,shared_core62_v1,0,CELL_DENSITY_GRANULOCYTE_IN_INNER_INVASIVE_MARGIN,MUCINOUS,-0.001898688710808059
crc,shared_core62_v1,0,CELL_PERCENTAGE_PLASMA_CELL_IN_INNER_INVASIVE_MARGIN,MUCINOUS,-0.0026498375616579336
crc,shared_core62_v1,0,CELL_DENSITY_PLASMA_CELL_IN_INNER_INVASIVE_MARGIN,MUCINOUS,-0.004470686799947931
crc,shared_core62_v1,0,CELL_PERCENTAGE_FIBROBLAST_IN_INNER_INVASIVE_MARGIN,MUCINOUS,0.004877421707664929
crc,shared_core62_v1,0,CELL_DENSITY_FIBROBLAST_IN_INNER_INVASIVE_MARGIN,MUCINOUS,0.0006760115986802605
crc,shared_core62_v1,0,CELL_PERCENTAGE_ENDOTHELIAL_CELL_IN_INNER_INVASIVE_MARGIN,MUCINOUS,-0.002715707038597468
crc,shared_core62_v1,0,CELL_DENSITY_ENDOTHELIAL_CELL_IN_INNER_INVASIVE_MARGIN,MUCINOUS,-0.006315488329565203
crc,shared_core62_v1,0,RATIO_OF_LYMPHOCYTES_AROUND_CARCINOMA_CELL_IN_WHOLE_TUMOR_REGION_20,MUCINOUS,-0.0001694082960663862
crc,shared_core62_v1,0,AVG_MIN_DISTANCE_OF_LYMPHOCYTES_AROUND_CARCINOMA_CELL_IN_WHOLE_TUMOR_REGION_20,MUCINOUS,-0.0025797083260425207
crc,shared_core62_v1,0,RATIO_OF_LYMPHOCYTES_AROUND_CARCINOMA_CELL_IN_WHOLE_TUMOR_REGION_40,MUCINOUS,-0.0009684479298667707
crc,shared_core62_v1,0,AVG_MIN_DISTANCE_OF_LYMPHOCYTES_AROUND_CARCINOMA_CELL_IN_WHOLE_TUMOR_REGION_40,MUCINOUS,-0.002678123091901606
crc,shared_core62_v1,0,RATIO_OF_MACROPHAGES_AROUND_CARCINOMA_CELL_IN_WHOLE_TUMOR_REGION_20,MUCINOUS,0.0022696724182378193
crc,shared_core62_v1,0,AVG_MIN_DISTANCE_OF_MACROPHAGES_AROUND_CARCINOMA_CELL_IN_WHOLE_TUMOR_REGION_20,MUCINOUS,-0.004870577663508105
crc,shared_core62_v1,0,RATIO_OF_MACROPHAGES_AROUND_CARCINOMA_CELL_IN_WHOLE_TUMOR_REGION_40,MUCINOUS,0.00015845097271434768
crc,shared_core62_v1,0,AVG_MIN_DISTANCE_OF_MACROPHAGES_AROUND_CARCINOMA_CELL_IN_WHOLE_TUMOR_REGION_40,MUCINOUS,-0.004206753789289349
crc,shared_core62_v1,0,RATIO_OF_FIBROBLASTS_AROUND_CARCINOMA_CELL_IN_WHOLE_TUMOR_REGION_20,MUCINOUS,0.002825791791124196
crc,shared_core62_v1,0,AVG_MIN_DISTANCE_OF_FIBROBLASTS_AROUND_CARCINOMA_CELL_IN_WHOLE_TUMOR_REGION_20,MUCINOUS,-0.005251972032212072
crc,shared_core62_v1,0,RATIO_OF_FIBROBLASTS_AROUND_CARCINOMA_CELL_IN_WHOLE_TUMOR_REGION_40,MUCINOUS,0.003020525769224273
crc,shared_core62_v1,0,AVG_MIN_DISTANCE_OF_FIBROBLASTS_AROUND_CARCINOMA_CELL_IN_WHOLE_TUMOR_REGION_40,MUCINOUS,-0.002514858755060041
crc,shared_core62_v1,0,RATIO_OF_PLASMA_CELLS_AROUND_CARCINOMA_CELL_IN_WHOLE_TUMOR_REGION_20,MUCINOUS,-0.0021310726006442183
crc,shared_core62_v1,0,AVG_MIN_DISTANCE_OF_PLASMA_CELLS_AROUND_CARCINOMA_CELL_IN_WHOLE_TUMOR_REGION_20,MUCINOUS,-0.006058087552306354
crc,shared_core62_v1,0,RATIO_OF_PLASMA_CELLS_AROUND_CARCINOMA_CELL_IN_WHOLE_TUMOR_REGION_40,MUCINOUS,-0.002232414696150375
crc,shared_core62_v1,0,AVG_MIN_DISTANCE_OF_PLASMA_CELLS_AROUND_CARCINOMA_CELL_IN_WHOLE_TUMOR_REGION_40,MUCINOUS,-0.005577046076249614
crc,shared_core62_v1,0,TLS_IMMATURE_PRESENT,MUCINOUS,-0.004035812179677408
crc,shared_core62_v1,0,TLS_MATURE_PRESENT,MUCINOUS,0.001097976117955302
crc,shared_core62_v1,0,LOG1P_COUNT_TLS_IMMATURE,MUCINOUS,-0.00221443253051915
crc,shared_core62_v1,0,LOG1P_COUNT_TLS_MATURE,MUCINOUS,0.0005214074152720544
crc,shared_core62_v1,1,RELATIVE_AREA_VALID_TISSUE,MUCINOUS,0.03404975013530681
crc,shared_core62_v1,1,RELATIVE_AREA_CARCINOMA,MUCINOUS,0.012119686904568673
crc,shared_core62_v1,1,RELATIVE_AREA_STROMA,MUCINOUS,-0.17913644790527097
crc,shared_core62_v1,1,RELATIVE_AREA_NECROSIS,MUCINOUS,0.21895655106456724
crc,shared_core62_v1,1,RELATIVE_AREA_EPITHELIAL_TISSUE,MUCINOUS,-0.4290127055286345
crc,shared_core62_v1,1,RELATIVE_AREA_VESSEL,MUCINOUS,0.04601590451634721
crc,shared_core62_v1,1,RELATIVE_AREA_TUMOR_CORE,MUCINOUS,-0.29547054068671375
crc,shared_core62_v1,1,RELATIVE_AREA_INNER_INVASIVE_MARGIN,MUCINOUS,0.3550628924592504
crc,shared_core62_v1,1,RELATIVE_AREA_OUTER_INVASIVE_MARGIN,MUCINOUS,-0.5477062174622133
crc,shared_core62_v1,1,RELATIVE_AREA_CARCINOMA_IN_TUMOR_CORE,MUCINOUS,-0.4928161558241418
crc,shared_core62_v1,1,RELATIVE_AREA_STROMA_IN_TUMOR_CORE,MUCINOUS,-0.7208757845799026
crc,shared_core62_v1,1,RELATIVE_AREA_NECROSIS_IN_TUMOR_CORE,MUCINOUS,-0.6939357154265179
crc,shared_core62_v1,1,RELATIVE_AREA_STROMA_IN_INNER_INVASIVE_MARGIN,MUCINOUS,-0.3952597183892779
crc,shared_core62_v1,1,RELATIVE_AREA_CARCINOMA_IN_INNER_INVASIVE_MARGIN,MUCINOUS,0.18434394171459417
crc,shared_core62_v1,1,CELL_PERCENTAGE_CARCINOMA_CELL_IN_TUMOR_CORE,MUCINOUS,-0.23433032129893624
crc,shared_core62_v1,1,CELL_DENSITY_CARCINOMA_CELL_IN_TUMOR_CORE,MUCINOUS,-0.35392249892243277
crc,shared_core62_v1,1,CELL_PERCENTAGE_LYMPHOCYTE_IN_TUMOR_CORE,MUCINOUS,0.04207362461068931
crc,shared_core62_v1,1,CELL_DENSITY_LYMPHOCYTE_IN_TUMOR_CORE,MUCINOUS,0.03473942941024133
crc,shared_core62_v1,1,CELL_PERCENTAGE_MACROPHAGE_IN_TUMOR_CORE,MUCINOUS,-0.056715397966270016
crc,shared_core62_v1,1,CELL_DENSITY_MACROPHAGE_IN_TUMOR_CORE,MUCINOUS,0.09784848926570404
crc,shared_core62_v1,1,CELL_PERCENTAGE_GRANULOCYTE_IN_TUMOR_CORE,MUCINOUS,0.5850717437938813
crc,shared_core62_v1,1,CELL_DENSITY_GRANULOCYTE_IN_TUMOR_CORE,MUCINOUS,0.33222001703576237
crc,shared_core62_v1,1,CELL_PERCENTAGE_PLASMA_CELL_IN_TUMOR_CORE,MUCINOUS,0.24296503536124592
crc,shared_core62_v1,1,CELL_DENSITY_PLASMA_CELL_IN_TUMOR_CORE,MUCINOUS,-0.08426749155615985
crc,shared_core62_v1,1,CELL_PERCENTAGE_FIBROBLAST_IN_TUMOR_CORE,MUCINOUS,0.12554428550762078
crc,shared_core62_v1,1,CELL_DENSITY_FIBROBLAST_IN_TUMOR_CORE,MUCINOUS,0.12506970677368337
crc,shared_core62_v1,1,CELL_PERCENTAGE_ENDOTHELIAL_CELL_IN_TUMOR_CORE,MUCINOUS,-0.06612762777660915
crc,shared_core62_v1,1,CELL_DENSITY_ENDOTHELIAL_CELL_IN_TUMOR_CORE,MUCINOUS,-0.1574232887037668
crc,shared_core62_v1,1,CELL_PERCENTAGE_CARCINOMA_CELL_IN_INNER_INVASIVE_MARGIN,MUCINOUS,0.0029924523016968455
crc,shared_core62_v1,1,CELL_DENSITY_CARCINOMA_CELL_IN_INNER_INVASIVE_MARGIN,MUCINOUS,-0.43059815546318725
crc,shared_core62_v1,1,CELL_PERCENTAGE_LYMPHOCYTE_IN_INNER_INVASIVE_MARGIN,MUCINOUS,0.21620961031224836
crc,shared_core62_v1,1,CELL_DENSITY_LYMPHOCYTE_IN_INNER_INVASIVE_MARGIN,MUCINOUS,-0.05923151184862934
crc,shared_core62_v1,1,CELL_PERCENTAGE_MACROPHAGE_IN_INNER_INVASIVE_MARGIN,MUCINOUS,0.02945249294750812
crc,shared_core62_v1,1,CELL_DENSITY_MACROPHAGE_IN_INNER_INVASIVE_MARGIN,MUCINOUS,0.07668278214136372
crc,shared_core62_v1,1,CELL_PERCENTAGE_GRANULOCYTE_IN_INNER_INVASIVE_MARGIN,MUCINOUS,-0.15548447263507081
crc,shared_core62_v1,1,CELL_DENSITY_GRANULOCYTE_IN_INNER_INVASIVE_MARGIN,MUCINOUS,-0.09092668919055094
crc,shared_core62_v1,1,CELL_PERCENTAGE_PLASMA_CELL_IN_INNER_INVASIVE_MARGIN,MUCINOUS,0.01675530850301662
crc,shared_core62_v1,1,CELL_DENSITY_PLASMA_CELL_IN_INNER_INVASIVE_MARGIN,MUCINOUS,-0.4157992628911401
crc,shared_core62_v1,1,CELL_PERCENTAGE_FIBROBLAST_IN_INNER_INVASIVE_MARGIN,MUCINOUS,0.11860080223016783
crc,shared_core62_v1,1,CELL_DENSITY_FIBROBLAST_IN_INNER_INVASIVE_MARGIN,MUCINOUS,-0.09003304395376399
crc,shared_core62_v1,1,CELL_PERCENTAGE_ENDOTHELIAL_CELL_IN_INNER_INVASIVE_MARGIN,MUCINOUS,-0.32923354473223576
crc,shared_core62_v1,1,CELL_DENSITY_ENDOTHELIAL_CELL_IN_INNER_INVASIVE_MARGIN,MUCINOUS,-0.5059520085678532
crc,shared_core62_v1,1,RATIO_OF_LYMPHOCYTES_AROUND_CARCINOMA_CELL_IN_WHOLE_TUMOR_REGION_20,MUCINOUS,0.09146494903491283
crc,shared_core62_v1,1,AVG_MIN_DISTANCE_OF_LYMPHOCYTES_AROUND_CARCINOMA_CELL_IN_WHOLE_TUMOR_REGION_20,MUCINOUS,-0.295288242405949
crc,shared_core62_v1,1,RATIO_OF_LYMPHOCYTES_AROUND_CARCINOMA_CELL_IN_WHOLE_TUMOR_REGION_40,MUCINOUS,0.0025619571401740648
crc,shared_core62_v1,1,AVG_MIN_DISTANCE_OF_LYMPHOCYTES_AROUND_CARCINOMA_CELL_IN_WHOLE_TUMOR_REGION_40,MUCINOUS,-0.12650417458233518
crc,shared_core62_v1,1,RATIO_OF_MACROPHAGES_AROUND_CARCINOMA_CELL_IN_WHOLE_TUMOR_REGION_20,MUCINOUS,-0.10048797796070597
crc,shared_core62_v1,1,AVG_MIN_DISTANCE_OF_MACROPHAGES_AROUND_CARCINOMA_CELL_IN_WHOLE_TUMOR_REGION_20,MUCINOUS,0.22453927359725917
crc,shared_core62_v1,1,RATIO_OF_MACROPHAGES_AROUND_CARCINOMA_CELL_IN_WHOLE_TUMOR_REGION_40,MUCINOUS,-0.31709267697296245
crc,shared_core62_v1,1,AVG_MIN_DISTANCE_OF_MACROPHAGES_AROUND_CARCINOMA_CELL_IN_WHOLE_TUMOR_REGION_40,MUCINOUS,0.25672333661511715
crc,shared_core62_v1,1,RATIO_OF_FIBROBLASTS_AROUND_CARCINOMA_CELL_IN_WHOLE_TUMOR_REGION_20,MUCINOUS,0.03157457619961607
crc,shared_core62_v1,1,AVG_MIN_DISTANCE_OF_FIBROBLASTS_AROUND_CARCINOMA_CELL_IN_WHOLE_TUMOR_REGION_20,MUCINOUS,-0.5382028958665379
crc,shared_core62_v1,1,RATIO_OF_FIBROBLASTS_AROUND_CARCINOMA_CELL_IN_WHOLE_TUMOR_REGION_40,MUCINOUS,-0.031005581005490297
crc,shared_core62_v1,1,AVG_MIN_DISTANCE_OF_FIBROBLASTS_AROUND_CARCINOMA_CELL_IN_WHOLE_TUMOR_REGION_40,MUCINOUS,-0.3005719845933134
crc,shared_core62_v1,1,RATIO_OF_PLASMA_CELLS_AROUND_CARCINOMA_CELL_IN_WHOLE_TUMOR_REGION_20,MUCINOUS,0.026948505920055706
crc,shared_core62_v1,1,AVG_MIN_DISTANCE_OF_PLASMA_CELLS_AROUND_CARCINOMA_CELL_IN_WHOLE_TUMOR_REGION_20,MUCINOUS,-0.36374449382157453
crc,shared_core62_v1,1,RATIO_OF_PLASMA_CELLS_AROUND_CARCINOMA_CELL_IN_WHOLE_TUMOR_REGION_40,MUCINOUS,0.033336618892985066
crc,shared_core62_v1,1,AVG_MIN_DISTANCE_OF_PLASMA_CELLS_AROUND_CARCINOMA_CELL_IN_WHOLE_TUMOR_REGION_40,MUCINOUS,0.32366430256131407
crc,shared_core62_v1,1,TLS_IMMATURE_PRESENT,MUCINOUS,-0.5790052577503223
crc,shared_core62_v1,1,TLS_MATURE_PRESENT,MUCINOUS,-0.2160272061543131
crc,shared_core62_v1,1,LOG1P_COUNT_TLS_IMMATURE,MUCINOUS,-0.3601614189303781
crc,shared_core62_v1,1,LOG1P_COUNT_TLS_MATURE,MUCINOUS,0.5528861151675825
crc,shared_core62_v1,2,RELATIVE_AREA_VALID_TISSUE,MUCINOUS,-0.0581603849880016
crc,shared_core62_v1,2,RELATIVE_AREA_CARCINOMA,MUCINOUS,-0.06120053618456225
crc,shared_core62_v1,2,RELATIVE_AREA_STROMA,MUCINOUS,0.2134698199075455
crc,shared_core62_v1,2,RELATIVE_AREA_NECROSIS,MUCINOUS,-0.2010650279687949
crc,shared_core62_v1,2,RELATIVE_AREA_EPITHELIAL_TISSUE,MUCINOUS,-0.39979176945814954
crc,shared_core62_v1,2,RELATIVE_AREA_VESSEL,MUCINOUS,0.6379984843560594
crc,shared_core62_v1,2,RELATIVE_AREA_TUMOR_CORE,MUCINOUS,0.02291501364926545
crc,shared_core62_v1,2,RELATIVE_AREA_INNER_INVASIVE_MARGIN,MUCINOUS,0.18850023677760208
crc,shared_core62_v1,2,RELATIVE_AREA_OUTER_INVASIVE_MARGIN,MUCINOUS,0.6832195511124957
crc,shared_core62_v1,2,RELATIVE_AREA_CARCINOMA_IN_TUMOR_CORE,MUCINOUS,-0.1961820481579867
crc,shared_core62_v1,2,RELATIVE_AREA_STROMA_IN_TUMOR_CORE,MUCINOUS,-0.3761977635786021
crc,shared_core62_v1,2,RELATIVE_AREA_NECROSIS_IN_TUMOR_CORE,MUCINOUS,-0.37310127143445615
crc,shared_core62_v1,2,RELATIVE_AREA_STROMA_IN_INNER_INVASIVE_MARGIN,MUCINOUS,-0.18010199084979536
crc,shared_core62_v1,2,RELATIVE_AREA_CARCINOMA_IN_INNER_INVASIVE_MARGIN,MUCINOUS,0.027133925196134563
crc,shared_core62_v1,2,CELL_PERCENTAGE_CARCINOMA_CELL_IN_TUMOR_CORE,MUCINOUS,-0.20990219232450752
crc,shared_core62_v1,2,CELL_DENSITY_CARCINOMA_CELL_IN_TUMOR_CORE,MUCINOUS,-0.38152998674564564
crc,shared_core62_v1,2,CELL_PERCENTAGE_LYMPHOCYTE_IN_TUMOR_CORE,MUCINOUS,0.10218082234146005
crc,shared_core62_v1,2,CELL_DENSITY_LYMPHOCYTE_IN_TUMOR_CORE,MUCINOUS,-0.009474463214558583
crc,shared_core62_v1,2,CELL_PERCENTAGE_MACROPHAGE_IN_TUMOR_CORE,MUCINOUS,0.1347111890494973
crc,shared_core62_v1,2,CELL_DENSITY_MACROPHAGE_IN_TUMOR_CORE,MUCINOUS,-0.20112905677602438
crc,shared_core62_v1,2,CELL_PERCENTAGE_GRANULOCYTE_IN_TUMOR_CORE,MUCINOUS,0.506358148623287
crc,shared_core62_v1,2,CELL_DENSITY_GRANULOCYTE_IN_TUMOR_CORE,MUCINOUS,0.03467990118683755
crc,shared_core62_v1,2,CELL_PERCENTAGE_PLASMA_CELL_IN_TUMOR_CORE,MUCINOUS,-0.27902928867524956
crc,shared_core62_v1,2,CELL_DENSITY_PLASMA_CELL_IN_TUMOR_CORE,MUCINOUS,-0.23501326811613393
crc,shared_core62_v1,2,CELL_PERCENTAGE_FIBROBLAST_IN_TUMOR_CORE,MUCINOUS,-0.12536086830671786
crc,shared_core62_v1,2,CELL_DENSITY_FIBROBLAST_IN_TUMOR_CORE,MUCINOUS,-0.3991633290258192
crc,shared_core62_v1,2,CELL_PERCENTAGE_ENDOTHELIAL_CELL_IN_TUMOR_CORE,MUCINOUS,-0.042795499626987275
crc,shared_core62_v1,2,CELL_DENSITY_ENDOTHELIAL_CELL_IN_TUMOR_CORE,MUCINOUS,0.015476662451019982
crc,shared_core62_v1,2,CELL_PERCENTAGE_CARCINOMA_CELL_IN_INNER_INVASIVE_MARGIN,MUCINOUS,0.22662343158861875
crc,shared_core62_v1,2,CELL_DENSITY_CARCINOMA_CELL_IN_INNER_INVASIVE_MARGIN,MUCINOUS,-0.25841352584171484
crc,shared_core62_v1,2,CELL_PERCENTAGE_LYMPHOCYTE_IN_INNER_INVASIVE_MARGIN,MUCINOUS,0.2087564988494935
crc,shared_core62_v1,2,CELL_DENSITY_LYMPHOCYTE_IN_INNER_INVASIVE_MARGIN,MUCINOUS,-0.29531460874994014
crc,shared_core62_v1,2,CELL_PERCENTAGE_MACROPHAGE_IN_INNER_INVASIVE_MARGIN,MUCINOUS,0.15671373059098603
crc,shared_core62_v1,2,CELL_DENSITY_MACROPHAGE_IN_INNER_INVASIVE_MARGIN,MUCINOUS,-0.3918367652745228
crc,shared_core62_v1,2,CELL_PERCENTAGE_GRANULOCYTE_IN_INNER_INVASIVE_MARGIN,MUCINOUS,-0.2051763382974309
crc,shared_core62_v1,2,CELL_DENSITY_GRANULOCYTE_IN_INNER_INVASIVE_MARGIN,MUCINOUS,-0.4933214035681587
crc,shared_core62_v1,2,CELL_PERCENTAGE_PLASMA_CELL_IN_INNER_INVASIVE_MARGIN,MUCINOUS,-1.0065126645609979
crc,shared_core62_v1,2,CELL_DENSITY_PLASMA_CELL_IN_INNER_INVASIVE_MARGIN,MUCINOUS,-0.7870130989065969
crc,shared_core62_v1,2,CELL_PERCENTAGE_FIBROBLAST_IN_INNER_INVASIVE_MARGIN,MUCINOUS,-0.04703072990840646
crc,shared_core62_v1,2,CELL_DENSITY_FIBROBLAST_IN_INNER_INVASIVE_MARGIN,MUCINOUS,0.025424711670231852
crc,shared_core62_v1,2,CELL_PERCENTAGE_ENDOTHELIAL_CELL_IN_INNER_INVASIVE_MARGIN,MUCINOUS,0.08879974157353036
crc,shared_core62_v1,2,CELL_DENSITY_ENDOTHELIAL_CELL_IN_INNER_INVASIVE_MARGIN,MUCINOUS,-0.0703678494607848
crc,shared_core62_v1,2,RATIO_OF_LYMPHOCYTES_AROUND_CARCINOMA_CELL_IN_WHOLE_TUMOR_REGION_20,MUCINOUS,0.14027549161977698
crc,shared_core62_v1,2,AVG_MIN_DISTANCE_OF_LYMPHOCYTES_AROUND_CARCINOMA_CELL_IN_WHOLE_TUMOR_REGION_20,MUCINOUS,-0.320772064779147
crc,shared_core62_v1,2,RATIO_OF_LYMPHOCYTES_AROUND_CARCINOMA_CELL_IN_WHOLE_TUMOR_REGION_40,MUCINOUS,0.17816659908110433
crc,shared_core62_v1,2,AVG_MIN_DISTANCE_OF_LYMPHOCYTES_AROUND_CARCINOMA_CELL_IN_WHOLE_TUMOR_REGION_40,MUCINOUS,-0.28774857812718535
crc,shared_core62_v1,2,RATIO_OF_MACROPHAGES_AROUND_CARCINOMA_CELL_IN_WHOLE_TUMOR_REGION_20,MUCINOUS,0.22347150397618396
crc,shared_core62_v1,2,AVG_MIN_DISTANCE_OF_MACROPHAGES_AROUND_CARCINOMA_CELL_IN_WHOLE_TUMOR_REGION_20,MUCINOUS,0.4622677200702042
crc,shared_core62_v1,2,RATIO_OF_MACROPHAGES_AROUND_CARCINOMA_CELL_IN_WHOLE_TUMOR_REGION_40,MUCINOUS,0.2905872660179935
crc,shared_core62_v1,2,AVG_MIN_DISTANCE_OF_MACROPHAGES_AROUND_CARCINOMA_CELL_IN_WHOLE_TUMOR_REGION_40,MUCINOUS,0.1548455910864076
crc,shared_core62_v1,2,RATIO_OF_FIBROBLASTS_AROUND_CARCINOMA_CELL_IN_WHOLE_TUMOR_REGION_20,MUCINOUS,0.23880955682491606
crc,shared_core62_v1,2,AVG_MIN_DISTANCE_OF_FIBROBLASTS_AROUND_CARCINOMA_CELL_IN_WHOLE_TUMOR_REGION_20,MUCINOUS,-0.020526407057202538
crc,shared_core62_v1,2,RATIO_OF_FIBROBLASTS_AROUND_CARCINOMA_CELL_IN_WHOLE_TUMOR_REGION_40,MUCINOUS,0.010258428037817971
crc,shared_core62_v1,2,AVG_MIN_DISTANCE_OF_FIBROBLASTS_AROUND_CARCINOMA_CELL_IN_WHOLE_TUMOR_REGION_40,MUCINOUS,-0.29636188549800657
crc,shared_core62_v1,2,RATIO_OF_PLASMA_CELLS_AROUND_CARCINOMA_CELL_IN_WHOLE_TUMOR_REGION_20,MUCINOUS,0.16862743551565648
crc,shared_core62_v1,2,AVG_MIN_DISTANCE_OF_PLASMA_CELLS_AROUND_CARCINOMA_CELL_IN_WHOLE_TUMOR_REGION_20,MUCINOUS,0.27805677632149334
crc,shared_core62_v1,2,RATIO_OF_PLASMA_CELLS_AROUND_CARCINOMA_CELL_IN_WHOLE_TUMOR_REGION_40,MUCINOUS,-0.21071986866381776
crc,shared_core62_v1,2,AVG_MIN_DISTANCE_OF_PLASMA_CELLS_AROUND_CARCINOMA_CELL_IN_WHOLE_TUMOR_REGION_40,MUCINOUS,-0.10283011058194125
crc,shared_core62_v1,2,TLS_IMMATURE_PRESENT,MUCINOUS,0.07813366209421804
crc,shared_core62_v1,2,TLS_MATURE_PRESENT,MUCINOUS,0.328048122644833
crc,shared_core62_v1,2,LOG1P_COUNT_TLS_IMMATURE,MUCINOUS,0.12120283447479044
crc,shared_core62_v1,2,LOG1P_COUNT_TLS_MATURE,MUCINOUS,0.0649063871005045
crc,shared_core62_v1,3,RELATIVE_AREA_VALID_TISSUE,MUCINOUS,-0.0027408970679606614
crc,shared_core62_v1,3,RELATIVE_AREA_CARCINOMA,MUCINOUS,-0.002541091341144164
crc,shared_core62_v1,3,RELATIVE_AREA_STROMA,MUCINOUS,4.349167671227343e-05
crc,shared_core62_v1,3,RELATIVE_AREA_NECROSIS,MUCINOUS,-0.001196639935924428
crc,shared_core62_v1,3,RELATIVE_AREA_EPITHELIAL_TISSUE,MUCINOUS,0.0025196443446410806
crc,shared_core62_v1,3,RELATIVE_AREA_VESSEL,MUCINOUS,-0.0018369999712055554
crc,shared_core62_v1,3,RELATIVE_AREA_TUMOR_CORE,MUCINOUS,-0.004543415447552668
crc,shared_core62_v1,3,RELATIVE_AREA_INNER_INVASIVE_MARGIN,MUCINOUS,0.002827027440284136
crc,shared_core62_v1,3,RELATIVE_AREA_OUTER_INVASIVE_MARGIN,MUCINOUS,0.005160457094865925
crc,shared_core62_v1,3,RELATIVE_AREA_CARCINOMA_IN_TUMOR_CORE,MUCINOUS,-0.005236005545453729
crc,shared_core62_v1,3,RELATIVE_AREA_STROMA_IN_TUMOR_CORE,MUCINOUS,-0.0028549063246583956
crc,shared_core62_v1,3,RELATIVE_AREA_NECROSIS_IN_TUMOR_CORE,MUCINOUS,-0.0032876821629236924
crc,shared_core62_v1,3,RELATIVE_AREA_STROMA_IN_INNER_INVASIVE_MARGIN,MUCINOUS,0.0022612907534860986
crc,shared_core62_v1,3,RELATIVE_AREA_CARCINOMA_IN_INNER_INVASIVE_MARGIN,MUCINOUS,0.001163933165553663
crc,shared_core62_v1,3,CELL_PERCENTAGE_CARCINOMA_CELL_IN_TUMOR_CORE,MUCINOUS,-0.002697993382431085
crc,shared_core62_v1,3,CELL_DENSITY_CARCINOMA_CELL_IN_TUMOR_CORE,MUCINOUS,-0.001814901397148696
crc,shared_core62_v1,3,CELL_PERCENTAGE_LYMPHOCYTE_IN_TUMOR_CORE,MUCINOUS,-0.0019027145959922022
crc,shared_core62_v1,3,CELL_DENSITY_LYMPHOCYTE_IN_TUMOR_CORE,MUCINOUS,-0.0027766192916305016
crc,shared_core62_v1,3,CELL_PERCENTAGE_MACROPHAGE_IN_TUMOR_CORE,MUCINOUS,0.0005798697219997125
crc,shared_core62_v1,3,CELL_DENSITY_MACROPHAGE_IN_TUMOR_CORE,MUCINOUS,0.0005676781555338735
crc,shared_core62_v1,3,CELL_PERCENTAGE_GRANULOCYTE_IN_TUMOR_CORE,MUCINOUS,0.00205754016170939
crc,shared_core62_v1,3,CELL_DENSITY_GRANULOCYTE_IN_TUMOR_CORE,MUCINOUS,0.001950819894740342
crc,shared_core62_v1,3,CELL_PERCENTAGE_PLASMA_CELL_IN_TUMOR_CORE,MUCINOUS,-0.002454275185180804
crc,shared_core62_v1,3,CELL_DENSITY_PLASMA_CELL_IN_TUMOR_CORE,MUCINOUS,-0.0022489671435565587
crc,shared_core62_v1,3,CELL_PERCENTAGE_FIBROBLAST_IN_TUMOR_CORE,MUCINOUS,0.0021265283543277077
crc,shared_core62_v1,3,CELL_DENSITY_FIBROBLAST_IN_TUMOR_CORE,MUCINOUS,-0.00030326806934731314
crc,shared_core62_v1,3,CELL_PERCENTAGE_ENDOTHELIAL_CELL_IN_TUMOR_CORE,MUCINOUS,0.0003917012132045257
crc,shared_core62_v1,3,CELL_DENSITY_ENDOTHELIAL_CELL_IN_TUMOR_CORE,MUCINOUS,0.0013847267891052733
crc,shared_core62_v1,3,CELL_PERCENTAGE_CARCINOMA_CELL_IN_INNER_INVASIVE_MARGIN,MUCINOUS,1.1195837215780835e-05
crc,shared_core62_v1,3,CELL_DENSITY_CARCINOMA_CELL_IN_INNER_INVASIVE_MARGIN,MUCINOUS,-0.0012113358624758577
crc,shared_core62_v1,3,CELL_PERCENTAGE_LYMPHOCYTE_IN_INNER_INVASIVE_MARGIN,MUCINOUS,-0.0028301355530289656
crc,shared_core62_v1,3,CELL_DENSITY_LYMPHOCYTE_IN_INNER_INVASIVE_MARGIN,MUCINOUS,-0.003259916582120319
crc,shared_core62_v1,3,CELL_PERCENTAGE_MACROPHAGE_IN_INNER_INVASIVE_MARGIN,MUCINOUS,-0.003436623635155621
crc,shared_core62_v1,3,CELL_DENSITY_MACROPHAGE_IN_INNER_INVASIVE_MARGIN,MUCINOUS,-0.003469202234059286
crc,shared_core62_v1,3,CELL_PERCENTAGE_GRANULOCYTE_IN_INNER_INVASIVE_MARGIN,MUCINOUS,-0.0007035959205686198
crc,shared_core62_v1,3,CELL_DENSITY_GRANULOCYTE_IN_INNER_INVASIVE_MARGIN,MUCINOUS,-0.0016490654910998259
crc,shared_core62_v1,3,CELL_PERCENTAGE_PLASMA_CELL_IN_INNER_INVASIVE_MARGIN,MUCINOUS,-0.002811231299293075
crc,shared_core62_v1,3,CELL_DENSITY_PLASMA_CELL_IN_INNER_INVASIVE_MARGIN,MUCINOUS,-0.0024504775340776384
crc,shared_core62_v1,3,CELL_PERCENTAGE_FIBROBLAST_IN_INNER_INVASIVE_MARGIN,MUCINOUS,0.0012259215479214118
crc,shared_core62_v1,3,CELL_DENSITY_FIBROBLAST_IN_INNER_INVASIVE_MARGIN,MUCINOUS,-0.0012883565727016416
crc,shared_core62_v1,3,CELL_PERCENTAGE_ENDOTHELIAL_CELL_IN_INNER_INVASIVE_MARGIN,MUCINOUS,-0.0021218089247200186
crc,shared_core62_v1,3,CELL_DENSITY_ENDOTHELIAL_CELL_IN_INNER_INVASIVE_MARGIN,MUCINOUS,-0.0018533276047346407
crc,shared_core62_v1,3,RATIO_OF_LYMPHOCYTES_AROUND_CARCINOMA_CELL_IN_WHOLE_TUMOR_REGION_20,MUCINOUS,0.0011532186299340484
crc,shared_core62_v1,3,AVG_MIN_DISTANCE_OF_LYMPHOCYTES_AROUND_CARCINOMA_CELL_IN_WHOLE_TUMOR_REGION_20,MUCINOUS,-0.0030193373548813946
crc,shared_core62_v1,3,RATIO_OF_LYMPHOCYTES_AROUND_CARCINOMA_CELL_IN_WHOLE_TUMOR_REGION_40,MUCINOUS,-0.000904175027293895
crc,shared_core62_v1,3,AVG_MIN_DISTANCE_OF_LYMPHOCYTES_AROUND_CARCINOMA_CELL_IN_WHOLE_TUMOR_REGION_40,MUCINOUS,-0.0031795124748906856
crc,shared_core62_v1,3,RATIO_OF_MACROPHAGES_AROUND_CARCINOMA_CELL_IN_WHOLE_TUMOR_REGION_20,MUCINOUS,0.0025412035737182935
crc,shared_core62_v1,3,AVG_MIN_DISTANCE_OF_MACROPHAGES_AROUND_CARCINOMA_CELL_IN_WHOLE_TUMOR_REGION_20,MUCINOUS,-0.0018625759693158643
crc,shared_core62_v1,3,RATIO_OF_MACROPHAGES_AROUND_CARCINOMA_CELL_IN_WHOLE_TUMOR_REGION_40,MUCINOUS,0.0003778027022353388
crc,shared_core62_v1,3,AVG_MIN_DISTANCE_OF_MACROPHAGES_AROUND_CARCINOMA_CELL_IN_WHOLE_TUMOR_REGION_40,MUCINOUS,-0.0030433949746224045
crc,shared_core62_v1,3,RATIO_OF_FIBROBLASTS_AROUND_CARCINOMA_CELL_IN_WHOLE_TUMOR_REGION_20,MUCINOUS,0.0017292693809647505
crc,shared_core62_v1,3,AVG_MIN_DISTANCE_OF_FIBROBLASTS_AROUND_CARCINOMA_CELL_IN_WHOLE_TUMOR_REGION_20,MUCINOUS,-0.0009861565815677945
crc,shared_core62_v1,3,RATIO_OF_FIBROBLASTS_AROUND_CARCINOMA_CELL_IN_WHOLE_TUMOR_REGION_40,MUCINOUS,0.00165702360691258
crc,shared_core62_v1,3,AVG_MIN_DISTANCE_OF_FIBROBLASTS_AROUND_CARCINOMA_CELL_IN_WHOLE_TUMOR_REGION_40,MUCINOUS,-0.000863738140622602
crc,shared_core62_v1,3,RATIO_OF_PLASMA_CELLS_AROUND_CARCINOMA_CELL_IN_WHOLE_TUMOR_REGION_20,MUCINOUS,0.004178857552373728
crc,shared_core62_v1,3,AVG_MIN_DISTANCE_OF_PLASMA_CELLS_AROUND_CARCINOMA_CELL_IN_WHOLE_TUMOR_REGION_20,MUCINOUS,-0.0023344622369252006
crc,shared_core62_v1,3,RATIO_OF_PLASMA_CELLS_AROUND_CARCINOMA_CELL_IN_WHOLE_TUMOR_REGION_40,MUCINOUS,0.0014879606073818477
crc,shared_core62_v1,3,AVG_MIN_DISTANCE_OF_PLASMA_CELLS_AROUND_CARCINOMA_CELL_IN_WHOLE_TUMOR_REGION_40,MUCINOUS,-0.007983955423936732
crc,shared_core62_v1,3,TLS_IMMATURE_PRESENT,MUCINOUS,-0.0010453029687180404
crc,shared_core62_v1,3,TLS_MATURE_PRESENT,MUCINOUS,4.492564444979108e-05
crc,shared_core62_v1,3,LOG1P_COUNT_TLS_IMMATURE,MUCINOUS,0.0009423961249670835
crc,shared_core62_v1,3,LOG1P_COUNT_TLS_MATURE,MUCINOUS,0.0017115774400054593
crc,shared_core62_v1,4,RELATIVE_AREA_VALID_TISSUE,MUCINOUS,-0.1787062987115821
crc,shared_core62_v1,4,RELATIVE_AREA_CARCINOMA,MUCINOUS,0.01767895307790539
crc,shared_core62_v1,4,RELATIVE_AREA_STROMA,MUCINOUS,0.09694953180462998
crc,shared_core62_v1,4,RELATIVE_AREA_NECROSIS,MUCINOUS,0.2513032201940799
crc,shared_core62_v1,4,RELATIVE_AREA_EPITHELIAL_TISSUE,MUCINOUS,-0.5378280479158277
crc,shared_core62_v1,4,RELATIVE_AREA_VESSEL,MUCINOUS,-0.27415591818952034
crc,shared_core62_v1,4,RELATIVE_AREA_TUMOR_CORE,MUCINOUS,-0.10471253832067663
crc,shared_core62_v1,4,RELATIVE_AREA_INNER_INVASIVE_MARGIN,MUCINOUS,-0.16523291820759642
crc,shared_core62_v1,4,RELATIVE_AREA_OUTER_INVASIVE_MARGIN,MUCINOUS,0.159630609623598
crc,shared_core62_v1,4,RELATIVE_AREA_CARCINOMA_IN_TUMOR_CORE,MUCINOUS,-0.48360498247190475
crc,shared_core62_v1,4,RELATIVE_AREA_STROMA_IN_TUMOR_CORE,MUCINOUS,-0.28135011948676814
crc,shared_core62_v1,4,RELATIVE_AREA_NECROSIS_IN_TUMOR_CORE,MUCINOUS,0.21126469075411844
crc,shared_core62_v1,4,RELATIVE_AREA_STROMA_IN_INNER_INVASIVE_MARGIN,MUCINOUS,-0.5575287461776441
crc,shared_core62_v1,4,RELATIVE_AREA_CARCINOMA_IN_INNER_INVASIVE_MARGIN,MUCINOUS,-0.18209359492680313
crc,shared_core62_v1,4,CELL_PERCENTAGE_CARCINOMA_CELL_IN_TUMOR_CORE,MUCINOUS,-0.19404101248567526
crc,shared_core62_v1,4,CELL_DENSITY_CARCINOMA_CELL_IN_TUMOR_CORE,MUCINOUS,-0.47366645922022704
crc,shared_core62_v1,4,CELL_PERCENTAGE_LYMPHOCYTE_IN_TUMOR_CORE,MUCINOUS,0.11605471591954768
crc,shared_core62_v1,4,CELL_DENSITY_LYMPHOCYTE_IN_TUMOR_CORE,MUCINOUS,0.12721060473681076
crc,shared_core62_v1,4,CELL_PERCENTAGE_MACROPHAGE_IN_TUMOR_CORE,MUCINOUS,-0.278159320589962
crc,shared_core62_v1,4,CELL_DENSITY_MACROPHAGE_IN_TUMOR_CORE,MUCINOUS,-0.46855038890983947
crc,shared_core62_v1,4,CELL_PERCENTAGE_GRANULOCYTE_IN_TUMOR_CORE,MUCINOUS,-0.1519731321867659
crc,shared_core62_v1,4,CELL_DENSITY_GRANULOCYTE_IN_TUMOR_CORE,MUCINOUS,-0.26172987738582715
crc,shared_core62_v1,4,CELL_PERCENTAGE_PLASMA_CELL_IN_TUMOR_CORE,MUCINOUS,0.07473291559477178
crc,shared_core62_v1,4,CELL_DENSITY_PLASMA_CELL_IN_TUMOR_CORE,MUCINOUS,0.3257130607660311
crc,shared_core62_v1,4,CELL_PERCENTAGE_FIBROBLAST_IN_TUMOR_CORE,MUCINOUS,0.3672951037693109
crc,shared_core62_v1,4,CELL_DENSITY_FIBROBLAST_IN_TUMOR_CORE,MUCINOUS,-0.16401727350591894
crc,shared_core62_v1,4,CELL_PERCENTAGE_ENDOTHELIAL_CELL_IN_TUMOR_CORE,MUCINOUS,0.2225235799431717
crc,shared_core62_v1,4,CELL_DENSITY_ENDOTHELIAL_CELL_IN_TUMOR_CORE,MUCINOUS,0.3486275116989279
crc,shared_core62_v1,4,CELL_PERCENTAGE_CARCINOMA_CELL_IN_INNER_INVASIVE_MARGIN,MUCINOUS,0.09923059560972901
crc,shared_core62_v1,4,CELL_DENSITY_CARCINOMA_CELL_IN_INNER_INVASIVE_MARGIN,MUCINOUS,-0.3661335030208214
crc,shared_core62_v1,4,CELL_PERCENTAGE_LYMPHOCYTE_IN_INNER_INVASIVE_MARGIN,MUCINOUS,-0.04683197008141316
crc,shared_core62_v1,4,CELL_DENSITY_LYMPHOCYTE_IN_INNER_INVASIVE_MARGIN,MUCINOUS,-0.22532062471570322
crc,shared_core62_v1,4,CELL_PERCENTAGE_MACROPHAGE_IN_INNER_INVASIVE_MARGIN,MUCINOUS,-0.5491594123284901
crc,shared_core62_v1,4,CELL_DENSITY_MACROPHAGE_IN_INNER_INVASIVE_MARGIN,MUCINOUS,-0.5855940105440126
crc,shared_core62_v1,4,CELL_PERCENTAGE_GRANULOCYTE_IN_INNER_INVASIVE_MARGIN,MUCINOUS,-0.4167387499949836
crc,shared_core62_v1,4,CELL_DENSITY_GRANULOCYTE_IN_INNER_INVASIVE_MARGIN,MUCINOUS,-0.5570420777549986
crc,shared_core62_v1,4,CELL_PERCENTAGE_PLASMA_CELL_IN_INNER_INVASIVE_MARGIN,MUCINOUS,-0.11778266610612903
crc,shared_core62_v1,4,CELL_DENSITY_PLASMA_CELL_IN_INNER_INVASIVE_MARGIN,MUCINOUS,-0.3156740922923638
crc,shared_core62_v1,4,CELL_PERCENTAGE_FIBROBLAST_IN_INNER_INVASIVE_MARGIN,MUCINOUS,0.15764120110859
crc,shared_core62_v1,4,CELL_DENSITY_FIBROBLAST_IN_INNER_INVASIVE_MARGIN,MUCINOUS,-0.46022333846298213
crc,shared_core62_v1,4,CELL_PERCENTAGE_ENDOTHELIAL_CELL_IN_INNER_INVASIVE_MARGIN,MUCINOUS,0.356080790657818
crc,shared_core62_v1,4,CELL_DENSITY_ENDOTHELIAL_CELL_IN_INNER_INVASIVE_MARGIN,MUCINOUS,0.23810514618508438
crc,shared_core62_v1,4,RATIO_OF_LYMPHOCYTES_AROUND_CARCINOMA_CELL_IN_WHOLE_TUMOR_REGION_20,MUCINOUS,0.00866120786390891
crc,shared_core62_v1,4,AVG_MIN_DISTANCE_OF_LYMPHOCYTES_AROUND_CARCINOMA_CELL_IN_WHOLE_TUMOR_REGION_20,MUCINOUS,-0.7293668065745594
crc,shared_core62_v1,4,RATIO_OF_LYMPHOCYTES_AROUND_CARCINOMA_CELL_IN_WHOLE_TUMOR_REGION_40,MUCINOUS,0.05757934129644989
crc,shared_core62_v1,4,AVG_MIN_DISTANCE_OF_LYMPHOCYTES_AROUND_CARCINOMA_CELL_IN_WHOLE_TUMOR_REGION_40,MUCINOUS,-0.4805231203522064
crc,shared_core62_v1,4,RATIO_OF_MACROPHAGES_AROUND_CARCINOMA_CELL_IN_WHOLE_TUMOR_REGION_20,MUCINOUS,-0.048332189739980935
crc,shared_core62_v1,4,AVG_MIN_DISTANCE_OF_MACROPHAGES_AROUND_CARCINOMA_CELL_IN_WHOLE_TUMOR_REGION_20,MUCINOUS,-0.23844343546985405
crc,shared_core62_v1,4,RATIO_OF_MACROPHAGES_AROUND_CARCINOMA_CELL_IN_WHOLE_TUMOR_REGION_40,MUCINOUS,-0.23962390613034426
crc,shared_core62_v1,4,AVG_MIN_DISTANCE_OF_MACROPHAGES_AROUND_CARCINOMA_CELL_IN_WHOLE_TUMOR_REGION_40,MUCINOUS,-0.29435563254223585
crc,shared_core62_v1,4,RATIO_OF_FIBROBLASTS_AROUND_CARCINOMA_CELL_IN_WHOLE_TUMOR_REGION_20,MUCINOUS,-0.05967474538679562
crc,shared_core62_v1,4,AVG_MIN_DISTANCE_OF_FIBROBLASTS_AROUND_CARCINOMA_CELL_IN_WHOLE_TUMOR_REGION_20,MUCINOUS,-0.47163902626846477
crc,shared_core62_v1,4,RATIO_OF_FIBROBLASTS_AROUND_CARCINOMA_CELL_IN_WHOLE_TUMOR_REGION_40,MUCINOUS,0.029692419814541102
crc,shared_core62_v1,4,AVG_MIN_DISTANCE_OF_FIBROBLASTS_AROUND_CARCINOMA_CELL_IN_WHOLE_TUMOR_REGION_40,MUCINOUS,-0.05711006401286562
crc,shared_core62_v1,4,RATIO_OF_PLASMA_CELLS_AROUND_CARCINOMA_CELL_IN_WHOLE_TUMOR_REGION_20,MUCINOUS,-0.23428146774347147
crc,shared_core62_v1,4,AVG_MIN_DISTANCE_OF_PLASMA_CELLS_AROUND_CARCINOMA_CELL_IN_WHOLE_TUMOR_REGION_20,MUCINOUS,-0.37009616184150396
crc,shared_core62_v1,4,RATIO_OF_PLASMA_CELLS_AROUND_CARCINOMA_CELL_IN_WHOLE_TUMOR_REGION_40,MUCINOUS,-0.043145004589847456
crc,shared_core62_v1,4,AVG_MIN_DISTANCE_OF_PLASMA_CELLS_AROUND_CARCINOMA_CELL_IN_WHOLE_TUMOR_REGION_40,MUCINOUS,-0.13094405361746075
crc,shared_core62_v1,4,TLS_IMMATURE_PRESENT,MUCINOUS,-0.0930447856536361
crc,shared_core62_v1,4,TLS_MATURE_PRESENT,MUCINOUS,-0.11893938714039261
crc,shared_core62_v1,4,LOG1P_COUNT_TLS_IMMATURE,MUCINOUS,-0.10664362164065405
crc,shared_core62_v1,4,LOG1P_COUNT_TLS_MATURE,MUCINOUS,-0.3285540344033467
nsclc,shared_core62_v1,0,RELATIVE_AREA_VALID_TISSUE,LUSC,-0.0003105161920701301
nsclc,shared_core62_v1,0,RELATIVE_AREA_CARCINOMA,LUSC,0.00032099557270992747
nsclc,shared_core62_v1,0,RELATIVE_AREA_STROMA,LUSC,0.0020764232824780995
nsclc,shared_core62_v1,0,RELATIVE_AREA_NECROSIS,LUSC,7.325790835790688e-05
nsclc,shared_core62_v1,0,RELATIVE_AREA_EPITHELIAL_TISSUE,LUSC,0.0035793597130645617
nsclc,shared_core62_v1,0,RELATIVE_AREA_VESSEL,LUSC,-0.0038876568400949547
nsclc,shared_core62_v1,0,RELATIVE_AREA_TUMOR_CORE,LUSC,-0.0013811095354222557
nsclc,shared_core62_v1,0,RELATIVE_AREA_INNER_INVASIVE_MARGIN,LUSC,0.002707223045557928
nsclc,shared_core62_v1,0,RELATIVE_AREA_OUTER_INVASIVE_MARGIN,LUSC,0.0016112481490871964
nsclc,shared_core62_v1,0,RELATIVE_AREA_CARCINOMA_IN_TUMOR_CORE,LUSC,0.0011423513737273021
nsclc,shared_core62_v1,0,RELATIVE_AREA_STROMA_IN_TUMOR_CORE,LUSC,0.0013573008259863953
nsclc,shared_core62_v1,0,RELATIVE_AREA_NECROSIS_IN_TUMOR_CORE,LUSC,0.0024170547817853206
nsclc,shared_core62_v1,0,RELATIVE_AREA_STROMA_IN_INNER_INVASIVE_MARGIN,LUSC,0.005686083725253375
nsclc,shared_core62_v1,0,RELATIVE_AREA_CARCINOMA_IN_INNER_INVASIVE_MARGIN,LUSC,0.0029339761532204637
nsclc,shared_core62_v1,0,CELL_PERCENTAGE_CARCINOMA_CELL_IN_TUMOR_CORE,LUSC,0.00033273476748481507
nsclc,shared_core62_v1,0,CELL_DENSITY_CARCINOMA_CELL_IN_TUMOR_CORE,LUSC,0.002495086606625903
nsclc,shared_core62_v1,0,CELL_PERCENTAGE_LYMPHOCYTE_IN_TUMOR_CORE,LUSC,-0.00272748893214745
nsclc,shared_core62_v1,0,CELL_DENSITY_LYMPHOCYTE_IN_TUMOR_CORE,LUSC,0.0002492503423126324
nsclc,shared_core62_v1,0,CELL_PERCENTAGE_MACROPHAGE_IN_TUMOR_CORE,LUSC,-0.0006598343837702868
nsclc,shared_core62_v1,0,CELL_DENSITY_MACROPHAGE_IN_TUMOR_CORE,LUSC,8.591232954311492e-05
nsclc,shared_core62_v1,0,CELL_PERCENTAGE_GRANULOCYTE_IN_TUMOR_CORE,LUSC,0.0007099545925347653
nsclc,shared_core62_v1,0,CELL_DENSITY_GRANULOCYTE_IN_TUMOR_CORE,LUSC,0.0030397544201658843
nsclc,shared_core62_v1,0,CELL_PERCENTAGE_PLASMA_CELL_IN_TUMOR_CORE,LUSC,0.006669167304354295
nsclc,shared_core62_v1,0,CELL_DENSITY_PLASMA_CELL_IN_TUMOR_CORE,LUSC,0.006621188536929997
nsclc,shared_core62_v1,0,CELL_PERCENTAGE_FIBROBLAST_IN_TUMOR_CORE,LUSC,-0.0007003516664738433
nsclc,shared_core62_v1,0,CELL_DENSITY_FIBROBLAST_IN_TUMOR_CORE,LUSC,0.0023672856121968243
nsclc,shared_core62_v1,0,CELL_PERCENTAGE_ENDOTHELIAL_CELL_IN_TUMOR_CORE,LUSC,-0.008184225111090675
nsclc,shared_core62_v1,0,CELL_DENSITY_ENDOTHELIAL_CELL_IN_TUMOR_CORE,LUSC,-0.00644177639180005
nsclc,shared_core62_v1,0,CELL_PERCENTAGE_CARCINOMA_CELL_IN_INNER_INVASIVE_MARGIN,LUSC,-0.0015911492117703238
nsclc,shared_core62_v1,0,CELL_DENSITY_CARCINOMA_CELL_IN_INNER_INVASIVE_MARGIN,LUSC,0.002469196964529929
nsclc,shared_core62_v1,0,CELL_PERCENTAGE_LYMPHOCYTE_IN_INNER_INVASIVE_MARGIN,LUSC,-0.0005813003726689665
nsclc,shared_core62_v1,0,CELL_DENSITY_LYMPHOCYTE_IN_INNER_INVASIVE_MARGIN,LUSC,0.002158792575828311
nsclc,shared_core62_v1,0,CELL_PERCENTAGE_MACROPHAGE_IN_INNER_INVASIVE_MARGIN,LUSC,-0.00027198590881009075
nsclc,shared_core62_v1,0,CELL_DENSITY_MACROPHAGE_IN_INNER_INVASIVE_MARGIN,LUSC,0.0013273036175293828
nsclc,shared_core62_v1,0,CELL_PERCENTAGE_GRANULOCYTE_IN_INNER_INVASIVE_MARGIN,LUSC,0.0014403244981423765
nsclc,shared_core62_v1,0,CELL_DENSITY_GRANULOCYTE_IN_INNER_INVASIVE_MARGIN,LUSC,0.004207796361389172
nsclc,shared_core62_v1,0,CELL_PERCENTAGE_PLASMA_CELL_IN_INNER_INVASIVE_MARGIN,LUSC,0.008317528277292574
nsclc,shared_core62_v1,0,CELL_DENSITY_PLASMA_CELL_IN_INNER_INVASIVE_MARGIN,LUSC,0.007979067364975445
nsclc,shared_core62_v1,0,CELL_PERCENTAGE_FIBROBLAST_IN_INNER_INVASIVE_MARGIN,LUSC,0.002195259753003111
nsclc,shared_core62_v1,0,CELL_DENSITY_FIBROBLAST_IN_INNER_INVASIVE_MARGIN,LUSC,0.005527966802558143
nsclc,shared_core62_v1,0,CELL_PERCENTAGE_ENDOTHELIAL_CELL_IN_INNER_INVASIVE_MARGIN,LUSC,-0.008066475064764269
nsclc,shared_core62_v1,0,CELL_DENSITY_ENDOTHELIAL_CELL_IN_INNER_INVASIVE_MARGIN,LUSC,-0.0035295807084519365
nsclc,shared_core62_v1,0,RATIO_OF_LYMPHOCYTES_AROUND_CARCINOMA_CELL_IN_WHOLE_TUMOR_REGION_20,LUSC,-0.0017954171485284373
nsclc,shared_core62_v1,0,AVG_MIN_DISTANCE_OF_LYMPHOCYTES_AROUND_CARCINOMA_CELL_IN_WHOLE_TUMOR_REGION_20,LUSC,-0.0010020881262144943
nsclc,shared_core62_v1,0,RATIO_OF_LYMPHOCYTES_AROUND_CARCINOMA_CELL_IN_WHOLE_TUMOR_REGION_40,LUSC,-0.0022176798405009837
nsclc,shared_core62_v1,0,AVG_MIN_DISTANCE_OF_LYMPHOCYTES_AROUND_CARCINOMA_CELL_IN_WHOLE_TUMOR_REGION_40,LUSC,0.0010859873521425869
nsclc,shared_core62_v1,0,RATIO_OF_MACROPHAGES_AROUND_CARCINOMA_CELL_IN_WHOLE_TUMOR_REGION_20,LUSC,-0.0021666920414945795
nsclc,shared_core62_v1,0,AVG_MIN_DISTANCE_OF_MACROPHAGES_AROUND_CARCINOMA_CELL_IN_WHOLE_TUMOR_REGION_20,LUSC,-0.001979309226903668
nsclc,shared_core62_v1,0,RATIO_OF_MACROPHAGES_AROUND_CARCINOMA_CELL_IN_WHOLE_TUMOR_REGION_40,LUSC,-0.0009711481099996963
nsclc,shared_core62_v1,0,AVG_MIN_DISTANCE_OF_MACROPHAGES_AROUND_CARCINOMA_CELL_IN_WHOLE_TUMOR_REGION_40,LUSC,0.002513228055952066
nsclc,shared_core62_v1,0,RATIO_OF_FIBROBLASTS_AROUND_CARCINOMA_CELL_IN_WHOLE_TUMOR_REGION_20,LUSC,-0.0030128266691083674
nsclc,shared_core62_v1,0,AVG_MIN_DISTANCE_OF_FIBROBLASTS_AROUND_CARCINOMA_CELL_IN_WHOLE_TUMOR_REGION_20,LUSC,0.004707126013034338
nsclc,shared_core62_v1,0,RATIO_OF_FIBROBLASTS_AROUND_CARCINOMA_CELL_IN_WHOLE_TUMOR_REGION_40,LUSC,-0.0018969374806658283
nsclc,shared_core62_v1,0,AVG_MIN_DISTANCE_OF_FIBROBLASTS_AROUND_CARCINOMA_CELL_IN_WHOLE_TUMOR_REGION_40,LUSC,0.005923211598001324
nsclc,shared_core62_v1,0,RATIO_OF_PLASMA_CELLS_AROUND_CARCINOMA_CELL_IN_WHOLE_TUMOR_REGION_20,LUSC,0.0038156615024028243
nsclc,shared_core62_v1,0,AVG_MIN_DISTANCE_OF_PLASMA_CELLS_AROUND_CARCINOMA_CELL_IN_WHOLE_TUMOR_REGION_20,LUSC,-0.004643566470045187
nsclc,shared_core62_v1,0,RATIO_OF_PLASMA_CELLS_AROUND_CARCINOMA_CELL_IN_WHOLE_TUMOR_REGION_40,LUSC,0.005042234457883314
nsclc,shared_core62_v1,0,AVG_MIN_DISTANCE_OF_PLASMA_CELLS_AROUND_CARCINOMA_CELL_IN_WHOLE_TUMOR_REGION_40,LUSC,8.901394690539896e-06
nsclc,shared_core62_v1,0,TLS_IMMATURE_PRESENT,LUSC,-0.0016335381137142072
nsclc,shared_core62_v1,0,TLS_MATURE_PRESENT,LUSC,0.006237223215924487
nsclc,shared_core62_v1,0,LOG1P_COUNT_TLS_IMMATURE,LUSC,-0.0005135649165020817
nsclc,shared_core62_v1,0,LOG1P_COUNT_TLS_MATURE,LUSC,0.005372271900828646
nsclc,shared_core62_v1,1,RELATIVE_AREA_VALID_TISSUE,LUSC,-0.04879365239283171
nsclc,shared_core62_v1,1,RELATIVE_AREA_CARCINOMA,LUSC,-0.004131990804208157
nsclc,shared_core62_v1,1,RELATIVE_AREA_STROMA,LUSC,0.011735658669422413
nsclc,shared_core62_v1,1,RELATIVE_AREA_NECROSIS,LUSC,0.019503486174622574
nsclc,shared_core62_v1,1,RELATIVE_AREA_EPITHELIAL_TISSUE,LUSC,0.025101358729571876
nsclc,shared_core62_v1,1,RELATIVE_AREA_VESSEL,LUSC,-0.021168267861033114
nsclc,shared_core62_v1,1,RELATIVE_AREA_TUMOR_CORE,LUSC,-0.006653838333385548
nsclc,shared_core62_v1,1,RELATIVE_AREA_INNER_INVASIVE_MARGIN,LUSC,-0.004449022555621289
nsclc,shared_core62_v1,1,RELATIVE_AREA_OUTER_INVASIVE_MARGIN,LUSC,0.008869284597828014
nsclc,shared_core62_v1,1,RELATIVE_AREA_CARCINOMA_IN_TUMOR_CORE,LUSC,0.03690775717286459
nsclc,shared_core62_v1,1,RELATIVE_AREA_STROMA_IN_TUMOR_CORE,LUSC,0.039228192016442016
nsclc,shared_core62_v1,1,RELATIVE_AREA_NECROSIS_IN_TUMOR_CORE,LUSC,0.025324798379054117
nsclc,shared_core62_v1,1,RELATIVE_AREA_STROMA_IN_INNER_INVASIVE_MARGIN,LUSC,0.03747812216992965
nsclc,shared_core62_v1,1,RELATIVE_AREA_CARCINOMA_IN_INNER_INVASIVE_MARGIN,LUSC,0.03588149234854055
nsclc,shared_core62_v1,1,CELL_PERCENTAGE_CARCINOMA_CELL_IN_TUMOR_CORE,LUSC,0.02383223139798549
nsclc,shared_core62_v1,1,CELL_DENSITY_CARCINOMA_CELL_IN_TUMOR_CORE,LUSC,0.019349248782846693
nsclc,shared_core62_v1,1,CELL_PERCENTAGE_LYMPHOCYTE_IN_TUMOR_CORE,LUSC,-0.051107892693752106
nsclc,shared_core62_v1,1,CELL_DENSITY_LYMPHOCYTE_IN_TUMOR_CORE,LUSC,-0.039735052138452714
nsclc,shared_core62_v1,1,CELL_PERCENTAGE_MACROPHAGE_IN_TUMOR_CORE,LUSC,-0.012273341814781177
nsclc,shared_core62_v1,1,CELL_DENSITY_MACROPHAGE_IN_TUMOR_CORE,LUSC,-0.014533865542065021
nsclc,shared_core62_v1,1,CELL_PERCENTAGE_GRANULOCYTE_IN_TUMOR_CORE,LUSC,0.0228914028246827
nsclc,shared_core62_v1,1,CELL_DENSITY_GRANULOCYTE_IN_TUMOR_CORE,LUSC,0.023091927112909735
nsclc,shared_core62_v1,1,CELL_PERCENTAGE_PLASMA_CELL_IN_TUMOR_CORE,LUSC,0.01767190517674561
nsclc,shared_core62_v1,1,CELL_DENSITY_PLASMA_CELL_IN_TUMOR_CORE,LUSC,0.0008807083057497199
nsclc,shared_core62_v1,1,CELL_PERCENTAGE_FIBROBLAST_IN_TUMOR_CORE,LUSC,-0.002826050230244212
nsclc,shared_core62_v1,1,CELL_DENSITY_FIBROBLAST_IN_TUMOR_CORE,LUSC,-0.009249069110414855
nsclc,shared_core62_v1,1,CELL_PERCENTAGE_ENDOTHELIAL_CELL_IN_TUMOR_CORE,LUSC,-0.025284330839422744
nsclc,shared_core62_v1,1,CELL_DENSITY_ENDOTHELIAL_CELL_IN_TUMOR_CORE,LUSC,-0.0006033546831548092
nsclc,shared_core62_v1,1,CELL_PERCENTAGE_CARCINOMA_CELL_IN_INNER_INVASIVE_MARGIN,LUSC,0.02894469461204061
nsclc,shared_core62_v1,1,CELL_DENSITY_CARCINOMA_CELL_IN_INNER_INVASIVE_MARGIN,LUSC,0.03681478680103577
nsclc,shared_core62_v1,1,CELL_PERCENTAGE_LYMPHOCYTE_IN_INNER_INVASIVE_MARGIN,LUSC,-0.04609489691850659
nsclc,shared_core62_v1,1,CELL_DENSITY_LYMPHOCYTE_IN_INNER_INVASIVE_MARGIN,LUSC,-0.029818685484892114
nsclc,shared_core62_v1,1,CELL_PERCENTAGE_MACROPHAGE_IN_INNER_INVASIVE_MARGIN,LUSC,-0.01690743728138094
nsclc,shared_core62_v1,1,CELL_DENSITY_MACROPHAGE_IN_INNER_INVASIVE_MARGIN,LUSC,-0.005428449560304238
nsclc,shared_core62_v1,1,CELL_PERCENTAGE_GRANULOCYTE_IN_INNER_INVASIVE_MARGIN,LUSC,0.023792076555934405
nsclc,shared_core62_v1,1,CELL_DENSITY_GRANULOCYTE_IN_INNER_INVASIVE_MARGIN,LUSC,0.027107788611242658
nsclc,shared_core62_v1,1,CELL_PERCENTAGE_PLASMA_CELL_IN_INNER_INVASIVE_MARGIN,LUSC,0.024967084396058783
nsclc,shared_core62_v1,1,CELL_DENSITY_PLASMA_CELL_IN_INNER_INVASIVE_MARGIN,LUSC,0.008350085336958425
nsclc,shared_core62_v1,1,CELL_PERCENTAGE_FIBROBLAST_IN_INNER_INVASIVE_MARGIN,LUSC,0.0015609854013454514
nsclc,shared_core62_v1,1,CELL_DENSITY_FIBROBLAST_IN_INNER_INVASIVE_MARGIN,LUSC,0.001576297874716715
nsclc,shared_core62_v1,1,CELL_PERCENTAGE_ENDOTHELIAL_CELL_IN_INNER_INVASIVE_MARGIN,LUSC,-0.03754498145576499
nsclc,shared_core62_v1,1,CELL_DENSITY_ENDOTHELIAL_CELL_IN_INNER_INVASIVE_MARGIN,LUSC,-0.016586869126417984
nsclc,shared_core62_v1,1,RATIO_OF_LYMPHOCYTES_AROUND_CARCINOMA_CELL_IN_WHOLE_TUMOR_REGION_20,LUSC,-0.04873938321194082
nsclc,shared_core62_v1,1,AVG_MIN_DISTANCE_OF_LYMPHOCYTES_AROUND_CARCINOMA_CELL_IN_WHOLE_TUMOR_REGION_20,LUSC,0.015153498354515555
nsclc,shared_core62_v1,1,RATIO_OF_LYMPHOCYTES_AROUND_CARCINOMA_CELL_IN_WHOLE_TUMOR_REGION_40,LUSC,-0.05311581399861203
nsclc,shared_core62_v1,1,AVG_MIN_DISTANCE_OF_LYMPHOCYTES_AROUND_CARCINOMA_CELL_IN_WHOLE_TUMOR_REGION_40,LUSC,0.027828435496353294
nsclc,shared_core62_v1,1,RATIO_OF_MACROPHAGES_AROUND_CARCINOMA_CELL_IN_WHOLE_TUMOR_REGION_20,LUSC,-0.03181800378620672
nsclc,shared_core62_v1,1,AVG_MIN_DISTANCE_OF_MACROPHAGES_AROUND_CARCINOMA_CELL_IN_WHOLE_TUMOR_REGION_20,LUSC,-0.01799510147517223
nsclc,shared_core62_v1,1,RATIO_OF_MACROPHAGES_AROUND_CARCINOMA_CELL_IN_WHOLE_TUMOR_REGION_40,LUSC,-0.021849981024412057
nsclc,shared_core62_v1,1,AVG_MIN_DISTANCE_OF_MACROPHAGES_AROUND_CARCINOMA_CELL_IN_WHOLE_TUMOR_REGION_40,LUSC,0.007772671506230426
nsclc,shared_core62_v1,1,RATIO_OF_FIBROBLASTS_AROUND_CARCINOMA_CELL_IN_WHOLE_TUMOR_REGION_20,LUSC,-0.03553010084191393
nsclc,shared_core62_v1,1,AVG_MIN_DISTANCE_OF_FIBROBLASTS_AROUND_CARCINOMA_CELL_IN_WHOLE_TUMOR_REGION_20,LUSC,0.025316310593663714
nsclc,shared_core62_v1,1,RATIO_OF_FIBROBLASTS_AROUND_CARCINOMA_CELL_IN_WHOLE_TUMOR_REGION_40,LUSC,-0.02356352446000451
nsclc,shared_core62_v1,1,AVG_MIN_DISTANCE_OF_FIBROBLASTS_AROUND_CARCINOMA_CELL_IN_WHOLE_TUMOR_REGION_40,LUSC,0.04746480872576253
nsclc,shared_core62_v1,1,RATIO_OF_PLASMA_CELLS_AROUND_CARCINOMA_CELL_IN_WHOLE_TUMOR_REGION_20,LUSC,-0.010664437626025309
nsclc,shared_core62_v1,1,AVG_MIN_DISTANCE_OF_PLASMA_CELLS_AROUND_CARCINOMA_CELL_IN_WHOLE_TUMOR_REGION_20,LUSC,-0.02617376315593691
nsclc,shared_core62_v1,1,RATIO_OF_PLASMA_CELLS_AROUND_CARCINOMA_CELL_IN_WHOLE_TUMOR_REGION_40,LUSC,0.001361378710862504
nsclc,shared_core62_v1,1,AVG_MIN_DISTANCE_OF_PLASMA_CELLS_AROUND_CARCINOMA_CELL_IN_WHOLE_TUMOR_REGION_40,LUSC,-0.0078119645584048235
nsclc,shared_core62_v1,1,TLS_IMMATURE_PRESENT,LUSC,-0.004198062226774429
nsclc,shared_core62_v1,1,TLS_MATURE_PRESENT,LUSC,0.012284310900682039
nsclc,shared_core62_v1,1,LOG1P_COUNT_TLS_IMMATURE,LUSC,-0.008839209387001968
nsclc,shared_core62_v1,1,LOG1P_COUNT_TLS_MATURE,LUSC,0.016165765037268742
nsclc,shared_core62_v1,2,RELATIVE_AREA_VALID_TISSUE,LUSC,-0.21442326627846475
nsclc,shared_core62_v1,2,RELATIVE_AREA_CARCINOMA,LUSC,-0.07326092300843423
nsclc,shared_core62_v1,2,RELATIVE_AREA_STROMA,LUSC,-0.0008739994913168146
nsclc,shared_core62_v1,2,RELATIVE_AREA_NECROSIS,LUSC,0.13948288822657398
nsclc,shared_core62_v1,2,RELATIVE_AREA_EPITHELIAL_TISSUE,LUSC,0.05967115255383886
nsclc,shared_core62_v1,2,RELATIVE_AREA_VESSEL,LUSC,0.06725214032991794
nsclc,shared_core62_v1,2,RELATIVE_AREA_TUMOR_CORE,LUSC,-0.1772707736201006
nsclc,shared_core62_v1,2,RELATIVE_AREA_INNER_INVASIVE_MARGIN,LUSC,-0.05983922918659806
nsclc,shared_core62_v1,2,RELATIVE_AREA_OUTER_INVASIVE_MARGIN,LUSC,0.0837766313557892
nsclc,shared_core62_v1,2,RELATIVE_AREA_CARCINOMA_IN_TUMOR_CORE,LUSC,0.0034295410599949057
nsclc,shared_core62_v1,2,RELATIVE_AREA_STROMA_IN_TUMOR_CORE,LUSC,-0.03759947362788646
nsclc,shared_core62_v1,2,RELATIVE_AREA_NECROSIS_IN_TUMOR_CORE,LUSC,0.14621727760343495
nsclc,shared_core62_v1,2,RELATIVE_AREA_STROMA_IN_INNER_INVASIVE_MARGIN,LUSC,0.004694191597495577
nsclc,shared_core62_v1,2,RELATIVE_AREA_CARCINOMA_IN_INNER_INVASIVE_MARGIN,LUSC,0.06363275276527044
nsclc,shared_core62_v1,2,CELL_PERCENTAGE_CARCINOMA_CELL_IN_TUMOR_CORE,LUSC,-0.002956718009665764
nsclc,shared_core62_v1,2,CELL_DENSITY_CARCINOMA_CELL_IN_TUMOR_CORE,LUSC,-0.008554338622541664
nsclc,shared_core62_v1,2,CELL_PERCENTAGE_LYMPHOCYTE_IN_TUMOR_CORE,LUSC,-0.11652719358193557
nsclc,shared_core62_v1,2,CELL_DENSITY_LYMPHOCYTE_IN_TUMOR_CORE,LUSC,-0.11718639081183252
nsclc,shared_core62_v1,2,CELL_PERCENTAGE_MACROPHAGE_IN_TUMOR_CORE,LUSC,0.005091289878519451
nsclc,shared_core62_v1,2,CELL_DENSITY_MACROPHAGE_IN_TUMOR_CORE,LUSC,-0.0536163276709433
nsclc,shared_core62_v1,2,CELL_PERCENTAGE_GRANULOCYTE_IN_TUMOR_CORE,LUSC,0.11013699211908423
nsclc,shared_core62_v1,2,CELL_DENSITY_GRANULOCYTE_IN_TUMOR_CORE,LUSC,-0.009703393690278454
nsclc,shared_core62_v1,2,CELL_PERCENTAGE_PLASMA_CELL_IN_TUMOR_CORE,LUSC,0.07329682830982566
nsclc,shared_core62_v1,2,CELL_DENSITY_PLASMA_CELL_IN_TUMOR_CORE,LUSC,-0.014711015028500129
nsclc,shared_core62_v1,2,CELL_PERCENTAGE_FIBROBLAST_IN_TUMOR_CORE,LUSC,0.10758561113718261
nsclc,shared_core62_v1,2,CELL_DENSITY_FIBROBLAST_IN_TUMOR_CORE,LUSC,0.03954135684256426
nsclc,shared_core62_v1,2,CELL_PERCENTAGE_ENDOTHELIAL_CELL_IN_TUMOR_CORE,LUSC,-0.01238925289700488
nsclc,shared_core62_v1,2,CELL_DENSITY_ENDOTHELIAL_CELL_IN_TUMOR_CORE,LUSC,-0.026344819610872944
nsclc,shared_core62_v1,2,CELL_PERCENTAGE_CARCINOMA_CELL_IN_INNER_INVASIVE_MARGIN,LUSC,-0.012328526655328898
nsclc,shared_core62_v1,2,CELL_DENSITY_CARCINOMA_CELL_IN_INNER_INVASIVE_MARGIN,LUSC,0.014370065793565137
nsclc,shared_core62_v1,2,CELL_PERCENTAGE_LYMPHOCYTE_IN_INNER_INVASIVE_MARGIN,LUSC,-0.03756626190466809
nsclc,shared_core62_v1,2,CELL_DENSITY_LYMPHOCYTE_IN_INNER_INVASIVE_MARGIN,LUSC,-0.07688684440134212
nsclc,shared_core62_v1,2,CELL_PERCENTAGE_MACROPHAGE_IN_INNER_INVASIVE_MARGIN,LUSC,0.020248408880997375
nsclc,shared_core62_v1,2,CELL_DENSITY_MACROPHAGE_IN_INNER_INVASIVE_MARGIN,LUSC,-0.021446825497094833
nsclc,shared_core62_v1,2,CELL_PERCENTAGE_GRANULOCYTE_IN_INNER_INVASIVE_MARGIN,LUSC,0.08094299599267428
nsclc,shared_core62_v1,2,CELL_DENSITY_GRANULOCYTE_IN_INNER_INVASIVE_MARGIN,LUSC,0.03218598292010071
nsclc,shared_core62_v1,2,CELL_PERCENTAGE_PLASMA_CELL_IN_INNER_INVASIVE_MARGIN,LUSC,0.00755660283501586
nsclc,shared_core62_v1,2,CELL_DENSITY_PLASMA_CELL_IN_INNER_INVASIVE_MARGIN,LUSC,-0.012218903036827447
nsclc,shared_core62_v1,2,CELL_PERCENTAGE_FIBROBLAST_IN_INNER_INVASIVE_MARGIN,LUSC,0.09860319151110103
nsclc,shared_core62_v1,2,CELL_DENSITY_FIBROBLAST_IN_INNER_INVASIVE_MARGIN,LUSC,0.08751831754576025
nsclc,shared_core62_v1,2,CELL_PERCENTAGE_ENDOTHELIAL_CELL_IN_INNER_INVASIVE_MARGIN,LUSC,-0.09008375144910065
nsclc,shared_core62_v1,2,CELL_DENSITY_ENDOTHELIAL_CELL_IN_INNER_INVASIVE_MARGIN,LUSC,-0.04939669153709684
nsclc,shared_core62_v1,2,RATIO_OF_LYMPHOCYTES_AROUND_CARCINOMA_CELL_IN_WHOLE_TUMOR_REGION_20,LUSC,-0.14202779407786487
nsclc,shared_core62_v1,2,AVG_MIN_DISTANCE_OF_LYMPHOCYTES_AROUND_CARCINOMA_CELL_IN_WHOLE_TUMOR_REGION_20,LUSC,0.06249123997133666
nsclc,shared_core62_v1,2,RATIO_OF_LYMPHOCYTES_AROUND_CARCINOMA_CELL_IN_WHOLE_TUMOR_REGION_40,LUSC,-0.14287389223059077
nsclc,shared_core62_v1,2,AVG_MIN_DISTANCE_OF_LYMPHOCYTES_AROUND_CARCINOMA_CELL_IN_WHOLE_TUMOR_REGION_40,LUSC,0.13979579699649702
nsclc,shared_core62_v1,2,RATIO_OF_MACROPHAGES_AROUND_CARCINOMA_CELL_IN_WHOLE_TUMOR_REGION_20,LUSC,-0.06151771646291327
nsclc,shared_core62_v1,2,AVG_MIN_DISTANCE_OF_MACROPHAGES_AROUND_CARCINOMA_CELL_IN_WHOLE_TUMOR_REGION_20,LUSC,-0.05074006079210615
nsclc,shared_core62_v1,2,RATIO_OF_MACROPHAGES_AROUND_CARCINOMA_CELL_IN_WHOLE_TUMOR_REGION_40,LUSC,-0.0001154935943768642
nsclc,shared_core62_v1,2,AVG_MIN_DISTANCE_OF_MACROPHAGES_AROUND_CARCINOMA_CELL_IN_WHOLE_TUMOR_REGION_40,LUSC,0.05596143069816577
nsclc,shared_core62_v1,2,RATIO_OF_FIBROBLASTS_AROUND_CARCINOMA_CELL_IN_WHOLE_TUMOR_REGION_20,LUSC,-0.09181167748252062
nsclc,shared_core62_v1,2,AVG_MIN_DISTANCE_OF_FIBROBLASTS_AROUND_CARCINOMA_CELL_IN_WHOLE_TUMOR_REGION_20,LUSC,0.20612611772168107
nsclc,shared_core62_v1,2,RATIO_OF_FIBROBLASTS_AROUND_CARCINOMA_CELL_IN_WHOLE_TUMOR_REGION_40,LUSC,0.0424411786698076
nsclc,shared_core62_v1,2,AVG_MIN_DISTANCE_OF_FIBROBLASTS_AROUND_CARCINOMA_CELL_IN_WHOLE_TUMOR_REGION_40,LUSC,0.2724527281976237
nsclc,shared_core62_v1,2,RATIO_OF_PLASMA_CELLS_AROUND_CARCINOMA_CELL_IN_WHOLE_TUMOR_REGION_20,LUSC,-0.14259786948905312
nsclc,shared_core62_v1,2,AVG_MIN_DISTANCE_OF_PLASMA_CELLS_AROUND_CARCINOMA_CELL_IN_WHOLE_TUMOR_REGION_20,LUSC,-0.09396975342885337
nsclc,shared_core62_v1,2,RATIO_OF_PLASMA_CELLS_AROUND_CARCINOMA_CELL_IN_WHOLE_TUMOR_REGION_40,LUSC,-0.0814390963696771
nsclc,shared_core62_v1,2,AVG_MIN_DISTANCE_OF_PLASMA_CELLS_AROUND_CARCINOMA_CELL_IN_WHOLE_TUMOR_REGION_40,LUSC,0.13897369812976507
nsclc,shared_core62_v1,2,TLS_IMMATURE_PRESENT,LUSC,0.09064680558649368
nsclc,shared_core62_v1,2,TLS_MATURE_PRESENT,LUSC,0.06330056508880298
nsclc,shared_core62_v1,2,LOG1P_COUNT_TLS_IMMATURE,LUSC,0.013468505553268355
nsclc,shared_core62_v1,2,LOG1P_COUNT_TLS_MATURE,LUSC,0.04419397365449488
nsclc,shared_core62_v1,3,RELATIVE_AREA_VALID_TISSUE,LUSC,-0.09547131434503557
nsclc,shared_core62_v1,3,RELATIVE_AREA_CARCINOMA,LUSC,-0.09264006465182952
nsclc,shared_core62_v1,3,RELATIVE_AREA_STROMA,LUSC,0.03988436642622956
nsclc,shared_core62_v1,3,RELATIVE_AREA_NECROSIS,LUSC,0.12280105360338739
nsclc,shared_core62_v1,3,RELATIVE_AREA_EPITHELIAL_TISSUE,LUSC,0.21365626773066448
nsclc,shared_core62_v1,3,RELATIVE_AREA_VESSEL,LUSC,-0.031756362992453054
nsclc,shared_core62_v1,3,RELATIVE_AREA_TUMOR_CORE,LUSC,-0.0545721208333515
nsclc,shared_core62_v1,3,RELATIVE_AREA_INNER_INVASIVE_MARGIN,LUSC,-0.01448825751779976
nsclc,shared_core62_v1,3,RELATIVE_AREA_OUTER_INVASIVE_MARGIN,LUSC,-0.03730057605765343
nsclc,shared_core62_v1,3,RELATIVE_AREA_CARCINOMA_IN_TUMOR_CORE,LUSC,-0.06617941928582635
nsclc,shared_core62_v1,3,RELATIVE_AREA_STROMA_IN_TUMOR_CORE,LUSC,0.06569770342938888
nsclc,shared_core62_v1,3,RELATIVE_AREA_NECROSIS_IN_TUMOR_CORE,LUSC,0.09155920323225555
nsclc,shared_core62_v1,3,RELATIVE_AREA_STROMA_IN_INNER_INVASIVE_MARGIN,LUSC,0.01730020546731797
nsclc,shared_core62_v1,3,RELATIVE_AREA_CARCINOMA_IN_INNER_INVASIVE_MARGIN,LUSC,-0.02002437266922128
nsclc,shared_core62_v1,3,CELL_PERCENTAGE_CARCINOMA_CELL_IN_TUMOR_CORE,LUSC,-0.033841273912419034
nsclc,shared_core62_v1,3,CELL_DENSITY_CARCINOMA_CELL_IN_TUMOR_CORE,LUSC,0.038960417148301875
nsclc,shared_core62_v1,3,CELL_PERCENTAGE_LYMPHOCYTE_IN_TUMOR_CORE,LUSC,-0.11761594433238837
nsclc,shared_core62_v1,3,CELL_DENSITY_LYMPHOCYTE_IN_TUMOR_CORE,LUSC,-0.022632545466487304
nsclc,shared_core62_v1,3,CELL_PERCENTAGE_MACROPHAGE_IN_TUMOR_CORE,LUSC,0.1484654559594245
nsclc,shared_core62_v1,3,CELL_DENSITY_MACROPHAGE_IN_TUMOR_CORE,LUSC,0.21241983556922067
nsclc,shared_core62_v1,3,CELL_PERCENTAGE_GRANULOCYTE_IN_TUMOR_CORE,LUSC,0.0721002480767816
nsclc,shared_core62_v1,3,CELL_DENSITY_GRANULOCYTE_IN_TUMOR_CORE,LUSC,0.13645624307915893
nsclc,shared_core62_v1,3,CELL_PERCENTAGE_PLASMA_CELL_IN_TUMOR_CORE,LUSC,0.14526767680402575
nsclc,shared_core62_v1,3,CELL_DENSITY_PLASMA_CELL_IN_TUMOR_CORE,LUSC,0.11821652838144714
nsclc,shared_core62_v1,3,CELL_PERCENTAGE_FIBROBLAST_IN_TUMOR_CORE,LUSC,-0.041864262018615206
nsclc,shared_core62_v1,3,CELL_DENSITY_FIBROBLAST_IN_TUMOR_CORE,LUSC,0.1369296729128874
nsclc,shared_core62_v1,3,CELL_PERCENTAGE_ENDOTHELIAL_CELL_IN_TUMOR_CORE,LUSC,-0.1571831816486855
nsclc,shared_core62_v1,3,CELL_DENSITY_ENDOTHELIAL_CELL_IN_TUMOR_CORE,LUSC,-0.042884837717827584
nsclc,shared_core62_v1,3,CELL_PERCENTAGE_CARCINOMA_CELL_IN_INNER_INVASIVE_MARGIN,LUSC,0.09305108859760942
nsclc,shared_core62_v1,3,CELL_DENSITY_CARCINOMA_CELL_IN_INNER_INVASIVE_MARGIN,LUSC,0.10694292172478169
nsclc,shared_core62_v1,3,CELL_PERCENTAGE_LYMPHOCYTE_IN_INNER_INVASIVE_MARGIN,LUSC,-0.176208783120127
nsclc,shared_core62_v1,3,CELL_DENSITY_LYMPHOCYTE_IN_INNER_INVASIVE_MARGIN,LUSC,-0.09119300747488825
nsclc,shared_core62_v1,3,CELL_PERCENTAGE_MACROPHAGE_IN_INNER_INVASIVE_MARGIN,LUSC,-0.055829183280791506
nsclc,shared_core62_v1,3,CELL_DENSITY_MACROPHAGE_IN_INNER_INVASIVE_MARGIN,LUSC,0.00875336272934535
nsclc,shared_core62_v1,3,CELL_PERCENTAGE_GRANULOCYTE_IN_INNER_INVASIVE_MARGIN,LUSC,0.08102379554517634
nsclc,shared_core62_v1,3,CELL_DENSITY_GRANULOCYTE_IN_INNER_INVASIVE_MARGIN,LUSC,0.09604100363005152
nsclc,shared_core62_v1,3,CELL_PERCENTAGE_PLASMA_CELL_IN_INNER_INVASIVE_MARGIN,LUSC,0.009256944484560563
nsclc,shared_core62_v1,3,CELL_DENSITY_PLASMA_CELL_IN_INNER_INVASIVE_MARGIN,LUSC,0.011728363198983589
nsclc,shared_core62_v1,3,CELL_PERCENTAGE_FIBROBLAST_IN_INNER_INVASIVE_MARGIN,LUSC,-0.007607837068732769
nsclc,shared_core62_v1,3,CELL_DENSITY_FIBROBLAST_IN_INNER_INVASIVE_MARGIN,LUSC,0.09478860375424336
nsclc,shared_core62_v1,3,CELL_PERCENTAGE_ENDOTHELIAL_CELL_IN_INNER_INVASIVE_MARGIN,LUSC,-0.1463936993634414
nsclc,shared_core62_v1,3,CELL_DENSITY_ENDOTHELIAL_CELL_IN_INNER_INVASIVE_MARGIN,LUSC,-0.07141521026855381
nsclc,shared_core62_v1,3,RATIO_OF_LYMPHOCYTES_AROUND_CARCINOMA_CELL_IN_WHOLE_TUMOR_REGION_20,LUSC,-0.15656387497279312
nsclc,shared_core62_v1,3,AVG_MIN_DISTANCE_OF_LYMPHOCYTES_AROUND_CARCINOMA_CELL_IN_WHOLE_TUMOR_REGION_20,LUSC,-0.10724410069033172
nsclc,shared_core62_v1,3,RATIO_OF_LYMPHOCYTES_AROUND_CARCINOMA_CELL_IN_WHOLE_TUMOR_REGION_40,LUSC,-0.1717201872385217
nsclc,shared_core62_v1,3,AVG_MIN_DISTANCE_OF_LYMPHOCYTES_AROUND_CARCINOMA_CELL_IN_WHOLE_TUMOR_REGION_40,LUSC,0.06299762694736175
nsclc,shared_core62_v1,3,RATIO_OF_MACROPHAGES_AROUND_CARCINOMA_CELL_IN_WHOLE_TUMOR_REGION_20,LUSC,-0.15326132670320264
nsclc,shared_core62_v1,3,AVG_MIN_DISTANCE_OF_MACROPHAGES_AROUND_CARCINOMA_CELL_IN_WHOLE_TUMOR_REGION_20,LUSC,-0.02865908258262133
nsclc,shared_core62_v1,3,RATIO_OF_MACROPHAGES_AROUND_CARCINOMA_CELL_IN_WHOLE_TUMOR_REGION_40,LUSC,-0.09296967567655838
nsclc,shared_core62_v1,3,AVG_MIN_DISTANCE_OF_MACROPHAGES_AROUND_CARCINOMA_CELL_IN_WHOLE_TUMOR_REGION_40,LUSC,0.10552969356937922
nsclc,shared_core62_v1,3,RATIO_OF_FIBROBLASTS_AROUND_CARCINOMA_CELL_IN_WHOLE_TUMOR_REGION_20,LUSC,-0.13719335170484603
nsclc,shared_core62_v1,3,AVG_MIN_DISTANCE_OF_FIBROBLASTS_AROUND_CARCINOMA_CELL_IN_WHOLE_TUMOR_REGION_20,LUSC,0.03356816864099238
nsclc,shared_core62_v1,3,RATIO_OF_FIBROBLASTS_AROUND_CARCINOMA_CELL_IN_WHOLE_TUMOR_REGION_40,LUSC,-0.07936090892539535
nsclc,shared_core62_v1,3,AVG_MIN_DISTANCE_OF_FIBROBLASTS_AROUND_CARCINOMA_CELL_IN_WHOLE_TUMOR_REGION_40,LUSC,0.1433990175527364
nsclc,shared_core62_v1,3,RATIO_OF_PLASMA_CELLS_AROUND_CARCINOMA_CELL_IN_WHOLE_TUMOR_REGION_20,LUSC,-0.1496346133517738
nsclc,shared_core62_v1,3,AVG_MIN_DISTANCE_OF_PLASMA_CELLS_AROUND_CARCINOMA_CELL_IN_WHOLE_TUMOR_REGION_20,LUSC,-0.05982897870944837
nsclc,shared_core62_v1,3,RATIO_OF_PLASMA_CELLS_AROUND_CARCINOMA_CELL_IN_WHOLE_TUMOR_REGION_40,LUSC,-0.0822169598253869
nsclc,shared_core62_v1,3,AVG_MIN_DISTANCE_OF_PLASMA_CELLS_AROUND_CARCINOMA_CELL_IN_WHOLE_TUMOR_REGION_40,LUSC,0.08058790566563205
nsclc,shared_core62_v1,3,TLS_IMMATURE_PRESENT,LUSC,-0.0670611823478901
nsclc,shared_core62_v1,3,TLS_MATURE_PRESENT,LUSC,0.10924986890104982
nsclc,shared_core62_v1,3,LOG1P_COUNT_TLS_IMMATURE,LUSC,-0.14362097714750108
nsclc,shared_core62_v1,3,LOG1P_COUNT_TLS_MATURE,LUSC,0.1815134012058799
nsclc,shared_core62_v1,4,RELATIVE_AREA_VALID_TISSUE,LUSC,-0.04990228072207839
nsclc,shared_core62_v1,4,RELATIVE_AREA_CARCINOMA,LUSC,0.007811848906291735
nsclc,shared_core62_v1,4,RELATIVE_AREA_STROMA,LUSC,-0.0026571124112868814
nsclc,shared_core62_v1,4,RELATIVE_AREA_NECROSIS,LUSC,0.2540023798525062
nsclc,shared_core62_v1,4,RELATIVE_AREA_EPITHELIAL_TISSUE,LUSC,0.1294423387278972
nsclc,shared_core62_v1,4,RELATIVE_AREA_VESSEL,LUSC,0.009197497524653464
nsclc,shared_core62_v1,4,RELATIVE_AREA_TUMOR_CORE,LUSC,-0.09533133745561559
nsclc,shared_core62_v1,4,RELATIVE_AREA_INNER_INVASIVE_MARGIN,LUSC,-0.04355669170106115
nsclc,shared_core62_v1,4,RELATIVE_AREA_OUTER_INVASIVE_MARGIN,LUSC,0.06936363551816267
nsclc,shared_core62_v1,4,RELATIVE_AREA_CARCINOMA_IN_TUMOR_CORE,LUSC,-0.0038136505193458424
nsclc,shared_core62_v1,4,RELATIVE_AREA_STROMA_IN_TUMOR_CORE,LUSC,-0.08678661040714576
nsclc,shared_core62_v1,4,RELATIVE_AREA_NECROSIS_IN_TUMOR_CORE,LUSC,0.15561921988068292
nsclc,shared_core62_v1,4,RELATIVE_AREA_STROMA_IN_INNER_INVASIVE_MARGIN,LUSC,-0.038414182290226535
nsclc,shared_core62_v1,4,RELATIVE_AREA_CARCINOMA_IN_INNER_INVASIVE_MARGIN,LUSC,0.07392469442308924
nsclc,shared_core62_v1,4,CELL_PERCENTAGE_CARCINOMA_CELL_IN_TUMOR_CORE,LUSC,0.034063039241241204
nsclc,shared_core62_v1,4,CELL_DENSITY_CARCINOMA_CELL_IN_TUMOR_CORE,LUSC,-0.05564444575150499
nsclc,shared_core62_v1,4,CELL_PERCENTAGE_LYMPHOCYTE_IN_TUMOR_CORE,LUSC,-0.11120644907352603
nsclc,shared_core62_v1,4,CELL_DENSITY_LYMPHOCYTE_IN_TUMOR_CORE,LUSC,-0.13019317920693085
nsclc,shared_core62_v1,4,CELL_PERCENTAGE_MACROPHAGE_IN_TUMOR_CORE,LUSC,-0.08371354660385795
nsclc,shared_core62_v1,4,CELL_DENSITY_MACROPHAGE_IN_TUMOR_CORE,LUSC,-0.06812173985675021
nsclc,shared_core62_v1,4,CELL_PERCENTAGE_GRANULOCYTE_IN_TUMOR_CORE,LUSC,0.02347046372373345
nsclc,shared_core62_v1,4,CELL_DENSITY_GRANULOCYTE_IN_TUMOR_CORE,LUSC,-0.012539579123907482
nsclc,shared_core62_v1,4,CELL_PERCENTAGE_PLASMA_CELL_IN_TUMOR_CORE,LUSC,-0.02062627858636474
nsclc,shared_core62_v1,4,CELL_DENSITY_PLASMA_CELL_IN_TUMOR_CORE,LUSC,-0.014644821163385021
nsclc,shared_core62_v1,4,CELL_PERCENTAGE_FIBROBLAST_IN_TUMOR_CORE,LUSC,-0.02291526729543834
nsclc,shared_core62_v1,4,CELL_DENSITY_FIBROBLAST_IN_TUMOR_CORE,LUSC,-0.054181875718411106
nsclc,shared_core62_v1,4,CELL_PERCENTAGE_ENDOTHELIAL_CELL_IN_TUMOR_CORE,LUSC,-0.09238124202155389
nsclc,shared_core62_v1,4,CELL_DENSITY_ENDOTHELIAL_CELL_IN_TUMOR_CORE,LUSC,-0.11480539280485681
nsclc,shared_core62_v1,4,CELL_PERCENTAGE_CARCINOMA_CELL_IN_INNER_INVASIVE_MARGIN,LUSC,0.001901433160092656
nsclc,shared_core62_v1,4,CELL_DENSITY_CARCINOMA_CELL_IN_INNER_INVASIVE_MARGIN,LUSC,0.05221189318512772
nsclc,shared_core62_v1,4,CELL_PERCENTAGE_LYMPHOCYTE_IN_INNER_INVASIVE_MARGIN,LUSC,-0.013065221265359785
nsclc,shared_core62_v1,4,CELL_DENSITY_LYMPHOCYTE_IN_INNER_INVASIVE_MARGIN,LUSC,-0.04030005421818871
nsclc,shared_core62_v1,4,CELL_PERCENTAGE_MACROPHAGE_IN_INNER_INVASIVE_MARGIN,LUSC,0.028283438747167402
nsclc,shared_core62_v1,4,CELL_DENSITY_MACROPHAGE_IN_INNER_INVASIVE_MARGIN,LUSC,0.039713114607533254
nsclc,shared_core62_v1,4,CELL_PERCENTAGE_GRANULOCYTE_IN_INNER_INVASIVE_MARGIN,LUSC,0.12158066579253647
nsclc,shared_core62_v1,4,CELL_DENSITY_GRANULOCYTE_IN_INNER_INVASIVE_MARGIN,LUSC,0.1139367707477298
nsclc,shared_core62_v1,4,CELL_PERCENTAGE_PLASMA_CELL_IN_INNER_INVASIVE_MARGIN,LUSC,0.031014489882958383
nsclc,shared_core62_v1,4,CELL_DENSITY_PLASMA_CELL_IN_INNER_INVASIVE_MARGIN,LUSC,0.12353724281691791
nsclc,shared_core62_v1,4,CELL_PERCENTAGE_FIBROBLAST_IN_INNER_INVASIVE_MARGIN,LUSC,0.03896997169289139
nsclc,shared_core62_v1,4,CELL_DENSITY_FIBROBLAST_IN_INNER_INVASIVE_MARGIN,LUSC,0.11961499005270182
nsclc,shared_core62_v1,4,CELL_PERCENTAGE_ENDOTHELIAL_CELL_IN_INNER_INVASIVE_MARGIN,LUSC,-0.08189359438706398
nsclc,shared_core62_v1,4,CELL_DENSITY_ENDOTHELIAL_CELL_IN_INNER_INVASIVE_MARGIN,LUSC,-0.038179995743973065
nsclc,shared_core62_v1,4,RATIO_OF_LYMPHOCYTES_AROUND_CARCINOMA_CELL_IN_WHOLE_TUMOR_REGION_20,LUSC,-0.14137536149900856
nsclc,shared_core62_v1,4,AVG_MIN_DISTANCE_OF_LYMPHOCYTES_AROUND_CARCINOMA_CELL_IN_WHOLE_TUMOR_REGION_20,LUSC,0.012779700521719551
nsclc,shared_core62_v1,4,RATIO_OF_LYMPHOCYTES_AROUND_CARCINOMA_CELL_IN_WHOLE_TUMOR_REGION_40,LUSC,-0.09137161065184905
nsclc,shared_core62_v1,4,AVG_MIN_DISTANCE_OF_LYMPHOCYTES_AROUND_CARCINOMA_CELL_IN_WHOLE_TUMOR_REGION_40,LUSC,0.13791143306003162
nsclc,shared_core62_v1,4,RATIO_OF_MACROPHAGES_AROUND_CARCINOMA_CELL_IN_WHOLE_TUMOR_REGION_20,LUSC,-0.0016188270220867918
nsclc,shared_core62_v1,4,AVG_MIN_DISTANCE_OF_MACROPHAGES_AROUND_CARCINOMA_CELL_IN_WHOLE_TUMOR_REGION_20,LUSC,-0.029666763552318853
nsclc,shared_core62_v1,4,RATIO_OF_MACROPHAGES_AROUND_CARCINOMA_CELL_IN_WHOLE_TUMOR_REGION_40,LUSC,0.08411570295695464
nsclc,shared_core62_v1,4,AVG_MIN_DISTANCE_OF_MACROPHAGES_AROUND_CARCINOMA_CELL_IN_WHOLE_TUMOR_REGION_40,LUSC,-0.04448026596236961
nsclc,shared_core62_v1,4,RATIO_OF_FIBROBLASTS_AROUND_CARCINOMA_CELL_IN_WHOLE_TUMOR_REGION_20,LUSC,-0.20970892238761032
nsclc,shared_core62_v1,4,AVG_MIN_DISTANCE_OF_FIBROBLASTS_AROUND_CARCINOMA_CELL_IN_WHOLE_TUMOR_REGION_20,LUSC,0.16652336469342144
nsclc,shared_core62_v1,4,RATIO_OF_FIBROBLASTS_AROUND_CARCINOMA_CELL_IN_WHOLE_TUMOR_REGION_40,LUSC,-0.1206786341444698
nsclc,shared_core62_v1,4,AVG_MIN_DISTANCE_OF_FIBROBLASTS_AROUND_CARCINOMA_CELL_IN_WHOLE_TUMOR_REGION_40,LUSC,0.2896471104155581
nsclc,shared_core62_v1,4,RATIO_OF_PLASMA_CELLS_AROUND_CARCINOMA_CELL_IN_WHOLE_TUMOR_REGION_20,LUSC,-0.16537507093832726
nsclc,shared_core62_v1,4,AVG_MIN_DISTANCE_OF_PLASMA_CELLS_AROUND_CARCINOMA_CELL_IN_WHOLE_TUMOR_REGION_20,LUSC,-0.05020611165501212
nsclc,shared_core62_v1,4,RATIO_OF_PLASMA_CELLS_AROUND_CARCINOMA_CELL_IN_WHOLE_TUMOR_REGION_40,LUSC,-0.148244386084246
nsclc,shared_core62_v1,4,AVG_MIN_DISTANCE_OF_PLASMA_CELLS_AROUND_CARCINOMA_CELL_IN_WHOLE_TUMOR_REGION_40,LUSC,0.16983584170905563
nsclc,shared_core62_v1,4,TLS_IMMATURE_PRESENT,LUSC,-0.06218102549266375
nsclc,shared_core62_v1,4,TLS_MATURE_PRESENT,LUSC,0.20003221692860576
nsclc,shared_core62_v1,4,LOG1P_COUNT_TLS_IMMATURE,LUSC,0.1159731054872901
nsclc,shared_core62_v1,4,LOG1P_COUNT_TLS_MATURE,LUSC,0.12013744956701004
