cohort,positive_class,variant,image_architecture,image_encoder,shots,panel,level,rank_by_mean_absolute,feature_name,mean_absolute_pp,fold_sd_absolute_pp,mean_signed_pp,mean_rank,top10_fold_fraction,folds,complete_five_fold,fold_0_absolute_pp,fold_1_absolute_pp,fold_2_absolute_pp,fold_3_absolute_pp,fold_4_absolute_pp,fold_0_rank,fold_1_rank,fold_2_rank,fold_3_rank,fold_4_rank
crc,MUCINOUS,PathoTME-LR,none,none,16,shared_core62_v1,feature,1,CELL_DENSITY_PLASMA_CELL_IN_INNER_INVASIVE_MARGIN,3.0600760653080306,3.294851960149815,-0.057977484349506204,14.4,0.4,5,True,0.10502989259213986,5.295571167126339,7.538058096043367,0.045246915043075424,2.3164742557352302,9,13,2,28,20
crc,MUCINOUS,PathoTME-LR,none,none,16,shared_core62_v1,feature,2,RELATIVE_AREA_STROMA_IN_TUMOR_CORE,2.889444504806533,3.1292641540775863,-0.8089881838560393,21.4,0.4,5,True,0.04564640823022081,5.847571473295414,6.547422812211996,0.0452935813382698,1.9612882489567662,40,10,4,27,26
crc,MUCINOUS,PathoTME-LR,none,none,16,shared_core62_v1,feature,3,AVG_MIN_DISTANCE_OF_LYMPHOCYTES_AROUND_CARCINOMA_CELL_IN_WHOLE_TUMOR_REGION_20,2.749384672138743,3.193806578227102,-1.1286719919871675,18.8,0.2,5,True,0.05498509851422876,3.8491162404928847,2.0851408191269996,0.04870731615012012,7.708973886409481,30,18,23,22,1
crc,MUCINOUS,PathoTME-LR,none,none,16,shared_core62_v1,feature,4,CELL_PERCENTAGE_GRANULOCYTE_IN_TUMOR_CORE,2.6223155392516593,3.2902433297189946,0.8703245498070332,15.4,0.6,5,True,0.11279765488843471,7.562271939769776,4.422797480009586,0.05415438925573818,0.9595562323347617,8,2,7,15,45
crc,MUCINOUS,PathoTME-LR,none,none,16,shared_core62_v1,feature,5,RELATIVE_AREA_EPITHELIAL_TISSUE,2.602770214381564,2.3281371916696223,-0.25193423999971654,12.0,0.6,5,True,0.08402509832131075,4.803328912018769,3.998321006476028,0.0682878645318527,4.05988819055986,20,15,9,7,9
crc,MUCINOUS,PathoTME-LR,none,none,16,shared_core62_v1,feature,6,RELATIVE_AREA_OUTER_INVASIVE_MARGIN,2.5053855769916016,2.817151038448902,-0.09530282607667308,15.2,0.6,5,True,0.06980654512601338,6.239948097623078,4.709810338828882,0.09416108166050698,1.4132018217195268,25,7,5,3,36
crc,MUCINOUS,PathoTME-LR,none,none,16,shared_core62_v1,feature,7,RELATIVE_AREA_CARCINOMA_IN_TUMOR_CORE,2.4441327312055146,2.6295069006326743,-0.5207378159469732,13.6,0.6,5,True,0.0759141470124586,6.029423975104271,1.7756892361752166,0.09651885672612875,4.2431174410095,21,9,31,2,5
crc,MUCINOUS,PathoTME-LR,none,none,16,shared_core62_v1,feature,8,RELATIVE_AREA_NECROSIS_IN_TUMOR_CORE,2.398062977247944,2.9430767054625644,-0.2570875858387704,20.0,0.4,5,True,0.029244853489858988,7.174249551782676,2.98241532918906,0.06348923785015721,1.740915913927967,44,3,14,9,30
crc,MUCINOUS,PathoTME-LR,none,none,16,shared_core62_v1,feature,9,AVG_MIN_DISTANCE_OF_PLASMA_CELLS_AROUND_CARCINOMA_CELL_IN_WHOLE_TUMOR_REGION_20,2.143704519830093,2.5003053327367124,-0.788940589216948,20.8,0.2,5,True,0.10291173411112181,6.169163004266583,1.9275709479570236,0.029318714116256247,2.48955819869948,12,8,30,38,16
crc,MUCINOUS,PathoTME-LR,none,none,16,shared_core62_v1,feature,10,AVG_MIN_DISTANCE_OF_FIBROBLASTS_AROUND_CARCINOMA_CELL_IN_WHOLE_TUMOR_REGION_20,2.1311119817547195,3.0908846401071424,-0.6445864380598997,26.8,0.4,5,True,0.11409882887347722,7.070760456043329,0.15744179747786177,0.013437258675071857,3.2998215677038574,7,4,60,52,11
crc,MUCINOUS,PathoTME-LR,none,none,16,shared_core62_v1,group,1,low/tumor_core_composition,5.893921446616508,6.188075623635103,-1.92800785455327,6.0,0.8,5,True,0.08184030624241964,14.644268076134098,9.019978871693718,0.15436039326492448,5.569159585747382,15,1,3,5,6
crc,MUCINOUS,PathoTME-LR,none,none,16,shared_core62_v1,group,2,high/cell_plasma_cell,5.80383806896311,9.918688055788056,-0.03845556182376843,7.8,0.6,5,True,0.1267010050321521,3.834814683179959,23.341459230414635,0.1777037348593247,1.5385116913294798,9,12,1,2,15
crc,MUCINOUS,PathoTME-LR,none,none,16,shared_core62_v1,group,3,high/cell_granulocyte,4.848891657554267,5.0005424838812536,1.6123240159039967,8.2,0.6,5,True,0.12694123763357198,10.071749423991086,3.954309471273705,0.06733203179798772,10.024126123074984,8,5,12,13,3
crc,MUCINOUS,PathoTME-LR,none,none,16,shared_core62_v1,group,4,high/spatial_lymphocytes,4.803997087429314,5.2648569789521,-1.6772861363719884,8.0,0.8,5,True,0.1007770798775996,5.69140106030607,5.212105661689292,0.10494819037072295,12.91075344490289,13,10,6,9,2
crc,MUCINOUS,PathoTME-LR,none,none,16,shared_core62_v1,group,5,low/tls,4.613763861218848,4.813839679334787,0.1303051507512909,7.2,0.8,5,True,0.12451298772373244,11.68071256111919,5.642359858561401,0.068684674123468,5.552549224566449,10,2,4,12,8
crc,MUCINOUS,PathoTME-LR,none,none,16,shared_core62_v1,group,6,low/global_tissue,4.47793615273037,4.103225677764,0.04460897967338888,4.8,1.0,5,True,0.2569970917179089,5.780054451801336,9.180146390799491,0.11255568519219458,7.059927144140922,1,9,2,8,4
crc,MUCINOUS,PathoTME-LR,none,none,16,shared_core62_v1,group,7,high/cell_macrophage,4.312463055901747,6.381499100773939,0.9104644311191764,9.8,0.4,5,True,0.08931809776026076,1.9977003791126406,4.001521211558638,0.11615984212281981,15.35761574895438,14,16,11,7,1
crc,MUCINOUS,PathoTME-LR,none,none,16,shared_core62_v1,group,8,high/cell_carcinoma_cell,3.89120526832831,3.8508594467753943,-0.35828542972226474,7.6,1.0,5,True,0.2132761773045454,9.28716978046849,5.178858062089152,0.09731904423228938,4.679403277547075,5,7,7,10,9
crc,MUCINOUS,PathoTME-LR,none,none,16,shared_core62_v1,group,9,high/spatial_fibroblasts,3.726985845391268,4.006021944029617,-0.22490913590463557,8.0,0.8,5,True,0.2250899611845986,9.813141381159898,4.961963430217007,0.07526689916384403,3.5594675552309947,4,6,9,11,10
crc,MUCINOUS,PathoTME-LR,none,none,16,shared_core62_v1,group,10,high/cell_endothelial_cell,3.6771803553003783,5.079095160963491,0.1856652589066114,9.4,0.6,5,True,0.1482881535764726,11.34734074759827,0.3705323183139663,0.04878219495652444,6.470958362056658,7,3,16,16,5
crc,MUCINOUS,PathoTME-Fusion50,dyko,clip-rn50,16,shared_core62_v1,feature,1,CELL_DENSITY_PLASMA_CELL_IN_INNER_INVASIVE_MARGIN,1.5300380326540153,1.6474259800749076,-0.028988742174753102,14.4,0.4,5,True,0.05251494629606993,2.6477855835631696,3.7690290480216837,0.022623457521537712,1.1582371278676151,9,13,2,28,20
crc,MUCINOUS,PathoTME-Fusion50,dyko,clip-rn50,16,shared_core62_v1,feature,2,RELATIVE_AREA_STROMA_IN_TUMOR_CORE,1.4447222524032666,1.5646320770387931,-0.40449409192801966,21.4,0.4,5,True,0.022823204115110404,2.923785736647707,3.273711406105998,0.0226467906691349,0.9806441244783831,40,10,4,27,26
crc,MUCINOUS,PathoTME-Fusion50,dyko,clip-rn50,16,shared_core62_v1,feature,3,AVG_MIN_DISTANCE_OF_LYMPHOCYTES_AROUND_CARCINOMA_CELL_IN_WHOLE_TUMOR_REGION_20,1.3746923360693715,1.596903289113551,-0.5643359959935837,18.8,0.2,5,True,0.02749254925711438,1.9245581202464423,1.0425704095634998,0.02435365807506006,3.8544869432047406,30,18,23,22,1
crc,MUCINOUS,PathoTME-Fusion50,dyko,clip-rn50,16,shared_core62_v1,feature,4,CELL_PERCENTAGE_GRANULOCYTE_IN_TUMOR_CORE,1.3111577696258296,1.6451216648594973,0.4351622749035166,15.4,0.6,5,True,0.056398827444217356,3.781135969884888,2.211398740004793,0.02707719462786909,0.47977811616738086,8,2,7,15,45
crc,MUCINOUS,PathoTME-Fusion50,dyko,clip-rn50,16,shared_core62_v1,feature,5,RELATIVE_AREA_EPITHELIAL_TISSUE,1.301385107190782,1.1640685958348111,-0.12596711999985827,12.0,0.6,5,True,0.042012549160655374,2.4016644560093847,1.999160503238014,0.03414393226592635,2.02994409527993,20,15,9,7,9
crc,MUCINOUS,PathoTME-Fusion50,dyko,clip-rn50,16,shared_core62_v1,feature,6,RELATIVE_AREA_OUTER_INVASIVE_MARGIN,1.2526927884958008,1.408575519224451,-0.04765141303833654,15.2,0.6,5,True,0.03490327256300669,3.119974048811539,2.354905169414441,0.04708054083025349,0.7066009108597634,25,7,5,3,36
crc,MUCINOUS,PathoTME-Fusion50,dyko,clip-rn50,16,shared_core62_v1,feature,7,RELATIVE_AREA_CARCINOMA_IN_TUMOR_CORE,1.2220663656027573,1.3147534503163372,-0.2603689079734866,13.6,0.6,5,True,0.0379570735062293,3.0147119875521353,0.8878446180876083,0.04825942836306438,2.12155872050475,21,9,31,2,5
crc,MUCINOUS,PathoTME-Fusion50,dyko,clip-rn50,16,shared_core62_v1,feature,8,RELATIVE_AREA_NECROSIS_IN_TUMOR_CORE,1.199031488623972,1.4715383527312822,-0.1285437929193852,20.0,0.4,5,True,0.014622426744929494,3.587124775891338,1.49120766459453,0.031744618925078606,0.8704579569639835,44,3,14,9,30
crc,MUCINOUS,PathoTME-Fusion50,dyko,clip-rn50,16,shared_core62_v1,feature,9,AVG_MIN_DISTANCE_OF_PLASMA_CELLS_AROUND_CARCINOMA_CELL_IN_WHOLE_TUMOR_REGION_20,1.0718522599150464,1.2501526663683562,-0.394470294608474,20.8,0.2,5,True,0.051455867055560905,3.0845815021332914,0.9637854739785118,0.014659357058128123,1.24477909934974,12,8,30,38,16
crc,MUCINOUS,PathoTME-Fusion50,dyko,clip-rn50,16,shared_core62_v1,feature,10,AVG_MIN_DISTANCE_OF_FIBROBLASTS_AROUND_CARCINOMA_CELL_IN_WHOLE_TUMOR_REGION_20,1.0655559908773597,1.5454423200535712,-0.32229321902994984,26.8,0.4,5,True,0.05704941443673861,3.5353802280216646,0.07872089873893089,0.006718629337535928,1.6499107838519287,7,4,60,52,11
crc,MUCINOUS,PathoTME-Fusion50,dyko,clip-rn50,16,shared_core62_v1,group,1,low/tumor_core_composition,2.946960723308254,3.0940378118175516,-0.964003927276635,6.0,0.8,5,True,0.04092015312120982,7.322134038067049,4.509989435846859,0.07718019663246224,2.784579792873691,15,1,3,5,6
crc,MUCINOUS,PathoTME-Fusion50,dyko,clip-rn50,16,shared_core62_v1,group,2,high/cell_plasma_cell,2.901919034481555,4.959344027894028,-0.019227780911884214,7.8,0.6,5,True,0.06335050251607605,1.9174073415899795,11.670729615207318,0.08885186742966235,0.7692558456647399,9,12,1,2,15
crc,MUCINOUS,PathoTME-Fusion50,dyko,clip-rn50,16,shared_core62_v1,group,3,high/cell_granulocyte,2.4244458287771335,2.5002712419406268,0.8061620079519983,8.2,0.6,5,True,0.06347061881678599,5.035874711995543,1.9771547356368524,0.03366601589899386,5.012063061537492,8,5,12,13,3
crc,MUCINOUS,PathoTME-Fusion50,dyko,clip-rn50,16,shared_core62_v1,group,4,high/spatial_lymphocytes,2.401998543714657,2.63242848947605,-0.8386430681859942,8.0,0.8,5,True,0.0503885399387998,2.845700530153035,2.606052830844646,0.052474095185361475,6.455376722451445,13,10,6,9,2
crc,MUCINOUS,PathoTME-Fusion50,dyko,clip-rn50,16,shared_core62_v1,group,5,low/tls,2.306881930609424,2.4069198396673936,0.06515257537564545,7.2,0.8,5,True,0.06225649386186622,5.840356280559595,2.8211799292807007,0.034342337061734,2.7762746122832245,10,2,4,12,8
crc,MUCINOUS,PathoTME-Fusion50,dyko,clip-rn50,16,shared_core62_v1,group,6,low/global_tissue,2.238968076365185,2.051612838882,0.02230448983669444,4.8,1.0,5,True,0.12849854585895445,2.890027225900668,4.590073195399746,0.05627784259609729,3.529963572070461,1,9,2,8,4
crc,MUCINOUS,PathoTME-Fusion50,dyko,clip-rn50,16,shared_core62_v1,group,7,high/cell_macrophage,2.1562315279508737,3.1907495503869696,0.4552322155595882,9.8,0.4,5,True,0.04465904888013038,0.9988501895563203,2.000760605779319,0.058079921061409905,7.67880787447719,14,16,11,7,1
crc,MUCINOUS,PathoTME-Fusion50,dyko,clip-rn50,16,shared_core62_v1,group,8,high/cell_carcinoma_cell,1.945602634164155,1.9254297233876971,-0.17914271486113237,7.6,1.0,5,True,0.1066380886522727,4.643584890234245,2.589429031044576,0.04865952211614469,2.3397016387735374,5,7,7,10,9
crc,MUCINOUS,PathoTME-Fusion50,dyko,clip-rn50,16,shared_core62_v1,group,9,high/spatial_fibroblasts,1.863492922695634,2.0030109720148084,-0.11245456795231779,8.0,0.8,5,True,0.1125449805922993,4.906570690579949,2.4809817151085034,0.03763344958192202,1.7797337776154973,4,6,9,11,10
crc,MUCINOUS,PathoTME-Fusion50,dyko,clip-rn50,16,shared_core62_v1,group,10,high/cell_endothelial_cell,1.8385901776501892,2.5395475804817456,0.0928326294533057,9.4,0.6,5,True,0.0741440767882363,5.673670373799135,0.18526615915698316,0.02439109747826222,3.235479181028329,7,3,16,16,5
crc,MUCINOUS,PathoTME-Fusion50,dyko,plip,16,shared_core62_v1,feature,1,CELL_DENSITY_PLASMA_CELL_IN_INNER_INVASIVE_MARGIN,1.5300380326540153,1.6474259800749076,-0.028988742174753102,14.4,0.4,5,True,0.05251494629606993,2.6477855835631696,3.7690290480216837,0.022623457521537712,1.1582371278676151,9,13,2,28,20
crc,MUCINOUS,PathoTME-Fusion50,dyko,plip,16,shared_core62_v1,feature,2,RELATIVE_AREA_STROMA_IN_TUMOR_CORE,1.4447222524032666,1.5646320770387931,-0.40449409192801966,21.4,0.4,5,True,0.022823204115110404,2.923785736647707,3.273711406105998,0.0226467906691349,0.9806441244783831,40,10,4,27,26
crc,MUCINOUS,PathoTME-Fusion50,dyko,plip,16,shared_core62_v1,feature,3,AVG_MIN_DISTANCE_OF_LYMPHOCYTES_AROUND_CARCINOMA_CELL_IN_WHOLE_TUMOR_REGION_20,1.3746923360693715,1.596903289113551,-0.5643359959935837,18.8,0.2,5,True,0.02749254925711438,1.9245581202464423,1.0425704095634998,0.02435365807506006,3.8544869432047406,30,18,23,22,1
crc,MUCINOUS,PathoTME-Fusion50,dyko,plip,16,shared_core62_v1,feature,4,CELL_PERCENTAGE_GRANULOCYTE_IN_TUMOR_CORE,1.3111577696258296,1.6451216648594973,0.4351622749035166,15.4,0.6,5,True,0.056398827444217356,3.781135969884888,2.211398740004793,0.02707719462786909,0.47977811616738086,8,2,7,15,45
crc,MUCINOUS,PathoTME-Fusion50,dyko,plip,16,shared_core62_v1,feature,5,RELATIVE_AREA_EPITHELIAL_TISSUE,1.301385107190782,1.1640685958348111,-0.12596711999985827,12.0,0.6,5,True,0.042012549160655374,2.4016644560093847,1.999160503238014,0.03414393226592635,2.02994409527993,20,15,9,7,9
crc,MUCINOUS,PathoTME-Fusion50,dyko,plip,16,shared_core62_v1,feature,6,RELATIVE_AREA_OUTER_INVASIVE_MARGIN,1.2526927884958008,1.408575519224451,-0.04765141303833654,15.2,0.6,5,True,0.03490327256300669,3.119974048811539,2.354905169414441,0.04708054083025349,0.7066009108597634,25,7,5,3,36
crc,MUCINOUS,PathoTME-Fusion50,dyko,plip,16,shared_core62_v1,feature,7,RELATIVE_AREA_CARCINOMA_IN_TUMOR_CORE,1.2220663656027573,1.3147534503163372,-0.2603689079734866,13.6,0.6,5,True,0.0379570735062293,3.0147119875521353,0.8878446180876083,0.04825942836306438,2.12155872050475,21,9,31,2,5
crc,MUCINOUS,PathoTME-Fusion50,dyko,plip,16,shared_core62_v1,feature,8,RELATIVE_AREA_NECROSIS_IN_TUMOR_CORE,1.199031488623972,1.4715383527312822,-0.1285437929193852,20.0,0.4,5,True,0.014622426744929494,3.587124775891338,1.49120766459453,0.031744618925078606,0.8704579569639835,44,3,14,9,30
crc,MUCINOUS,PathoTME-Fusion50,dyko,plip,16,shared_core62_v1,feature,9,AVG_MIN_DISTANCE_OF_PLASMA_CELLS_AROUND_CARCINOMA_CELL_IN_WHOLE_TUMOR_REGION_20,1.0718522599150464,1.2501526663683562,-0.394470294608474,20.8,0.2,5,True,0.051455867055560905,3.0845815021332914,0.9637854739785118,0.014659357058128123,1.24477909934974,12,8,30,38,16
crc,MUCINOUS,PathoTME-Fusion50,dyko,plip,16,shared_core62_v1,feature,10,AVG_MIN_DISTANCE_OF_FIBROBLASTS_AROUND_CARCINOMA_CELL_IN_WHOLE_TUMOR_REGION_20,1.0655559908773597,1.5454423200535712,-0.32229321902994984,26.8,0.4,5,True,0.05704941443673861,3.5353802280216646,0.07872089873893089,0.006718629337535928,1.6499107838519287,7,4,60,52,11
crc,MUCINOUS,PathoTME-Fusion50,dyko,plip,16,shared_core62_v1,group,1,low/tumor_core_composition,2.946960723308254,3.0940378118175516,-0.964003927276635,6.0,0.8,5,True,0.04092015312120982,7.322134038067049,4.509989435846859,0.07718019663246224,2.784579792873691,15,1,3,5,6
crc,MUCINOUS,PathoTME-Fusion50,dyko,plip,16,shared_core62_v1,group,2,high/cell_plasma_cell,2.901919034481555,4.959344027894028,-0.019227780911884214,7.8,0.6,5,True,0.06335050251607605,1.9174073415899795,11.670729615207318,0.08885186742966235,0.7692558456647399,9,12,1,2,15
crc,MUCINOUS,PathoTME-Fusion50,dyko,plip,16,shared_core62_v1,group,3,high/cell_granulocyte,2.4244458287771335,2.5002712419406268,0.8061620079519983,8.2,0.6,5,True,0.06347061881678599,5.035874711995543,1.9771547356368524,0.03366601589899386,5.012063061537492,8,5,12,13,3
crc,MUCINOUS,PathoTME-Fusion50,dyko,plip,16,shared_core62_v1,group,4,high/spatial_lymphocytes,2.401998543714657,2.63242848947605,-0.8386430681859942,8.0,0.8,5,True,0.0503885399387998,2.845700530153035,2.606052830844646,0.052474095185361475,6.455376722451445,13,10,6,9,2
crc,MUCINOUS,PathoTME-Fusion50,dyko,plip,16,shared_core62_v1,group,5,low/tls,2.306881930609424,2.4069198396673936,0.06515257537564545,7.2,0.8,5,True,0.06225649386186622,5.840356280559595,2.8211799292807007,0.034342337061734,2.7762746122832245,10,2,4,12,8
crc,MUCINOUS,PathoTME-Fusion50,dyko,plip,16,shared_core62_v1,group,6,low/global_tissue,2.238968076365185,2.051612838882,0.02230448983669444,4.8,1.0,5,True,0.12849854585895445,2.890027225900668,4.590073195399746,0.05627784259609729,3.529963572070461,1,9,2,8,4
crc,MUCINOUS,PathoTME-Fusion50,dyko,plip,16,shared_core62_v1,group,7,high/cell_macrophage,2.1562315279508737,3.1907495503869696,0.4552322155595882,9.8,0.4,5,True,0.04465904888013038,0.9988501895563203,2.000760605779319,0.058079921061409905,7.67880787447719,14,16,11,7,1
crc,MUCINOUS,PathoTME-Fusion50,dyko,plip,16,shared_core62_v1,group,8,high/cell_carcinoma_cell,1.945602634164155,1.9254297233876971,-0.17914271486113237,7.6,1.0,5,True,0.1066380886522727,4.643584890234245,2.589429031044576,0.04865952211614469,2.3397016387735374,5,7,7,10,9
crc,MUCINOUS,PathoTME-Fusion50,dyko,plip,16,shared_core62_v1,group,9,high/spatial_fibroblasts,1.863492922695634,2.0030109720148084,-0.11245456795231779,8.0,0.8,5,True,0.1125449805922993,4.906570690579949,2.4809817151085034,0.03763344958192202,1.7797337776154973,4,6,9,11,10
crc,MUCINOUS,PathoTME-Fusion50,dyko,plip,16,shared_core62_v1,group,10,high/cell_endothelial_cell,1.8385901776501892,2.5395475804817456,0.0928326294533057,9.4,0.6,5,True,0.0741440767882363,5.673670373799135,0.18526615915698316,0.02439109747826222,3.235479181028329,7,3,16,16,5
crc,MUCINOUS,PathoTME-Fusion50,focus,clip-rn50,16,shared_core62_v1,feature,1,CELL_DENSITY_PLASMA_CELL_IN_INNER_INVASIVE_MARGIN,1.5300380326540153,1.6474259800749076,-0.028988742174753102,14.4,0.4,5,True,0.05251494629606993,2.6477855835631696,3.7690290480216837,0.022623457521537712,1.1582371278676151,9,13,2,28,20
crc,MUCINOUS,PathoTME-Fusion50,focus,clip-rn50,16,shared_core62_v1,feature,2,RELATIVE_AREA_STROMA_IN_TUMOR_CORE,1.4447222524032666,1.5646320770387931,-0.40449409192801966,21.4,0.4,5,True,0.022823204115110404,2.923785736647707,3.273711406105998,0.0226467906691349,0.9806441244783831,40,10,4,27,26
crc,MUCINOUS,PathoTME-Fusion50,focus,clip-rn50,16,shared_core62_v1,feature,3,AVG_MIN_DISTANCE_OF_LYMPHOCYTES_AROUND_CARCINOMA_CELL_IN_WHOLE_TUMOR_REGION_20,1.3746923360693715,1.596903289113551,-0.5643359959935837,18.8,0.2,5,True,0.02749254925711438,1.9245581202464423,1.0425704095634998,0.02435365807506006,3.8544869432047406,30,18,23,22,1
crc,MUCINOUS,PathoTME-Fusion50,focus,clip-rn50,16,shared_core62_v1,feature,4,CELL_PERCENTAGE_GRANULOCYTE_IN_TUMOR_CORE,1.3111577696258296,1.6451216648594973,0.4351622749035166,15.4,0.6,5,True,0.056398827444217356,3.781135969884888,2.211398740004793,0.02707719462786909,0.47977811616738086,8,2,7,15,45
crc,MUCINOUS,PathoTME-Fusion50,focus,clip-rn50,16,shared_core62_v1,feature,5,RELATIVE_AREA_EPITHELIAL_TISSUE,1.301385107190782,1.1640685958348111,-0.12596711999985827,12.0,0.6,5,True,0.042012549160655374,2.4016644560093847,1.999160503238014,0.03414393226592635,2.02994409527993,20,15,9,7,9
crc,MUCINOUS,PathoTME-Fusion50,focus,clip-rn50,16,shared_core62_v1,feature,6,RELATIVE_AREA_OUTER_INVASIVE_MARGIN,1.2526927884958008,1.408575519224451,-0.04765141303833654,15.2,0.6,5,True,0.03490327256300669,3.119974048811539,2.354905169414441,0.04708054083025349,0.7066009108597634,25,7,5,3,36
crc,MUCINOUS,PathoTME-Fusion50,focus,clip-rn50,16,shared_core62_v1,feature,7,RELATIVE_AREA_CARCINOMA_IN_TUMOR_CORE,1.2220663656027573,1.3147534503163372,-0.2603689079734866,13.6,0.6,5,True,0.0379570735062293,3.0147119875521353,0.8878446180876083,0.04825942836306438,2.12155872050475,21,9,31,2,5
crc,MUCINOUS,PathoTME-Fusion50,focus,clip-rn50,16,shared_core62_v1,feature,8,RELATIVE_AREA_NECROSIS_IN_TUMOR_CORE,1.199031488623972,1.4715383527312822,-0.1285437929193852,20.0,0.4,5,True,0.014622426744929494,3.587124775891338,1.49120766459453,0.031744618925078606,0.8704579569639835,44,3,14,9,30
crc,MUCINOUS,PathoTME-Fusion50,focus,clip-rn50,16,shared_core62_v1,feature,9,AVG_MIN_DISTANCE_OF_PLASMA_CELLS_AROUND_CARCINOMA_CELL_IN_WHOLE_TUMOR_REGION_20,1.0718522599150464,1.2501526663683562,-0.394470294608474,20.8,0.2,5,True,0.051455867055560905,3.0845815021332914,0.9637854739785118,0.014659357058128123,1.24477909934974,12,8,30,38,16
crc,MUCINOUS,PathoTME-Fusion50,focus,clip-rn50,16,shared_core62_v1,feature,10,AVG_MIN_DISTANCE_OF_FIBROBLASTS_AROUND_CARCINOMA_CELL_IN_WHOLE_TUMOR_REGION_20,1.0655559908773597,1.5454423200535712,-0.32229321902994984,26.8,0.4,5,True,0.05704941443673861,3.5353802280216646,0.07872089873893089,0.006718629337535928,1.6499107838519287,7,4,60,52,11
crc,MUCINOUS,PathoTME-Fusion50,focus,clip-rn50,16,shared_core62_v1,group,1,low/tumor_core_composition,2.946960723308254,3.0940378118175516,-0.964003927276635,6.0,0.8,5,True,0.04092015312120982,7.322134038067049,4.509989435846859,0.07718019663246224,2.784579792873691,15,1,3,5,6
crc,MUCINOUS,PathoTME-Fusion50,focus,clip-rn50,16,shared_core62_v1,group,2,high/cell_plasma_cell,2.901919034481555,4.959344027894028,-0.019227780911884214,7.8,0.6,5,True,0.06335050251607605,1.9174073415899795,11.670729615207318,0.08885186742966235,0.7692558456647399,9,12,1,2,15
crc,MUCINOUS,PathoTME-Fusion50,focus,clip-rn50,16,shared_core62_v1,group,3,high/cell_granulocyte,2.4244458287771335,2.5002712419406268,0.8061620079519983,8.2,0.6,5,True,0.06347061881678599,5.035874711995543,1.9771547356368524,0.03366601589899386,5.012063061537492,8,5,12,13,3
crc,MUCINOUS,PathoTME-Fusion50,focus,clip-rn50,16,shared_core62_v1,group,4,high/spatial_lymphocytes,2.401998543714657,2.63242848947605,-0.8386430681859942,8.0,0.8,5,True,0.0503885399387998,2.845700530153035,2.606052830844646,0.052474095185361475,6.455376722451445,13,10,6,9,2
crc,MUCINOUS,PathoTME-Fusion50,focus,clip-rn50,16,shared_core62_v1,group,5,low/tls,2.306881930609424,2.4069198396673936,0.06515257537564545,7.2,0.8,5,True,0.06225649386186622,5.840356280559595,2.8211799292807007,0.034342337061734,2.7762746122832245,10,2,4,12,8
crc,MUCINOUS,PathoTME-Fusion50,focus,clip-rn50,16,shared_core62_v1,group,6,low/global_tissue,2.238968076365185,2.051612838882,0.02230448983669444,4.8,1.0,5,True,0.12849854585895445,2.890027225900668,4.590073195399746,0.05627784259609729,3.529963572070461,1,9,2,8,4
crc,MUCINOUS,PathoTME-Fusion50,focus,clip-rn50,16,shared_core62_v1,group,7,high/cell_macrophage,2.1562315279508737,3.1907495503869696,0.4552322155595882,9.8,0.4,5,True,0.04465904888013038,0.9988501895563203,2.000760605779319,0.058079921061409905,7.67880787447719,14,16,11,7,1
crc,MUCINOUS,PathoTME-Fusion50,focus,clip-rn50,16,shared_core62_v1,group,8,high/cell_carcinoma_cell,1.945602634164155,1.9254297233876971,-0.17914271486113237,7.6,1.0,5,True,0.1066380886522727,4.643584890234245,2.589429031044576,0.04865952211614469,2.3397016387735374,5,7,7,10,9
crc,MUCINOUS,PathoTME-Fusion50,focus,clip-rn50,16,shared_core62_v1,group,9,high/spatial_fibroblasts,1.863492922695634,2.0030109720148084,-0.11245456795231779,8.0,0.8,5,True,0.1125449805922993,4.906570690579949,2.4809817151085034,0.03763344958192202,1.7797337776154973,4,6,9,11,10
crc,MUCINOUS,PathoTME-Fusion50,focus,clip-rn50,16,shared_core62_v1,group,10,high/cell_endothelial_cell,1.8385901776501892,2.5395475804817456,0.0928326294533057,9.4,0.6,5,True,0.0741440767882363,5.673670373799135,0.18526615915698316,0.02439109747826222,3.235479181028329,7,3,16,16,5
crc,MUCINOUS,PathoTME-Fusion50,focus,plip,16,shared_core62_v1,feature,1,CELL_DENSITY_PLASMA_CELL_IN_INNER_INVASIVE_MARGIN,1.5300380326540153,1.6474259800749076,-0.028988742174753102,14.4,0.4,5,True,0.05251494629606993,2.6477855835631696,3.7690290480216837,0.022623457521537712,1.1582371278676151,9,13,2,28,20
crc,MUCINOUS,PathoTME-Fusion50,focus,plip,16,shared_core62_v1,feature,2,RELATIVE_AREA_STROMA_IN_TUMOR_CORE,1.4447222524032666,1.5646320770387931,-0.40449409192801966,21.4,0.4,5,True,0.022823204115110404,2.923785736647707,3.273711406105998,0.0226467906691349,0.9806441244783831,40,10,4,27,26
crc,MUCINOUS,PathoTME-Fusion50,focus,plip,16,shared_core62_v1,feature,3,AVG_MIN_DISTANCE_OF_LYMPHOCYTES_AROUND_CARCINOMA_CELL_IN_WHOLE_TUMOR_REGION_20,1.3746923360693715,1.596903289113551,-0.5643359959935837,18.8,0.2,5,True,0.02749254925711438,1.9245581202464423,1.0425704095634998,0.02435365807506006,3.8544869432047406,30,18,23,22,1
crc,MUCINOUS,PathoTME-Fusion50,focus,plip,16,shared_core62_v1,feature,4,CELL_PERCENTAGE_GRANULOCYTE_IN_TUMOR_CORE,1.3111577696258296,1.6451216648594973,0.4351622749035166,15.4,0.6,5,True,0.056398827444217356,3.781135969884888,2.211398740004793,0.02707719462786909,0.47977811616738086,8,2,7,15,45
crc,MUCINOUS,PathoTME-Fusion50,focus,plip,16,shared_core62_v1,feature,5,RELATIVE_AREA_EPITHELIAL_TISSUE,1.301385107190782,1.1640685958348111,-0.12596711999985827,12.0,0.6,5,True,0.042012549160655374,2.4016644560093847,1.999160503238014,0.03414393226592635,2.02994409527993,20,15,9,7,9
crc,MUCINOUS,PathoTME-Fusion50,focus,plip,16,shared_core62_v1,feature,6,RELATIVE_AREA_OUTER_INVASIVE_MARGIN,1.2526927884958008,1.408575519224451,-0.04765141303833654,15.2,0.6,5,True,0.03490327256300669,3.119974048811539,2.354905169414441,0.04708054083025349,0.7066009108597634,25,7,5,3,36
crc,MUCINOUS,PathoTME-Fusion50,focus,plip,16,shared_core62_v1,feature,7,RELATIVE_AREA_CARCINOMA_IN_TUMOR_CORE,1.2220663656027573,1.3147534503163372,-0.2603689079734866,13.6,0.6,5,True,0.0379570735062293,3.0147119875521353,0.8878446180876083,0.04825942836306438,2.12155872050475,21,9,31,2,5
crc,MUCINOUS,PathoTME-Fusion50,focus,plip,16,shared_core62_v1,feature,8,RELATIVE_AREA_NECROSIS_IN_TUMOR_CORE,1.199031488623972,1.4715383527312822,-0.1285437929193852,20.0,0.4,5,True,0.014622426744929494,3.587124775891338,1.49120766459453,0.031744618925078606,0.8704579569639835,44,3,14,9,30
crc,MUCINOUS,PathoTME-Fusion50,focus,plip,16,shared_core62_v1,feature,9,AVG_MIN_DISTANCE_OF_PLASMA_CELLS_AROUND_CARCINOMA_CELL_IN_WHOLE_TUMOR_REGION_20,1.0718522599150464,1.2501526663683562,-0.394470294608474,20.8,0.2,5,True,0.051455867055560905,3.0845815021332914,0.9637854739785118,0.014659357058128123,1.24477909934974,12,8,30,38,16
crc,MUCINOUS,PathoTME-Fusion50,focus,plip,16,shared_core62_v1,feature,10,AVG_MIN_DISTANCE_OF_FIBROBLASTS_AROUND_CARCINOMA_CELL_IN_WHOLE_TUMOR_REGION_20,1.0655559908773597,1.5454423200535712,-0.32229321902994984,26.8,0.4,5,True,0.05704941443673861,3.5353802280216646,0.07872089873893089,0.006718629337535928,1.6499107838519287,7,4,60,52,11
crc,MUCINOUS,PathoTME-Fusion50,focus,plip,16,shared_core62_v1,group,1,low/tumor_core_composition,2.946960723308254,3.0940378118175516,-0.964003927276635,6.0,0.8,5,True,0.04092015312120982,7.322134038067049,4.509989435846859,0.07718019663246224,2.784579792873691,15,1,3,5,6
crc,MUCINOUS,PathoTME-Fusion50,focus,plip,16,shared_core62_v1,group,2,high/cell_plasma_cell,2.901919034481555,4.959344027894028,-0.019227780911884214,7.8,0.6,5,True,0.06335050251607605,1.9174073415899795,11.670729615207318,0.08885186742966235,0.7692558456647399,9,12,1,2,15
crc,MUCINOUS,PathoTME-Fusion50,focus,plip,16,shared_core62_v1,group,3,high/cell_granulocyte,2.4244458287771335,2.5002712419406268,0.8061620079519983,8.2,0.6,5,True,0.06347061881678599,5.035874711995543,1.9771547356368524,0.03366601589899386,5.012063061537492,8,5,12,13,3
crc,MUCINOUS,PathoTME-Fusion50,focus,plip,16,shared_core62_v1,group,4,high/spatial_lymphocytes,2.401998543714657,2.63242848947605,-0.8386430681859942,8.0,0.8,5,True,0.0503885399387998,2.845700530153035,2.606052830844646,0.052474095185361475,6.455376722451445,13,10,6,9,2
crc,MUCINOUS,PathoTME-Fusion50,focus,plip,16,shared_core62_v1,group,5,low/tls,2.306881930609424,2.4069198396673936,0.06515257537564545,7.2,0.8,5,True,0.06225649386186622,5.840356280559595,2.8211799292807007,0.034342337061734,2.7762746122832245,10,2,4,12,8
crc,MUCINOUS,PathoTME-Fusion50,focus,plip,16,shared_core62_v1,group,6,low/global_tissue,2.238968076365185,2.051612838882,0.02230448983669444,4.8,1.0,5,True,0.12849854585895445,2.890027225900668,4.590073195399746,0.05627784259609729,3.529963572070461,1,9,2,8,4
crc,MUCINOUS,PathoTME-Fusion50,focus,plip,16,shared_core62_v1,group,7,high/cell_macrophage,2.1562315279508737,3.1907495503869696,0.4552322155595882,9.8,0.4,5,True,0.04465904888013038,0.9988501895563203,2.000760605779319,0.058079921061409905,7.67880787447719,14,16,11,7,1
crc,MUCINOUS,PathoTME-Fusion50,focus,plip,16,shared_core62_v1,group,8,high/cell_carcinoma_cell,1.945602634164155,1.9254297233876971,-0.17914271486113237,7.6,1.0,5,True,0.1066380886522727,4.643584890234245,2.589429031044576,0.04865952211614469,2.3397016387735374,5,7,7,10,9
crc,MUCINOUS,PathoTME-Fusion50,focus,plip,16,shared_core62_v1,group,9,high/spatial_fibroblasts,1.863492922695634,2.0030109720148084,-0.11245456795231779,8.0,0.8,5,True,0.1125449805922993,4.906570690579949,2.4809817151085034,0.03763344958192202,1.7797337776154973,4,6,9,11,10
crc,MUCINOUS,PathoTME-Fusion50,focus,plip,16,shared_core62_v1,group,10,high/cell_endothelial_cell,1.8385901776501892,2.5395475804817456,0.0928326294533057,9.4,0.6,5,True,0.0741440767882363,5.673670373799135,0.18526615915698316,0.02439109747826222,3.235479181028329,7,3,16,16,5
crc,MUCINOUS,PathoTME-Fusion50,hive_mil,clip-rn50,16,shared_core62_v1,feature,1,CELL_DENSITY_PLASMA_CELL_IN_INNER_INVASIVE_MARGIN,1.5300380326540153,1.6474259800749076,-0.028988742174753102,14.4,0.4,5,True,0.05251494629606993,2.6477855835631696,3.7690290480216837,0.022623457521537712,1.1582371278676151,9,13,2,28,20
crc,MUCINOUS,PathoTME-Fusion50,hive_mil,clip-rn50,16,shared_core62_v1,feature,2,RELATIVE_AREA_STROMA_IN_TUMOR_CORE,1.4447222524032666,1.5646320770387931,-0.40449409192801966,21.4,0.4,5,True,0.022823204115110404,2.923785736647707,3.273711406105998,0.0226467906691349,0.9806441244783831,40,10,4,27,26
crc,MUCINOUS,PathoTME-Fusion50,hive_mil,clip-rn50,16,shared_core62_v1,feature,3,AVG_MIN_DISTANCE_OF_LYMPHOCYTES_AROUND_CARCINOMA_CELL_IN_WHOLE_TUMOR_REGION_20,1.3746923360693715,1.596903289113551,-0.5643359959935837,18.8,0.2,5,True,0.02749254925711438,1.9245581202464423,1.0425704095634998,0.02435365807506006,3.8544869432047406,30,18,23,22,1
crc,MUCINOUS,PathoTME-Fusion50,hive_mil,clip-rn50,16,shared_core62_v1,feature,4,CELL_PERCENTAGE_GRANULOCYTE_IN_TUMOR_CORE,1.3111577696258296,1.6451216648594973,0.4351622749035166,15.4,0.6,5,True,0.056398827444217356,3.781135969884888,2.211398740004793,0.02707719462786909,0.47977811616738086,8,2,7,15,45
crc,MUCINOUS,PathoTME-Fusion50,hive_mil,clip-rn50,16,shared_core62_v1,feature,5,RELATIVE_AREA_EPITHELIAL_TISSUE,1.301385107190782,1.1640685958348111,-0.12596711999985827,12.0,0.6,5,True,0.042012549160655374,2.4016644560093847,1.999160503238014,0.03414393226592635,2.02994409527993,20,15,9,7,9
crc,MUCINOUS,PathoTME-Fusion50,hive_mil,clip-rn50,16,shared_core62_v1,feature,6,RELATIVE_AREA_OUTER_INVASIVE_MARGIN,1.2526927884958008,1.408575519224451,-0.04765141303833654,15.2,0.6,5,True,0.03490327256300669,3.119974048811539,2.354905169414441,0.04708054083025349,0.7066009108597634,25,7,5,3,36
crc,MUCINOUS,PathoTME-Fusion50,hive_mil,clip-rn50,16,shared_core62_v1,feature,7,RELATIVE_AREA_CARCINOMA_IN_TUMOR_CORE,1.2220663656027573,1.3147534503163372,-0.2603689079734866,13.6,0.6,5,True,0.0379570735062293,3.0147119875521353,0.8878446180876083,0.04825942836306438,2.12155872050475,21,9,31,2,5
crc,MUCINOUS,PathoTME-Fusion50,hive_mil,clip-rn50,16,shared_core62_v1,feature,8,RELATIVE_AREA_NECROSIS_IN_TUMOR_CORE,1.199031488623972,1.4715383527312822,-0.1285437929193852,20.0,0.4,5,True,0.014622426744929494,3.587124775891338,1.49120766459453,0.031744618925078606,0.8704579569639835,44,3,14,9,30
crc,MUCINOUS,PathoTME-Fusion50,hive_mil,clip-rn50,16,shared_core62_v1,feature,9,AVG_MIN_DISTANCE_OF_PLASMA_CELLS_AROUND_CARCINOMA_CELL_IN_WHOLE_TUMOR_REGION_20,1.0718522599150464,1.2501526663683562,-0.394470294608474,20.8,0.2,5,True,0.051455867055560905,3.0845815021332914,0.9637854739785118,0.014659357058128123,1.24477909934974,12,8,30,38,16
crc,MUCINOUS,PathoTME-Fusion50,hive_mil,clip-rn50,16,shared_core62_v1,feature,10,AVG_MIN_DISTANCE_OF_FIBROBLASTS_AROUND_CARCINOMA_CELL_IN_WHOLE_TUMOR_REGION_20,1.0655559908773597,1.5454423200535712,-0.32229321902994984,26.8,0.4,5,True,0.05704941443673861,3.5353802280216646,0.07872089873893089,0.006718629337535928,1.6499107838519287,7,4,60,52,11
crc,MUCINOUS,PathoTME-Fusion50,hive_mil,clip-rn50,16,shared_core62_v1,group,1,low/tumor_core_composition,2.946960723308254,3.0940378118175516,-0.964003927276635,6.0,0.8,5,True,0.04092015312120982,7.322134038067049,4.509989435846859,0.07718019663246224,2.784579792873691,15,1,3,5,6
crc,MUCINOUS,PathoTME-Fusion50,hive_mil,clip-rn50,16,shared_core62_v1,group,2,high/cell_plasma_cell,2.901919034481555,4.959344027894028,-0.019227780911884214,7.8,0.6,5,True,0.06335050251607605,1.9174073415899795,11.670729615207318,0.08885186742966235,0.7692558456647399,9,12,1,2,15
crc,MUCINOUS,PathoTME-Fusion50,hive_mil,clip-rn50,16,shared_core62_v1,group,3,high/cell_granulocyte,2.4244458287771335,2.5002712419406268,0.8061620079519983,8.2,0.6,5,True,0.06347061881678599,5.035874711995543,1.9771547356368524,0.03366601589899386,5.012063061537492,8,5,12,13,3
crc,MUCINOUS,PathoTME-Fusion50,hive_mil,clip-rn50,16,shared_core62_v1,group,4,high/spatial_lymphocytes,2.401998543714657,2.63242848947605,-0.8386430681859942,8.0,0.8,5,True,0.0503885399387998,2.845700530153035,2.606052830844646,0.052474095185361475,6.455376722451445,13,10,6,9,2
crc,MUCINOUS,PathoTME-Fusion50,hive_mil,clip-rn50,16,shared_core62_v1,group,5,low/tls,2.306881930609424,2.4069198396673936,0.06515257537564545,7.2,0.8,5,True,0.06225649386186622,5.840356280559595,2.8211799292807007,0.034342337061734,2.7762746122832245,10,2,4,12,8
crc,MUCINOUS,PathoTME-Fusion50,hive_mil,clip-rn50,16,shared_core62_v1,group,6,low/global_tissue,2.238968076365185,2.051612838882,0.02230448983669444,4.8,1.0,5,True,0.12849854585895445,2.890027225900668,4.590073195399746,0.05627784259609729,3.529963572070461,1,9,2,8,4
crc,MUCINOUS,PathoTME-Fusion50,hive_mil,clip-rn50,16,shared_core62_v1,group,7,high/cell_macrophage,2.1562315279508737,3.1907495503869696,0.4552322155595882,9.8,0.4,5,True,0.04465904888013038,0.9988501895563203,2.000760605779319,0.058079921061409905,7.67880787447719,14,16,11,7,1
crc,MUCINOUS,PathoTME-Fusion50,hive_mil,clip-rn50,16,shared_core62_v1,group,8,high/cell_carcinoma_cell,1.945602634164155,1.9254297233876971,-0.17914271486113237,7.6,1.0,5,True,0.1066380886522727,4.643584890234245,2.589429031044576,0.04865952211614469,2.3397016387735374,5,7,7,10,9
crc,MUCINOUS,PathoTME-Fusion50,hive_mil,clip-rn50,16,shared_core62_v1,group,9,high/spatial_fibroblasts,1.863492922695634,2.0030109720148084,-0.11245456795231779,8.0,0.8,5,True,0.1125449805922993,4.906570690579949,2.4809817151085034,0.03763344958192202,1.7797337776154973,4,6,9,11,10
crc,MUCINOUS,PathoTME-Fusion50,hive_mil,clip-rn50,16,shared_core62_v1,group,10,high/cell_endothelial_cell,1.8385901776501892,2.5395475804817456,0.0928326294533057,9.4,0.6,5,True,0.0741440767882363,5.673670373799135,0.18526615915698316,0.02439109747826222,3.235479181028329,7,3,16,16,5
crc,MUCINOUS,PathoTME-Fusion50,hive_mil,plip,16,shared_core62_v1,feature,1,CELL_DENSITY_PLASMA_CELL_IN_INNER_INVASIVE_MARGIN,1.5300380326540153,1.6474259800749076,-0.028988742174753102,14.4,0.4,5,True,0.05251494629606993,2.6477855835631696,3.7690290480216837,0.022623457521537712,1.1582371278676151,9,13,2,28,20
crc,MUCINOUS,PathoTME-Fusion50,hive_mil,plip,16,shared_core62_v1,feature,2,RELATIVE_AREA_STROMA_IN_TUMOR_CORE,1.4447222524032666,1.5646320770387931,-0.40449409192801966,21.4,0.4,5,True,0.022823204115110404,2.923785736647707,3.273711406105998,0.0226467906691349,0.9806441244783831,40,10,4,27,26
crc,MUCINOUS,PathoTME-Fusion50,hive_mil,plip,16,shared_core62_v1,feature,3,AVG_MIN_DISTANCE_OF_LYMPHOCYTES_AROUND_CARCINOMA_CELL_IN_WHOLE_TUMOR_REGION_20,1.3746923360693715,1.596903289113551,-0.5643359959935837,18.8,0.2,5,True,0.02749254925711438,1.9245581202464423,1.0425704095634998,0.02435365807506006,3.8544869432047406,30,18,23,22,1
crc,MUCINOUS,PathoTME-Fusion50,hive_mil,plip,16,shared_core62_v1,feature,4,CELL_PERCENTAGE_GRANULOCYTE_IN_TUMOR_CORE,1.3111577696258296,1.6451216648594973,0.4351622749035166,15.4,0.6,5,True,0.056398827444217356,3.781135969884888,2.211398740004793,0.02707719462786909,0.47977811616738086,8,2,7,15,45
crc,MUCINOUS,PathoTME-Fusion50,hive_mil,plip,16,shared_core62_v1,feature,5,RELATIVE_AREA_EPITHELIAL_TISSUE,1.301385107190782,1.1640685958348111,-0.12596711999985827,12.0,0.6,5,True,0.042012549160655374,2.4016644560093847,1.999160503238014,0.03414393226592635,2.02994409527993,20,15,9,7,9
crc,MUCINOUS,PathoTME-Fusion50,hive_mil,plip,16,shared_core62_v1,feature,6,RELATIVE_AREA_OUTER_INVASIVE_MARGIN,1.2526927884958008,1.408575519224451,-0.04765141303833654,15.2,0.6,5,True,0.03490327256300669,3.119974048811539,2.354905169414441,0.04708054083025349,0.7066009108597634,25,7,5,3,36
crc,MUCINOUS,PathoTME-Fusion50,hive_mil,plip,16,shared_core62_v1,feature,7,RELATIVE_AREA_CARCINOMA_IN_TUMOR_CORE,1.2220663656027573,1.3147534503163372,-0.2603689079734866,13.6,0.6,5,True,0.0379570735062293,3.0147119875521353,0.8878446180876083,0.04825942836306438,2.12155872050475,21,9,31,2,5
crc,MUCINOUS,PathoTME-Fusion50,hive_mil,plip,16,shared_core62_v1,feature,8,RELATIVE_AREA_NECROSIS_IN_TUMOR_CORE,1.199031488623972,1.4715383527312822,-0.1285437929193852,20.0,0.4,5,True,0.014622426744929494,3.587124775891338,1.49120766459453,0.031744618925078606,0.8704579569639835,44,3,14,9,30
crc,MUCINOUS,PathoTME-Fusion50,hive_mil,plip,16,shared_core62_v1,feature,9,AVG_MIN_DISTANCE_OF_PLASMA_CELLS_AROUND_CARCINOMA_CELL_IN_WHOLE_TUMOR_REGION_20,1.0718522599150464,1.2501526663683562,-0.394470294608474,20.8,0.2,5,True,0.051455867055560905,3.0845815021332914,0.9637854739785118,0.014659357058128123,1.24477909934974,12,8,30,38,16
crc,MUCINOUS,PathoTME-Fusion50,hive_mil,plip,16,shared_core62_v1,feature,10,AVG_MIN_DISTANCE_OF_FIBROBLASTS_AROUND_CARCINOMA_CELL_IN_WHOLE_TUMOR_REGION_20,1.0655559908773597,1.5454423200535712,-0.32229321902994984,26.8,0.4,5,True,0.05704941443673861,3.5353802280216646,0.07872089873893089,0.006718629337535928,1.6499107838519287,7,4,60,52,11
crc,MUCINOUS,PathoTME-Fusion50,hive_mil,plip,16,shared_core62_v1,group,1,low/tumor_core_composition,2.946960723308254,3.0940378118175516,-0.964003927276635,6.0,0.8,5,True,0.04092015312120982,7.322134038067049,4.509989435846859,0.07718019663246224,2.784579792873691,15,1,3,5,6
crc,MUCINOUS,PathoTME-Fusion50,hive_mil,plip,16,shared_core62_v1,group,2,high/cell_plasma_cell,2.901919034481555,4.959344027894028,-0.019227780911884214,7.8,0.6,5,True,0.06335050251607605,1.9174073415899795,11.670729615207318,0.08885186742966235,0.7692558456647399,9,12,1,2,15
crc,MUCINOUS,PathoTME-Fusion50,hive_mil,plip,16,shared_core62_v1,group,3,high/cell_granulocyte,2.4244458287771335,2.5002712419406268,0.8061620079519983,8.2,0.6,5,True,0.06347061881678599,5.035874711995543,1.9771547356368524,0.03366601589899386,5.012063061537492,8,5,12,13,3
crc,MUCINOUS,PathoTME-Fusion50,hive_mil,plip,16,shared_core62_v1,group,4,high/spatial_lymphocytes,2.401998543714657,2.63242848947605,-0.8386430681859942,8.0,0.8,5,True,0.0503885399387998,2.845700530153035,2.606052830844646,0.052474095185361475,6.455376722451445,13,10,6,9,2
crc,MUCINOUS,PathoTME-Fusion50,hive_mil,plip,16,shared_core62_v1,group,5,low/tls,2.306881930609424,2.4069198396673936,0.06515257537564545,7.2,0.8,5,True,0.06225649386186622,5.840356280559595,2.8211799292807007,0.034342337061734,2.7762746122832245,10,2,4,12,8
crc,MUCINOUS,PathoTME-Fusion50,hive_mil,plip,16,shared_core62_v1,group,6,low/global_tissue,2.238968076365185,2.051612838882,0.02230448983669444,4.8,1.0,5,True,0.12849854585895445,2.890027225900668,4.590073195399746,0.05627784259609729,3.529963572070461,1,9,2,8,4
crc,MUCINOUS,PathoTME-Fusion50,hive_mil,plip,16,shared_core62_v1,group,7,high/cell_macrophage,2.1562315279508737,3.1907495503869696,0.4552322155595882,9.8,0.4,5,True,0.04465904888013038,0.9988501895563203,2.000760605779319,0.058079921061409905,7.67880787447719,14,16,11,7,1
crc,MUCINOUS,PathoTME-Fusion50,hive_mil,plip,16,shared_core62_v1,group,8,high/cell_carcinoma_cell,1.945602634164155,1.9254297233876971,-0.17914271486113237,7.6,1.0,5,True,0.1066380886522727,4.643584890234245,2.589429031044576,0.04865952211614469,2.3397016387735374,5,7,7,10,9
crc,MUCINOUS,PathoTME-Fusion50,hive_mil,plip,16,shared_core62_v1,group,9,high/spatial_fibroblasts,1.863492922695634,2.0030109720148084,-0.11245456795231779,8.0,0.8,5,True,0.1125449805922993,4.906570690579949,2.4809817151085034,0.03763344958192202,1.7797337776154973,4,6,9,11,10
crc,MUCINOUS,PathoTME-Fusion50,hive_mil,plip,16,shared_core62_v1,group,10,high/cell_endothelial_cell,1.8385901776501892,2.5395475804817456,0.0928326294533057,9.4,0.6,5,True,0.0741440767882363,5.673670373799135,0.18526615915698316,0.02439109747826222,3.235479181028329,7,3,16,16,5
crc,MUCINOUS,PathoTME-Fusion50,mgpath,clip-rn50,16,shared_core62_v1,feature,1,CELL_DENSITY_PLASMA_CELL_IN_INNER_INVASIVE_MARGIN,1.5300380326540153,1.6474259800749076,-0.028988742174753102,14.4,0.4,5,True,0.05251494629606993,2.6477855835631696,3.7690290480216837,0.022623457521537712,1.1582371278676151,9,13,2,28,20
crc,MUCINOUS,PathoTME-Fusion50,mgpath,clip-rn50,16,shared_core62_v1,feature,2,RELATIVE_AREA_STROMA_IN_TUMOR_CORE,1.4447222524032666,1.5646320770387931,-0.40449409192801966,21.4,0.4,5,True,0.022823204115110404,2.923785736647707,3.273711406105998,0.0226467906691349,0.9806441244783831,40,10,4,27,26
crc,MUCINOUS,PathoTME-Fusion50,mgpath,clip-rn50,16,shared_core62_v1,feature,3,AVG_MIN_DISTANCE_OF_LYMPHOCYTES_AROUND_CARCINOMA_CELL_IN_WHOLE_TUMOR_REGION_20,1.3746923360693715,1.596903289113551,-0.5643359959935837,18.8,0.2,5,True,0.02749254925711438,1.9245581202464423,1.0425704095634998,0.02435365807506006,3.8544869432047406,30,18,23,22,1
crc,MUCINOUS,PathoTME-Fusion50,mgpath,clip-rn50,16,shared_core62_v1,feature,4,CELL_PERCENTAGE_GRANULOCYTE_IN_TUMOR_CORE,1.3111577696258296,1.6451216648594973,0.4351622749035166,15.4,0.6,5,True,0.056398827444217356,3.781135969884888,2.211398740004793,0.02707719462786909,0.47977811616738086,8,2,7,15,45
crc,MUCINOUS,PathoTME-Fusion50,mgpath,clip-rn50,16,shared_core62_v1,feature,5,RELATIVE_AREA_EPITHELIAL_TISSUE,1.301385107190782,1.1640685958348111,-0.12596711999985827,12.0,0.6,5,True,0.042012549160655374,2.4016644560093847,1.999160503238014,0.03414393226592635,2.02994409527993,20,15,9,7,9
crc,MUCINOUS,PathoTME-Fusion50,mgpath,clip-rn50,16,shared_core62_v1,feature,6,RELATIVE_AREA_OUTER_INVASIVE_MARGIN,1.2526927884958008,1.408575519224451,-0.04765141303833654,15.2,0.6,5,True,0.03490327256300669,3.119974048811539,2.354905169414441,0.04708054083025349,0.7066009108597634,25,7,5,3,36
crc,MUCINOUS,PathoTME-Fusion50,mgpath,clip-rn50,16,shared_core62_v1,feature,7,RELATIVE_AREA_CARCINOMA_IN_TUMOR_CORE,1.2220663656027573,1.3147534503163372,-0.2603689079734866,13.6,0.6,5,True,0.0379570735062293,3.0147119875521353,0.8878446180876083,0.04825942836306438,2.12155872050475,21,9,31,2,5
crc,MUCINOUS,PathoTME-Fusion50,mgpath,clip-rn50,16,shared_core62_v1,feature,8,RELATIVE_AREA_NECROSIS_IN_TUMOR_CORE,1.199031488623972,1.4715383527312822,-0.1285437929193852,20.0,0.4,5,True,0.014622426744929494,3.587124775891338,1.49120766459453,0.031744618925078606,0.8704579569639835,44,3,14,9,30
crc,MUCINOUS,PathoTME-Fusion50,mgpath,clip-rn50,16,shared_core62_v1,feature,9,AVG_MIN_DISTANCE_OF_PLASMA_CELLS_AROUND_CARCINOMA_CELL_IN_WHOLE_TUMOR_REGION_20,1.0718522599150464,1.2501526663683562,-0.394470294608474,20.8,0.2,5,True,0.051455867055560905,3.0845815021332914,0.9637854739785118,0.014659357058128123,1.24477909934974,12,8,30,38,16
crc,MUCINOUS,PathoTME-Fusion50,mgpath,clip-rn50,16,shared_core62_v1,feature,10,AVG_MIN_DISTANCE_OF_FIBROBLASTS_AROUND_CARCINOMA_CELL_IN_WHOLE_TUMOR_REGION_20,1.0655559908773597,1.5454423200535712,-0.32229321902994984,26.8,0.4,5,True,0.05704941443673861,3.5353802280216646,0.07872089873893089,0.006718629337535928,1.6499107838519287,7,4,60,52,11
crc,MUCINOUS,PathoTME-Fusion50,mgpath,clip-rn50,16,shared_core62_v1,group,1,low/tumor_core_composition,2.946960723308254,3.0940378118175516,-0.964003927276635,6.0,0.8,5,True,0.04092015312120982,7.322134038067049,4.509989435846859,0.07718019663246224,2.784579792873691,15,1,3,5,6
crc,MUCINOUS,PathoTME-Fusion50,mgpath,clip-rn50,16,shared_core62_v1,group,2,high/cell_plasma_cell,2.901919034481555,4.959344027894028,-0.019227780911884214,7.8,0.6,5,True,0.06335050251607605,1.9174073415899795,11.670729615207318,0.08885186742966235,0.7692558456647399,9,12,1,2,15
crc,MUCINOUS,PathoTME-Fusion50,mgpath,clip-rn50,16,shared_core62_v1,group,3,high/cell_granulocyte,2.4244458287771335,2.5002712419406268,0.8061620079519983,8.2,0.6,5,True,0.06347061881678599,5.035874711995543,1.9771547356368524,0.03366601589899386,5.012063061537492,8,5,12,13,3
crc,MUCINOUS,PathoTME-Fusion50,mgpath,clip-rn50,16,shared_core62_v1,group,4,high/spatial_lymphocytes,2.401998543714657,2.63242848947605,-0.8386430681859942,8.0,0.8,5,True,0.0503885399387998,2.845700530153035,2.606052830844646,0.052474095185361475,6.455376722451445,13,10,6,9,2
crc,MUCINOUS,PathoTME-Fusion50,mgpath,clip-rn50,16,shared_core62_v1,group,5,low/tls,2.306881930609424,2.4069198396673936,0.06515257537564545,7.2,0.8,5,True,0.06225649386186622,5.840356280559595,2.8211799292807007,0.034342337061734,2.7762746122832245,10,2,4,12,8
crc,MUCINOUS,PathoTME-Fusion50,mgpath,clip-rn50,16,shared_core62_v1,group,6,low/global_tissue,2.238968076365185,2.051612838882,0.02230448983669444,4.8,1.0,5,True,0.12849854585895445,2.890027225900668,4.590073195399746,0.05627784259609729,3.529963572070461,1,9,2,8,4
crc,MUCINOUS,PathoTME-Fusion50,mgpath,clip-rn50,16,shared_core62_v1,group,7,high/cell_macrophage,2.1562315279508737,3.1907495503869696,0.4552322155595882,9.8,0.4,5,True,0.04465904888013038,0.9988501895563203,2.000760605779319,0.058079921061409905,7.67880787447719,14,16,11,7,1
crc,MUCINOUS,PathoTME-Fusion50,mgpath,clip-rn50,16,shared_core62_v1,group,8,high/cell_carcinoma_cell,1.945602634164155,1.9254297233876971,-0.17914271486113237,7.6,1.0,5,True,0.1066380886522727,4.643584890234245,2.589429031044576,0.04865952211614469,2.3397016387735374,5,7,7,10,9
crc,MUCINOUS,PathoTME-Fusion50,mgpath,clip-rn50,16,shared_core62_v1,group,9,high/spatial_fibroblasts,1.863492922695634,2.0030109720148084,-0.11245456795231779,8.0,0.8,5,True,0.1125449805922993,4.906570690579949,2.4809817151085034,0.03763344958192202,1.7797337776154973,4,6,9,11,10
crc,MUCINOUS,PathoTME-Fusion50,mgpath,clip-rn50,16,shared_core62_v1,group,10,high/cell_endothelial_cell,1.8385901776501892,2.5395475804817456,0.0928326294533057,9.4,0.6,5,True,0.0741440767882363,5.673670373799135,0.18526615915698316,0.02439109747826222,3.235479181028329,7,3,16,16,5
crc,MUCINOUS,PathoTME-Fusion50,mgpath,plip,16,shared_core62_v1,feature,1,CELL_DENSITY_PLASMA_CELL_IN_INNER_INVASIVE_MARGIN,1.5300380326540153,1.6474259800749076,-0.028988742174753102,14.4,0.4,5,True,0.05251494629606993,2.6477855835631696,3.7690290480216837,0.022623457521537712,1.1582371278676151,9,13,2,28,20
crc,MUCINOUS,PathoTME-Fusion50,mgpath,plip,16,shared_core62_v1,feature,2,RELATIVE_AREA_STROMA_IN_TUMOR_CORE,1.4447222524032666,1.5646320770387931,-0.40449409192801966,21.4,0.4,5,True,0.022823204115110404,2.923785736647707,3.273711406105998,0.0226467906691349,0.9806441244783831,40,10,4,27,26
crc,MUCINOUS,PathoTME-Fusion50,mgpath,plip,16,shared_core62_v1,feature,3,AVG_MIN_DISTANCE_OF_LYMPHOCYTES_AROUND_CARCINOMA_CELL_IN_WHOLE_TUMOR_REGION_20,1.3746923360693715,1.596903289113551,-0.5643359959935837,18.8,0.2,5,True,0.02749254925711438,1.9245581202464423,1.0425704095634998,0.02435365807506006,3.8544869432047406,30,18,23,22,1
crc,MUCINOUS,PathoTME-Fusion50,mgpath,plip,16,shared_core62_v1,feature,4,CELL_PERCENTAGE_GRANULOCYTE_IN_TUMOR_CORE,1.3111577696258296,1.6451216648594973,0.4351622749035166,15.4,0.6,5,True,0.056398827444217356,3.781135969884888,2.211398740004793,0.02707719462786909,0.47977811616738086,8,2,7,15,45
crc,MUCINOUS,PathoTME-Fusion50,mgpath,plip,16,shared_core62_v1,feature,5,RELATIVE_AREA_EPITHELIAL_TISSUE,1.301385107190782,1.1640685958348111,-0.12596711999985827,12.0,0.6,5,True,0.042012549160655374,2.4016644560093847,1.999160503238014,0.03414393226592635,2.02994409527993,20,15,9,7,9
crc,MUCINOUS,PathoTME-Fusion50,mgpath,plip,16,shared_core62_v1,feature,6,RELATIVE_AREA_OUTER_INVASIVE_MARGIN,1.2526927884958008,1.408575519224451,-0.04765141303833654,15.2,0.6,5,True,0.03490327256300669,3.119974048811539,2.354905169414441,0.04708054083025349,0.7066009108597634,25,7,5,3,36
crc,MUCINOUS,PathoTME-Fusion50,mgpath,plip,16,shared_core62_v1,feature,7,RELATIVE_AREA_CARCINOMA_IN_TUMOR_CORE,1.2220663656027573,1.3147534503163372,-0.2603689079734866,13.6,0.6,5,True,0.0379570735062293,3.0147119875521353,0.8878446180876083,0.04825942836306438,2.12155872050475,21,9,31,2,5
crc,MUCINOUS,PathoTME-Fusion50,mgpath,plip,16,shared_core62_v1,feature,8,RELATIVE_AREA_NECROSIS_IN_TUMOR_CORE,1.199031488623972,1.4715383527312822,-0.1285437929193852,20.0,0.4,5,True,0.014622426744929494,3.587124775891338,1.49120766459453,0.031744618925078606,0.8704579569639835,44,3,14,9,30
crc,MUCINOUS,PathoTME-Fusion50,mgpath,plip,16,shared_core62_v1,feature,9,AVG_MIN_DISTANCE_OF_PLASMA_CELLS_AROUND_CARCINOMA_CELL_IN_WHOLE_TUMOR_REGION_20,1.0718522599150464,1.2501526663683562,-0.394470294608474,20.8,0.2,5,True,0.051455867055560905,3.0845815021332914,0.9637854739785118,0.014659357058128123,1.24477909934974,12,8,30,38,16
crc,MUCINOUS,PathoTME-Fusion50,mgpath,plip,16,shared_core62_v1,feature,10,AVG_MIN_DISTANCE_OF_FIBROBLASTS_AROUND_CARCINOMA_CELL_IN_WHOLE_TUMOR_REGION_20,1.0655559908773597,1.5454423200535712,-0.32229321902994984,26.8,0.4,5,True,0.05704941443673861,3.5353802280216646,0.07872089873893089,0.006718629337535928,1.6499107838519287,7,4,60,52,11
crc,MUCINOUS,PathoTME-Fusion50,mgpath,plip,16,shared_core62_v1,group,1,low/tumor_core_composition,2.946960723308254,3.0940378118175516,-0.964003927276635,6.0,0.8,5,True,0.04092015312120982,7.322134038067049,4.509989435846859,0.07718019663246224,2.784579792873691,15,1,3,5,6
crc,MUCINOUS,PathoTME-Fusion50,mgpath,plip,16,shared_core62_v1,group,2,high/cell_plasma_cell,2.901919034481555,4.959344027894028,-0.019227780911884214,7.8,0.6,5,True,0.06335050251607605,1.9174073415899795,11.670729615207318,0.08885186742966235,0.7692558456647399,9,12,1,2,15
crc,MUCINOUS,PathoTME-Fusion50,mgpath,plip,16,shared_core62_v1,group,3,high/cell_granulocyte,2.4244458287771335,2.5002712419406268,0.8061620079519983,8.2,0.6,5,True,0.06347061881678599,5.035874711995543,1.9771547356368524,0.03366601589899386,5.012063061537492,8,5,12,13,3
crc,MUCINOUS,PathoTME-Fusion50,mgpath,plip,16,shared_core62_v1,group,4,high/spatial_lymphocytes,2.401998543714657,2.63242848947605,-0.8386430681859942,8.0,0.8,5,True,0.0503885399387998,2.845700530153035,2.606052830844646,0.052474095185361475,6.455376722451445,13,10,6,9,2
crc,MUCINOUS,PathoTME-Fusion50,mgpath,plip,16,shared_core62_v1,group,5,low/tls,2.306881930609424,2.4069198396673936,0.06515257537564545,7.2,0.8,5,True,0.06225649386186622,5.840356280559595,2.8211799292807007,0.034342337061734,2.7762746122832245,10,2,4,12,8
crc,MUCINOUS,PathoTME-Fusion50,mgpath,plip,16,shared_core62_v1,group,6,low/global_tissue,2.238968076365185,2.051612838882,0.02230448983669444,4.8,1.0,5,True,0.12849854585895445,2.890027225900668,4.590073195399746,0.05627784259609729,3.529963572070461,1,9,2,8,4
crc,MUCINOUS,PathoTME-Fusion50,mgpath,plip,16,shared_core62_v1,group,7,high/cell_macrophage,2.1562315279508737,3.1907495503869696,0.4552322155595882,9.8,0.4,5,True,0.04465904888013038,0.9988501895563203,2.000760605779319,0.058079921061409905,7.67880787447719,14,16,11,7,1
crc,MUCINOUS,PathoTME-Fusion50,mgpath,plip,16,shared_core62_v1,group,8,high/cell_carcinoma_cell,1.945602634164155,1.9254297233876971,-0.17914271486113237,7.6,1.0,5,True,0.1066380886522727,4.643584890234245,2.589429031044576,0.04865952211614469,2.3397016387735374,5,7,7,10,9
crc,MUCINOUS,PathoTME-Fusion50,mgpath,plip,16,shared_core62_v1,group,9,high/spatial_fibroblasts,1.863492922695634,2.0030109720148084,-0.11245456795231779,8.0,0.8,5,True,0.1125449805922993,4.906570690579949,2.4809817151085034,0.03763344958192202,1.7797337776154973,4,6,9,11,10
crc,MUCINOUS,PathoTME-Fusion50,mgpath,plip,16,shared_core62_v1,group,10,high/cell_endothelial_cell,1.8385901776501892,2.5395475804817456,0.0928326294533057,9.4,0.6,5,True,0.0741440767882363,5.673670373799135,0.18526615915698316,0.02439109747826222,3.235479181028329,7,3,16,16,5
crc,MUCINOUS,PathoTME-Fusion50,mscpt,clip-rn50,16,shared_core62_v1,feature,1,CELL_DENSITY_PLASMA_CELL_IN_INNER_INVASIVE_MARGIN,1.5300380326540153,1.6474259800749076,-0.028988742174753102,14.4,0.4,5,True,0.05251494629606993,2.6477855835631696,3.7690290480216837,0.022623457521537712,1.1582371278676151,9,13,2,28,20
crc,MUCINOUS,PathoTME-Fusion50,mscpt,clip-rn50,16,shared_core62_v1,feature,2,RELATIVE_AREA_STROMA_IN_TUMOR_CORE,1.4447222524032666,1.5646320770387931,-0.40449409192801966,21.4,0.4,5,True,0.022823204115110404,2.923785736647707,3.273711406105998,0.0226467906691349,0.9806441244783831,40,10,4,27,26
crc,MUCINOUS,PathoTME-Fusion50,mscpt,clip-rn50,16,shared_core62_v1,feature,3,AVG_MIN_DISTANCE_OF_LYMPHOCYTES_AROUND_CARCINOMA_CELL_IN_WHOLE_TUMOR_REGION_20,1.3746923360693715,1.596903289113551,-0.5643359959935837,18.8,0.2,5,True,0.02749254925711438,1.9245581202464423,1.0425704095634998,0.02435365807506006,3.8544869432047406,30,18,23,22,1
crc,MUCINOUS,PathoTME-Fusion50,mscpt,clip-rn50,16,shared_core62_v1,feature,4,CELL_PERCENTAGE_GRANULOCYTE_IN_TUMOR_CORE,1.3111577696258296,1.6451216648594973,0.4351622749035166,15.4,0.6,5,True,0.056398827444217356,3.781135969884888,2.211398740004793,0.02707719462786909,0.47977811616738086,8,2,7,15,45
crc,MUCINOUS,PathoTME-Fusion50,mscpt,clip-rn50,16,shared_core62_v1,feature,5,RELATIVE_AREA_EPITHELIAL_TISSUE,1.301385107190782,1.1640685958348111,-0.12596711999985827,12.0,0.6,5,True,0.042012549160655374,2.4016644560093847,1.999160503238014,0.03414393226592635,2.02994409527993,20,15,9,7,9
crc,MUCINOUS,PathoTME-Fusion50,mscpt,clip-rn50,16,shared_core62_v1,feature,6,RELATIVE_AREA_OUTER_INVASIVE_MARGIN,1.2526927884958008,1.408575519224451,-0.04765141303833654,15.2,0.6,5,True,0.03490327256300669,3.119974048811539,2.354905169414441,0.04708054083025349,0.7066009108597634,25,7,5,3,36
crc,MUCINOUS,PathoTME-Fusion50,mscpt,clip-rn50,16,shared_core62_v1,feature,7,RELATIVE_AREA_CARCINOMA_IN_TUMOR_CORE,1.2220663656027573,1.3147534503163372,-0.2603689079734866,13.6,0.6,5,True,0.0379570735062293,3.0147119875521353,0.8878446180876083,0.04825942836306438,2.12155872050475,21,9,31,2,5
crc,MUCINOUS,PathoTME-Fusion50,mscpt,clip-rn50,16,shared_core62_v1,feature,8,RELATIVE_AREA_NECROSIS_IN_TUMOR_CORE,1.199031488623972,1.4715383527312822,-0.1285437929193852,20.0,0.4,5,True,0.014622426744929494,3.587124775891338,1.49120766459453,0.031744618925078606,0.8704579569639835,44,3,14,9,30
crc,MUCINOUS,PathoTME-Fusion50,mscpt,clip-rn50,16,shared_core62_v1,feature,9,AVG_MIN_DISTANCE_OF_PLASMA_CELLS_AROUND_CARCINOMA_CELL_IN_WHOLE_TUMOR_REGION_20,1.0718522599150464,1.2501526663683562,-0.394470294608474,20.8,0.2,5,True,0.051455867055560905,3.0845815021332914,0.9637854739785118,0.014659357058128123,1.24477909934974,12,8,30,38,16
crc,MUCINOUS,PathoTME-Fusion50,mscpt,clip-rn50,16,shared_core62_v1,feature,10,AVG_MIN_DISTANCE_OF_FIBROBLASTS_AROUND_CARCINOMA_CELL_IN_WHOLE_TUMOR_REGION_20,1.0655559908773597,1.5454423200535712,-0.32229321902994984,26.8,0.4,5,True,0.05704941443673861,3.5353802280216646,0.07872089873893089,0.006718629337535928,1.6499107838519287,7,4,60,52,11
crc,MUCINOUS,PathoTME-Fusion50,mscpt,clip-rn50,16,shared_core62_v1,group,1,low/tumor_core_composition,2.946960723308254,3.0940378118175516,-0.964003927276635,6.0,0.8,5,True,0.04092015312120982,7.322134038067049,4.509989435846859,0.07718019663246224,2.784579792873691,15,1,3,5,6
crc,MUCINOUS,PathoTME-Fusion50,mscpt,clip-rn50,16,shared_core62_v1,group,2,high/cell_plasma_cell,2.901919034481555,4.959344027894028,-0.019227780911884214,7.8,0.6,5,True,0.06335050251607605,1.9174073415899795,11.670729615207318,0.08885186742966235,0.7692558456647399,9,12,1,2,15
crc,MUCINOUS,PathoTME-Fusion50,mscpt,clip-rn50,16,shared_core62_v1,group,3,high/cell_granulocyte,2.4244458287771335,2.5002712419406268,0.8061620079519983,8.2,0.6,5,True,0.06347061881678599,5.035874711995543,1.9771547356368524,0.03366601589899386,5.012063061537492,8,5,12,13,3
crc,MUCINOUS,PathoTME-Fusion50,mscpt,clip-rn50,16,shared_core62_v1,group,4,high/spatial_lymphocytes,2.401998543714657,2.63242848947605,-0.8386430681859942,8.0,0.8,5,True,0.0503885399387998,2.845700530153035,2.606052830844646,0.052474095185361475,6.455376722451445,13,10,6,9,2
crc,MUCINOUS,PathoTME-Fusion50,mscpt,clip-rn50,16,shared_core62_v1,group,5,low/tls,2.306881930609424,2.4069198396673936,0.06515257537564545,7.2,0.8,5,True,0.06225649386186622,5.840356280559595,2.8211799292807007,0.034342337061734,2.7762746122832245,10,2,4,12,8
crc,MUCINOUS,PathoTME-Fusion50,mscpt,clip-rn50,16,shared_core62_v1,group,6,low/global_tissue,2.238968076365185,2.051612838882,0.02230448983669444,4.8,1.0,5,True,0.12849854585895445,2.890027225900668,4.590073195399746,0.05627784259609729,3.529963572070461,1,9,2,8,4
crc,MUCINOUS,PathoTME-Fusion50,mscpt,clip-rn50,16,shared_core62_v1,group,7,high/cell_macrophage,2.1562315279508737,3.1907495503869696,0.4552322155595882,9.8,0.4,5,True,0.04465904888013038,0.9988501895563203,2.000760605779319,0.058079921061409905,7.67880787447719,14,16,11,7,1
crc,MUCINOUS,PathoTME-Fusion50,mscpt,clip-rn50,16,shared_core62_v1,group,8,high/cell_carcinoma_cell,1.945602634164155,1.9254297233876971,-0.17914271486113237,7.6,1.0,5,True,0.1066380886522727,4.643584890234245,2.589429031044576,0.04865952211614469,2.3397016387735374,5,7,7,10,9
crc,MUCINOUS,PathoTME-Fusion50,mscpt,clip-rn50,16,shared_core62_v1,group,9,high/spatial_fibroblasts,1.863492922695634,2.0030109720148084,-0.11245456795231779,8.0,0.8,5,True,0.1125449805922993,4.906570690579949,2.4809817151085034,0.03763344958192202,1.7797337776154973,4,6,9,11,10
crc,MUCINOUS,PathoTME-Fusion50,mscpt,clip-rn50,16,shared_core62_v1,group,10,high/cell_endothelial_cell,1.8385901776501892,2.5395475804817456,0.0928326294533057,9.4,0.6,5,True,0.0741440767882363,5.673670373799135,0.18526615915698316,0.02439109747826222,3.235479181028329,7,3,16,16,5
crc,MUCINOUS,PathoTME-Fusion50,mscpt,plip,16,shared_core62_v1,feature,1,CELL_DENSITY_PLASMA_CELL_IN_INNER_INVASIVE_MARGIN,1.5300380326540153,1.6474259800749076,-0.028988742174753102,14.4,0.4,5,True,0.05251494629606993,2.6477855835631696,3.7690290480216837,0.022623457521537712,1.1582371278676151,9,13,2,28,20
crc,MUCINOUS,PathoTME-Fusion50,mscpt,plip,16,shared_core62_v1,feature,2,RELATIVE_AREA_STROMA_IN_TUMOR_CORE,1.4447222524032666,1.5646320770387931,-0.40449409192801966,21.4,0.4,5,True,0.022823204115110404,2.923785736647707,3.273711406105998,0.0226467906691349,0.9806441244783831,40,10,4,27,26
crc,MUCINOUS,PathoTME-Fusion50,mscpt,plip,16,shared_core62_v1,feature,3,AVG_MIN_DISTANCE_OF_LYMPHOCYTES_AROUND_CARCINOMA_CELL_IN_WHOLE_TUMOR_REGION_20,1.3746923360693715,1.596903289113551,-0.5643359959935837,18.8,0.2,5,True,0.02749254925711438,1.9245581202464423,1.0425704095634998,0.02435365807506006,3.8544869432047406,30,18,23,22,1
crc,MUCINOUS,PathoTME-Fusion50,mscpt,plip,16,shared_core62_v1,feature,4,CELL_PERCENTAGE_GRANULOCYTE_IN_TUMOR_CORE,1.3111577696258296,1.6451216648594973,0.4351622749035166,15.4,0.6,5,True,0.056398827444217356,3.781135969884888,2.211398740004793,0.02707719462786909,0.47977811616738086,8,2,7,15,45
crc,MUCINOUS,PathoTME-Fusion50,mscpt,plip,16,shared_core62_v1,feature,5,RELATIVE_AREA_EPITHELIAL_TISSUE,1.301385107190782,1.1640685958348111,-0.12596711999985827,12.0,0.6,5,True,0.042012549160655374,2.4016644560093847,1.999160503238014,0.03414393226592635,2.02994409527993,20,15,9,7,9
crc,MUCINOUS,PathoTME-Fusion50,mscpt,plip,16,shared_core62_v1,feature,6,RELATIVE_AREA_OUTER_INVASIVE_MARGIN,1.2526927884958008,1.408575519224451,-0.04765141303833654,15.2,0.6,5,True,0.03490327256300669,3.119974048811539,2.354905169414441,0.04708054083025349,0.7066009108597634,25,7,5,3,36
crc,MUCINOUS,PathoTME-Fusion50,mscpt,plip,16,shared_core62_v1,feature,7,RELATIVE_AREA_CARCINOMA_IN_TUMOR_CORE,1.2220663656027573,1.3147534503163372,-0.2603689079734866,13.6,0.6,5,True,0.0379570735062293,3.0147119875521353,0.8878446180876083,0.04825942836306438,2.12155872050475,21,9,31,2,5
crc,MUCINOUS,PathoTME-Fusion50,mscpt,plip,16,shared_core62_v1,feature,8,RELATIVE_AREA_NECROSIS_IN_TUMOR_CORE,1.199031488623972,1.4715383527312822,-0.1285437929193852,20.0,0.4,5,True,0.014622426744929494,3.587124775891338,1.49120766459453,0.031744618925078606,0.8704579569639835,44,3,14,9,30
crc,MUCINOUS,PathoTME-Fusion50,mscpt,plip,16,shared_core62_v1,feature,9,AVG_MIN_DISTANCE_OF_PLASMA_CELLS_AROUND_CARCINOMA_CELL_IN_WHOLE_TUMOR_REGION_20,1.0718522599150464,1.2501526663683562,-0.394470294608474,20.8,0.2,5,True,0.051455867055560905,3.0845815021332914,0.9637854739785118,0.014659357058128123,1.24477909934974,12,8,30,38,16
crc,MUCINOUS,PathoTME-Fusion50,mscpt,plip,16,shared_core62_v1,feature,10,AVG_MIN_DISTANCE_OF_FIBROBLASTS_AROUND_CARCINOMA_CELL_IN_WHOLE_TUMOR_REGION_20,1.0655559908773597,1.5454423200535712,-0.32229321902994984,26.8,0.4,5,True,0.05704941443673861,3.5353802280216646,0.07872089873893089,0.006718629337535928,1.6499107838519287,7,4,60,52,11
crc,MUCINOUS,PathoTME-Fusion50,mscpt,plip,16,shared_core62_v1,group,1,low/tumor_core_composition,2.946960723308254,3.0940378118175516,-0.964003927276635,6.0,0.8,5,True,0.04092015312120982,7.322134038067049,4.509989435846859,0.07718019663246224,2.784579792873691,15,1,3,5,6
crc,MUCINOUS,PathoTME-Fusion50,mscpt,plip,16,shared_core62_v1,group,2,high/cell_plasma_cell,2.901919034481555,4.959344027894028,-0.019227780911884214,7.8,0.6,5,True,0.06335050251607605,1.9174073415899795,11.670729615207318,0.08885186742966235,0.7692558456647399,9,12,1,2,15
crc,MUCINOUS,PathoTME-Fusion50,mscpt,plip,16,shared_core62_v1,group,3,high/cell_granulocyte,2.4244458287771335,2.5002712419406268,0.8061620079519983,8.2,0.6,5,True,0.06347061881678599,5.035874711995543,1.9771547356368524,0.03366601589899386,5.012063061537492,8,5,12,13,3
crc,MUCINOUS,PathoTME-Fusion50,mscpt,plip,16,shared_core62_v1,group,4,high/spatial_lymphocytes,2.401998543714657,2.63242848947605,-0.8386430681859942,8.0,0.8,5,True,0.0503885399387998,2.845700530153035,2.606052830844646,0.052474095185361475,6.455376722451445,13,10,6,9,2
crc,MUCINOUS,PathoTME-Fusion50,mscpt,plip,16,shared_core62_v1,group,5,low/tls,2.306881930609424,2.4069198396673936,0.06515257537564545,7.2,0.8,5,True,0.06225649386186622,5.840356280559595,2.8211799292807007,0.034342337061734,2.7762746122832245,10,2,4,12,8
crc,MUCINOUS,PathoTME-Fusion50,mscpt,plip,16,shared_core62_v1,group,6,low/global_tissue,2.238968076365185,2.051612838882,0.02230448983669444,4.8,1.0,5,True,0.12849854585895445,2.890027225900668,4.590073195399746,0.05627784259609729,3.529963572070461,1,9,2,8,4
crc,MUCINOUS,PathoTME-Fusion50,mscpt,plip,16,shared_core62_v1,group,7,high/cell_macrophage,2.1562315279508737,3.1907495503869696,0.4552322155595882,9.8,0.4,5,True,0.04465904888013038,0.9988501895563203,2.000760605779319,0.058079921061409905,7.67880787447719,14,16,11,7,1
crc,MUCINOUS,PathoTME-Fusion50,mscpt,plip,16,shared_core62_v1,group,8,high/cell_carcinoma_cell,1.945602634164155,1.9254297233876971,-0.17914271486113237,7.6,1.0,5,True,0.1066380886522727,4.643584890234245,2.589429031044576,0.04865952211614469,2.3397016387735374,5,7,7,10,9
crc,MUCINOUS,PathoTME-Fusion50,mscpt,plip,16,shared_core62_v1,group,9,high/spatial_fibroblasts,1.863492922695634,2.0030109720148084,-0.11245456795231779,8.0,0.8,5,True,0.1125449805922993,4.906570690579949,2.4809817151085034,0.03763344958192202,1.7797337776154973,4,6,9,11,10
crc,MUCINOUS,PathoTME-Fusion50,mscpt,plip,16,shared_core62_v1,group,10,high/cell_endothelial_cell,1.8385901776501892,2.5395475804817456,0.0928326294533057,9.4,0.6,5,True,0.0741440767882363,5.673670373799135,0.18526615915698316,0.02439109747826222,3.235479181028329,7,3,16,16,5
crc,MUCINOUS,PathoTME-Fusion50,muse,clip-rn50,16,shared_core62_v1,feature,1,CELL_DENSITY_PLASMA_CELL_IN_INNER_INVASIVE_MARGIN,1.5300380326540153,1.6474259800749076,-0.028988742174753102,14.4,0.4,5,True,0.05251494629606993,2.6477855835631696,3.7690290480216837,0.022623457521537712,1.1582371278676151,9,13,2,28,20
crc,MUCINOUS,PathoTME-Fusion50,muse,clip-rn50,16,shared_core62_v1,feature,2,RELATIVE_AREA_STROMA_IN_TUMOR_CORE,1.4447222524032666,1.5646320770387931,-0.40449409192801966,21.4,0.4,5,True,0.022823204115110404,2.923785736647707,3.273711406105998,0.0226467906691349,0.9806441244783831,40,10,4,27,26
crc,MUCINOUS,PathoTME-Fusion50,muse,clip-rn50,16,shared_core62_v1,feature,3,AVG_MIN_DISTANCE_OF_LYMPHOCYTES_AROUND_CARCINOMA_CELL_IN_WHOLE_TUMOR_REGION_20,1.3746923360693715,1.596903289113551,-0.5643359959935837,18.8,0.2,5,True,0.02749254925711438,1.9245581202464423,1.0425704095634998,0.02435365807506006,3.8544869432047406,30,18,23,22,1
crc,MUCINOUS,PathoTME-Fusion50,muse,clip-rn50,16,shared_core62_v1,feature,4,CELL_PERCENTAGE_GRANULOCYTE_IN_TUMOR_CORE,1.3111577696258296,1.6451216648594973,0.4351622749035166,15.4,0.6,5,True,0.056398827444217356,3.781135969884888,2.211398740004793,0.02707719462786909,0.47977811616738086,8,2,7,15,45
crc,MUCINOUS,PathoTME-Fusion50,muse,clip-rn50,16,shared_core62_v1,feature,5,RELATIVE_AREA_EPITHELIAL_TISSUE,1.301385107190782,1.1640685958348111,-0.12596711999985827,12.0,0.6,5,True,0.042012549160655374,2.4016644560093847,1.999160503238014,0.03414393226592635,2.02994409527993,20,15,9,7,9
crc,MUCINOUS,PathoTME-Fusion50,muse,clip-rn50,16,shared_core62_v1,feature,6,RELATIVE_AREA_OUTER_INVASIVE_MARGIN,1.2526927884958008,1.408575519224451,-0.04765141303833654,15.2,0.6,5,True,0.03490327256300669,3.119974048811539,2.354905169414441,0.04708054083025349,0.7066009108597634,25,7,5,3,36
crc,MUCINOUS,PathoTME-Fusion50,muse,clip-rn50,16,shared_core62_v1,feature,7,RELATIVE_AREA_CARCINOMA_IN_TUMOR_CORE,1.2220663656027573,1.3147534503163372,-0.2603689079734866,13.6,0.6,5,True,0.0379570735062293,3.0147119875521353,0.8878446180876083,0.04825942836306438,2.12155872050475,21,9,31,2,5
crc,MUCINOUS,PathoTME-Fusion50,muse,clip-rn50,16,shared_core62_v1,feature,8,RELATIVE_AREA_NECROSIS_IN_TUMOR_CORE,1.199031488623972,1.4715383527312822,-0.1285437929193852,20.0,0.4,5,True,0.014622426744929494,3.587124775891338,1.49120766459453,0.031744618925078606,0.8704579569639835,44,3,14,9,30
crc,MUCINOUS,PathoTME-Fusion50,muse,clip-rn50,16,shared_core62_v1,feature,9,AVG_MIN_DISTANCE_OF_PLASMA_CELLS_AROUND_CARCINOMA_CELL_IN_WHOLE_TUMOR_REGION_20,1.0718522599150464,1.2501526663683562,-0.394470294608474,20.8,0.2,5,True,0.051455867055560905,3.0845815021332914,0.9637854739785118,0.014659357058128123,1.24477909934974,12,8,30,38,16
crc,MUCINOUS,PathoTME-Fusion50,muse,clip-rn50,16,shared_core62_v1,feature,10,AVG_MIN_DISTANCE_OF_FIBROBLASTS_AROUND_CARCINOMA_CELL_IN_WHOLE_TUMOR_REGION_20,1.0655559908773597,1.5454423200535712,-0.32229321902994984,26.8,0.4,5,True,0.05704941443673861,3.5353802280216646,0.07872089873893089,0.006718629337535928,1.6499107838519287,7,4,60,52,11
crc,MUCINOUS,PathoTME-Fusion50,muse,clip-rn50,16,shared_core62_v1,group,1,low/tumor_core_composition,2.946960723308254,3.0940378118175516,-0.964003927276635,6.0,0.8,5,True,0.04092015312120982,7.322134038067049,4.509989435846859,0.07718019663246224,2.784579792873691,15,1,3,5,6
crc,MUCINOUS,PathoTME-Fusion50,muse,clip-rn50,16,shared_core62_v1,group,2,high/cell_plasma_cell,2.901919034481555,4.959344027894028,-0.019227780911884214,7.8,0.6,5,True,0.06335050251607605,1.9174073415899795,11.670729615207318,0.08885186742966235,0.7692558456647399,9,12,1,2,15
crc,MUCINOUS,PathoTME-Fusion50,muse,clip-rn50,16,shared_core62_v1,group,3,high/cell_granulocyte,2.4244458287771335,2.5002712419406268,0.8061620079519983,8.2,0.6,5,True,0.06347061881678599,5.035874711995543,1.9771547356368524,0.03366601589899386,5.012063061537492,8,5,12,13,3
crc,MUCINOUS,PathoTME-Fusion50,muse,clip-rn50,16,shared_core62_v1,group,4,high/spatial_lymphocytes,2.401998543714657,2.63242848947605,-0.8386430681859942,8.0,0.8,5,True,0.0503885399387998,2.845700530153035,2.606052830844646,0.052474095185361475,6.455376722451445,13,10,6,9,2
crc,MUCINOUS,PathoTME-Fusion50,muse,clip-rn50,16,shared_core62_v1,group,5,low/tls,2.306881930609424,2.4069198396673936,0.06515257537564545,7.2,0.8,5,True,0.06225649386186622,5.840356280559595,2.8211799292807007,0.034342337061734,2.7762746122832245,10,2,4,12,8
crc,MUCINOUS,PathoTME-Fusion50,muse,clip-rn50,16,shared_core62_v1,group,6,low/global_tissue,2.238968076365185,2.051612838882,0.02230448983669444,4.8,1.0,5,True,0.12849854585895445,2.890027225900668,4.590073195399746,0.05627784259609729,3.529963572070461,1,9,2,8,4
crc,MUCINOUS,PathoTME-Fusion50,muse,clip-rn50,16,shared_core62_v1,group,7,high/cell_macrophage,2.1562315279508737,3.1907495503869696,0.4552322155595882,9.8,0.4,5,True,0.04465904888013038,0.9988501895563203,2.000760605779319,0.058079921061409905,7.67880787447719,14,16,11,7,1
crc,MUCINOUS,PathoTME-Fusion50,muse,clip-rn50,16,shared_core62_v1,group,8,high/cell_carcinoma_cell,1.945602634164155,1.9254297233876971,-0.17914271486113237,7.6,1.0,5,True,0.1066380886522727,4.643584890234245,2.589429031044576,0.04865952211614469,2.3397016387735374,5,7,7,10,9
crc,MUCINOUS,PathoTME-Fusion50,muse,clip-rn50,16,shared_core62_v1,group,9,high/spatial_fibroblasts,1.863492922695634,2.0030109720148084,-0.11245456795231779,8.0,0.8,5,True,0.1125449805922993,4.906570690579949,2.4809817151085034,0.03763344958192202,1.7797337776154973,4,6,9,11,10
crc,MUCINOUS,PathoTME-Fusion50,muse,clip-rn50,16,shared_core62_v1,group,10,high/cell_endothelial_cell,1.8385901776501892,2.5395475804817456,0.0928326294533057,9.4,0.6,5,True,0.0741440767882363,5.673670373799135,0.18526615915698316,0.02439109747826222,3.235479181028329,7,3,16,16,5
crc,MUCINOUS,PathoTME-Fusion50,muse,plip,16,shared_core62_v1,feature,1,CELL_DENSITY_PLASMA_CELL_IN_INNER_INVASIVE_MARGIN,1.5300380326540153,1.6474259800749076,-0.028988742174753102,14.4,0.4,5,True,0.05251494629606993,2.6477855835631696,3.7690290480216837,0.022623457521537712,1.1582371278676151,9,13,2,28,20
crc,MUCINOUS,PathoTME-Fusion50,muse,plip,16,shared_core62_v1,feature,2,RELATIVE_AREA_STROMA_IN_TUMOR_CORE,1.4447222524032666,1.5646320770387931,-0.40449409192801966,21.4,0.4,5,True,0.022823204115110404,2.923785736647707,3.273711406105998,0.0226467906691349,0.9806441244783831,40,10,4,27,26
crc,MUCINOUS,PathoTME-Fusion50,muse,plip,16,shared_core62_v1,feature,3,AVG_MIN_DISTANCE_OF_LYMPHOCYTES_AROUND_CARCINOMA_CELL_IN_WHOLE_TUMOR_REGION_20,1.3746923360693715,1.596903289113551,-0.5643359959935837,18.8,0.2,5,True,0.02749254925711438,1.9245581202464423,1.0425704095634998,0.02435365807506006,3.8544869432047406,30,18,23,22,1
crc,MUCINOUS,PathoTME-Fusion50,muse,plip,16,shared_core62_v1,feature,4,CELL_PERCENTAGE_GRANULOCYTE_IN_TUMOR_CORE,1.3111577696258296,1.6451216648594973,0.4351622749035166,15.4,0.6,5,True,0.056398827444217356,3.781135969884888,2.211398740004793,0.02707719462786909,0.47977811616738086,8,2,7,15,45
crc,MUCINOUS,PathoTME-Fusion50,muse,plip,16,shared_core62_v1,feature,5,RELATIVE_AREA_EPITHELIAL_TISSUE,1.301385107190782,1.1640685958348111,-0.12596711999985827,12.0,0.6,5,True,0.042012549160655374,2.4016644560093847,1.999160503238014,0.03414393226592635,2.02994409527993,20,15,9,7,9
crc,MUCINOUS,PathoTME-Fusion50,muse,plip,16,shared_core62_v1,feature,6,RELATIVE_AREA_OUTER_INVASIVE_MARGIN,1.2526927884958008,1.408575519224451,-0.04765141303833654,15.2,0.6,5,True,0.03490327256300669,3.119974048811539,2.354905169414441,0.04708054083025349,0.7066009108597634,25,7,5,3,36
crc,MUCINOUS,PathoTME-Fusion50,muse,plip,16,shared_core62_v1,feature,7,RELATIVE_AREA_CARCINOMA_IN_TUMOR_CORE,1.2220663656027573,1.3147534503163372,-0.2603689079734866,13.6,0.6,5,True,0.0379570735062293,3.0147119875521353,0.8878446180876083,0.04825942836306438,2.12155872050475,21,9,31,2,5
crc,MUCINOUS,PathoTME-Fusion50,muse,plip,16,shared_core62_v1,feature,8,RELATIVE_AREA_NECROSIS_IN_TUMOR_CORE,1.199031488623972,1.4715383527312822,-0.1285437929193852,20.0,0.4,5,True,0.014622426744929494,3.587124775891338,1.49120766459453,0.031744618925078606,0.8704579569639835,44,3,14,9,30
crc,MUCINOUS,PathoTME-Fusion50,muse,plip,16,shared_core62_v1,feature,9,AVG_MIN_DISTANCE_OF_PLASMA_CELLS_AROUND_CARCINOMA_CELL_IN_WHOLE_TUMOR_REGION_20,1.0718522599150464,1.2501526663683562,-0.394470294608474,20.8,0.2,5,True,0.051455867055560905,3.0845815021332914,0.9637854739785118,0.014659357058128123,1.24477909934974,12,8,30,38,16
crc,MUCINOUS,PathoTME-Fusion50,muse,plip,16,shared_core62_v1,feature,10,AVG_MIN_DISTANCE_OF_FIBROBLASTS_AROUND_CARCINOMA_CELL_IN_WHOLE_TUMOR_REGION_20,1.0655559908773597,1.5454423200535712,-0.32229321902994984,26.8,0.4,5,True,0.05704941443673861,3.5353802280216646,0.07872089873893089,0.006718629337535928,1.6499107838519287,7,4,60,52,11
crc,MUCINOUS,PathoTME-Fusion50,muse,plip,16,shared_core62_v1,group,1,low/tumor_core_composition,2.946960723308254,3.0940378118175516,-0.964003927276635,6.0,0.8,5,True,0.04092015312120982,7.322134038067049,4.509989435846859,0.07718019663246224,2.784579792873691,15,1,3,5,6
crc,MUCINOUS,PathoTME-Fusion50,muse,plip,16,shared_core62_v1,group,2,high/cell_plasma_cell,2.901919034481555,4.959344027894028,-0.019227780911884214,7.8,0.6,5,True,0.06335050251607605,1.9174073415899795,11.670729615207318,0.08885186742966235,0.7692558456647399,9,12,1,2,15
crc,MUCINOUS,PathoTME-Fusion50,muse,plip,16,shared_core62_v1,group,3,high/cell_granulocyte,2.4244458287771335,2.5002712419406268,0.8061620079519983,8.2,0.6,5,True,0.06347061881678599,5.035874711995543,1.9771547356368524,0.03366601589899386,5.012063061537492,8,5,12,13,3
crc,MUCINOUS,PathoTME-Fusion50,muse,plip,16,shared_core62_v1,group,4,high/spatial_lymphocytes,2.401998543714657,2.63242848947605,-0.8386430681859942,8.0,0.8,5,True,0.0503885399387998,2.845700530153035,2.606052830844646,0.052474095185361475,6.455376722451445,13,10,6,9,2
crc,MUCINOUS,PathoTME-Fusion50,muse,plip,16,shared_core62_v1,group,5,low/tls,2.306881930609424,2.4069198396673936,0.06515257537564545,7.2,0.8,5,True,0.06225649386186622,5.840356280559595,2.8211799292807007,0.034342337061734,2.7762746122832245,10,2,4,12,8
crc,MUCINOUS,PathoTME-Fusion50,muse,plip,16,shared_core62_v1,group,6,low/global_tissue,2.238968076365185,2.051612838882,0.02230448983669444,4.8,1.0,5,True,0.12849854585895445,2.890027225900668,4.590073195399746,0.05627784259609729,3.529963572070461,1,9,2,8,4
crc,MUCINOUS,PathoTME-Fusion50,muse,plip,16,shared_core62_v1,group,7,high/cell_macrophage,2.1562315279508737,3.1907495503869696,0.4552322155595882,9.8,0.4,5,True,0.04465904888013038,0.9988501895563203,2.000760605779319,0.058079921061409905,7.67880787447719,14,16,11,7,1
crc,MUCINOUS,PathoTME-Fusion50,muse,plip,16,shared_core62_v1,group,8,high/cell_carcinoma_cell,1.945602634164155,1.9254297233876971,-0.17914271486113237,7.6,1.0,5,True,0.1066380886522727,4.643584890234245,2.589429031044576,0.04865952211614469,2.3397016387735374,5,7,7,10,9
crc,MUCINOUS,PathoTME-Fusion50,muse,plip,16,shared_core62_v1,group,9,high/spatial_fibroblasts,1.863492922695634,2.0030109720148084,-0.11245456795231779,8.0,0.8,5,True,0.1125449805922993,4.906570690579949,2.4809817151085034,0.03763344958192202,1.7797337776154973,4,6,9,11,10
crc,MUCINOUS,PathoTME-Fusion50,muse,plip,16,shared_core62_v1,group,10,high/cell_endothelial_cell,1.8385901776501892,2.5395475804817456,0.0928326294533057,9.4,0.6,5,True,0.0741440767882363,5.673670373799135,0.18526615915698316,0.02439109747826222,3.235479181028329,7,3,16,16,5
crc,MUCINOUS,PathoTME-Fusion50,vila_mil,clip-rn50,16,shared_core62_v1,feature,1,CELL_DENSITY_PLASMA_CELL_IN_INNER_INVASIVE_MARGIN,1.5300380326540153,1.6474259800749076,-0.028988742174753102,14.4,0.4,5,True,0.05251494629606993,2.6477855835631696,3.7690290480216837,0.022623457521537712,1.1582371278676151,9,13,2,28,20
crc,MUCINOUS,PathoTME-Fusion50,vila_mil,clip-rn50,16,shared_core62_v1,feature,2,RELATIVE_AREA_STROMA_IN_TUMOR_CORE,1.4447222524032666,1.5646320770387931,-0.40449409192801966,21.4,0.4,5,True,0.022823204115110404,2.923785736647707,3.273711406105998,0.0226467906691349,0.9806441244783831,40,10,4,27,26
crc,MUCINOUS,PathoTME-Fusion50,vila_mil,clip-rn50,16,shared_core62_v1,feature,3,AVG_MIN_DISTANCE_OF_LYMPHOCYTES_AROUND_CARCINOMA_CELL_IN_WHOLE_TUMOR_REGION_20,1.3746923360693715,1.596903289113551,-0.5643359959935837,18.8,0.2,5,True,0.02749254925711438,1.9245581202464423,1.0425704095634998,0.02435365807506006,3.8544869432047406,30,18,23,22,1
crc,MUCINOUS,PathoTME-Fusion50,vila_mil,clip-rn50,16,shared_core62_v1,feature,4,CELL_PERCENTAGE_GRANULOCYTE_IN_TUMOR_CORE,1.3111577696258296,1.6451216648594973,0.4351622749035166,15.4,0.6,5,True,0.056398827444217356,3.781135969884888,2.211398740004793,0.02707719462786909,0.47977811616738086,8,2,7,15,45
crc,MUCINOUS,PathoTME-Fusion50,vila_mil,clip-rn50,16,shared_core62_v1,feature,5,RELATIVE_AREA_EPITHELIAL_TISSUE,1.301385107190782,1.1640685958348111,-0.12596711999985827,12.0,0.6,5,True,0.042012549160655374,2.4016644560093847,1.999160503238014,0.03414393226592635,2.02994409527993,20,15,9,7,9
crc,MUCINOUS,PathoTME-Fusion50,vila_mil,clip-rn50,16,shared_core62_v1,feature,6,RELATIVE_AREA_OUTER_INVASIVE_MARGIN,1.2526927884958008,1.408575519224451,-0.04765141303833654,15.2,0.6,5,True,0.03490327256300669,3.119974048811539,2.354905169414441,0.04708054083025349,0.7066009108597634,25,7,5,3,36
crc,MUCINOUS,PathoTME-Fusion50,vila_mil,clip-rn50,16,shared_core62_v1,feature,7,RELATIVE_AREA_CARCINOMA_IN_TUMOR_CORE,1.2220663656027573,1.3147534503163372,-0.2603689079734866,13.6,0.6,5,True,0.0379570735062293,3.0147119875521353,0.8878446180876083,0.04825942836306438,2.12155872050475,21,9,31,2,5
crc,MUCINOUS,PathoTME-Fusion50,vila_mil,clip-rn50,16,shared_core62_v1,feature,8,RELATIVE_AREA_NECROSIS_IN_TUMOR_CORE,1.199031488623972,1.4715383527312822,-0.1285437929193852,20.0,0.4,5,True,0.014622426744929494,3.587124775891338,1.49120766459453,0.031744618925078606,0.8704579569639835,44,3,14,9,30
crc,MUCINOUS,PathoTME-Fusion50,vila_mil,clip-rn50,16,shared_core62_v1,feature,9,AVG_MIN_DISTANCE_OF_PLASMA_CELLS_AROUND_CARCINOMA_CELL_IN_WHOLE_TUMOR_REGION_20,1.0718522599150464,1.2501526663683562,-0.394470294608474,20.8,0.2,5,True,0.051455867055560905,3.0845815021332914,0.9637854739785118,0.014659357058128123,1.24477909934974,12,8,30,38,16
crc,MUCINOUS,PathoTME-Fusion50,vila_mil,clip-rn50,16,shared_core62_v1,feature,10,AVG_MIN_DISTANCE_OF_FIBROBLASTS_AROUND_CARCINOMA_CELL_IN_WHOLE_TUMOR_REGION_20,1.0655559908773597,1.5454423200535712,-0.32229321902994984,26.8,0.4,5,True,0.05704941443673861,3.5353802280216646,0.07872089873893089,0.006718629337535928,1.6499107838519287,7,4,60,52,11
crc,MUCINOUS,PathoTME-Fusion50,vila_mil,clip-rn50,16,shared_core62_v1,group,1,low/tumor_core_composition,2.946960723308254,3.0940378118175516,-0.964003927276635,6.0,0.8,5,True,0.04092015312120982,7.322134038067049,4.509989435846859,0.07718019663246224,2.784579792873691,15,1,3,5,6
crc,MUCINOUS,PathoTME-Fusion50,vila_mil,clip-rn50,16,shared_core62_v1,group,2,high/cell_plasma_cell,2.901919034481555,4.959344027894028,-0.019227780911884214,7.8,0.6,5,True,0.06335050251607605,1.9174073415899795,11.670729615207318,0.08885186742966235,0.7692558456647399,9,12,1,2,15
crc,MUCINOUS,PathoTME-Fusion50,vila_mil,clip-rn50,16,shared_core62_v1,group,3,high/cell_granulocyte,2.4244458287771335,2.5002712419406268,0.8061620079519983,8.2,0.6,5,True,0.06347061881678599,5.035874711995543,1.9771547356368524,0.03366601589899386,5.012063061537492,8,5,12,13,3
crc,MUCINOUS,PathoTME-Fusion50,vila_mil,clip-rn50,16,shared_core62_v1,group,4,high/spatial_lymphocytes,2.401998543714657,2.63242848947605,-0.8386430681859942,8.0,0.8,5,True,0.0503885399387998,2.845700530153035,2.606052830844646,0.052474095185361475,6.455376722451445,13,10,6,9,2
crc,MUCINOUS,PathoTME-Fusion50,vila_mil,clip-rn50,16,shared_core62_v1,group,5,low/tls,2.306881930609424,2.4069198396673936,0.06515257537564545,7.2,0.8,5,True,0.06225649386186622,5.840356280559595,2.8211799292807007,0.034342337061734,2.7762746122832245,10,2,4,12,8
crc,MUCINOUS,PathoTME-Fusion50,vila_mil,clip-rn50,16,shared_core62_v1,group,6,low/global_tissue,2.238968076365185,2.051612838882,0.02230448983669444,4.8,1.0,5,True,0.12849854585895445,2.890027225900668,4.590073195399746,0.05627784259609729,3.529963572070461,1,9,2,8,4
crc,MUCINOUS,PathoTME-Fusion50,vila_mil,clip-rn50,16,shared_core62_v1,group,7,high/cell_macrophage,2.1562315279508737,3.1907495503869696,0.4552322155595882,9.8,0.4,5,True,0.04465904888013038,0.9988501895563203,2.000760605779319,0.058079921061409905,7.67880787447719,14,16,11,7,1
crc,MUCINOUS,PathoTME-Fusion50,vila_mil,clip-rn50,16,shared_core62_v1,group,8,high/cell_carcinoma_cell,1.945602634164155,1.9254297233876971,-0.17914271486113237,7.6,1.0,5,True,0.1066380886522727,4.643584890234245,2.589429031044576,0.04865952211614469,2.3397016387735374,5,7,7,10,9
crc,MUCINOUS,PathoTME-Fusion50,vila_mil,clip-rn50,16,shared_core62_v1,group,9,high/spatial_fibroblasts,1.863492922695634,2.0030109720148084,-0.11245456795231779,8.0,0.8,5,True,0.1125449805922993,4.906570690579949,2.4809817151085034,0.03763344958192202,1.7797337776154973,4,6,9,11,10
crc,MUCINOUS,PathoTME-Fusion50,vila_mil,clip-rn50,16,shared_core62_v1,group,10,high/cell_endothelial_cell,1.8385901776501892,2.5395475804817456,0.0928326294533057,9.4,0.6,5,True,0.0741440767882363,5.673670373799135,0.18526615915698316,0.02439109747826222,3.235479181028329,7,3,16,16,5
crc,MUCINOUS,PathoTME-Fusion50,vila_mil,plip,16,shared_core62_v1,feature,1,CELL_DENSITY_PLASMA_CELL_IN_INNER_INVASIVE_MARGIN,1.5300380326540153,1.6474259800749076,-0.028988742174753102,14.4,0.4,5,True,0.05251494629606993,2.6477855835631696,3.7690290480216837,0.022623457521537712,1.1582371278676151,9,13,2,28,20
crc,MUCINOUS,PathoTME-Fusion50,vila_mil,plip,16,shared_core62_v1,feature,2,RELATIVE_AREA_STROMA_IN_TUMOR_CORE,1.4447222524032666,1.5646320770387931,-0.40449409192801966,21.4,0.4,5,True,0.022823204115110404,2.923785736647707,3.273711406105998,0.0226467906691349,0.9806441244783831,40,10,4,27,26
crc,MUCINOUS,PathoTME-Fusion50,vila_mil,plip,16,shared_core62_v1,feature,3,AVG_MIN_DISTANCE_OF_LYMPHOCYTES_AROUND_CARCINOMA_CELL_IN_WHOLE_TUMOR_REGION_20,1.3746923360693715,1.596903289113551,-0.5643359959935837,18.8,0.2,5,True,0.02749254925711438,1.9245581202464423,1.0425704095634998,0.02435365807506006,3.8544869432047406,30,18,23,22,1
crc,MUCINOUS,PathoTME-Fusion50,vila_mil,plip,16,shared_core62_v1,feature,4,CELL_PERCENTAGE_GRANULOCYTE_IN_TUMOR_CORE,1.3111577696258296,1.6451216648594973,0.4351622749035166,15.4,0.6,5,True,0.056398827444217356,3.781135969884888,2.211398740004793,0.02707719462786909,0.47977811616738086,8,2,7,15,45
crc,MUCINOUS,PathoTME-Fusion50,vila_mil,plip,16,shared_core62_v1,feature,5,RELATIVE_AREA_EPITHELIAL_TISSUE,1.301385107190782,1.1640685958348111,-0.12596711999985827,12.0,0.6,5,True,0.042012549160655374,2.4016644560093847,1.999160503238014,0.03414393226592635,2.02994409527993,20,15,9,7,9
crc,MUCINOUS,PathoTME-Fusion50,vila_mil,plip,16,shared_core62_v1,feature,6,RELATIVE_AREA_OUTER_INVASIVE_MARGIN,1.2526927884958008,1.408575519224451,-0.04765141303833654,15.2,0.6,5,True,0.03490327256300669,3.119974048811539,2.354905169414441,0.04708054083025349,0.7066009108597634,25,7,5,3,36
crc,MUCINOUS,PathoTME-Fusion50,vila_mil,plip,16,shared_core62_v1,feature,7,RELATIVE_AREA_CARCINOMA_IN_TUMOR_CORE,1.2220663656027573,1.3147534503163372,-0.2603689079734866,13.6,0.6,5,True,0.0379570735062293,3.0147119875521353,0.8878446180876083,0.04825942836306438,2.12155872050475,21,9,31,2,5
crc,MUCINOUS,PathoTME-Fusion50,vila_mil,plip,16,shared_core62_v1,feature,8,RELATIVE_AREA_NECROSIS_IN_TUMOR_CORE,1.199031488623972,1.4715383527312822,-0.1285437929193852,20.0,0.4,5,True,0.014622426744929494,3.587124775891338,1.49120766459453,0.031744618925078606,0.8704579569639835,44,3,14,9,30
crc,MUCINOUS,PathoTME-Fusion50,vila_mil,plip,16,shared_core62_v1,feature,9,AVG_MIN_DISTANCE_OF_PLASMA_CELLS_AROUND_CARCINOMA_CELL_IN_WHOLE_TUMOR_REGION_20,1.0718522599150464,1.2501526663683562,-0.394470294608474,20.8,0.2,5,True,0.051455867055560905,3.0845815021332914,0.9637854739785118,0.014659357058128123,1.24477909934974,12,8,30,38,16
crc,MUCINOUS,PathoTME-Fusion50,vila_mil,plip,16,shared_core62_v1,feature,10,AVG_MIN_DISTANCE_OF_FIBROBLASTS_AROUND_CARCINOMA_CELL_IN_WHOLE_TUMOR_REGION_20,1.0655559908773597,1.5454423200535712,-0.32229321902994984,26.8,0.4,5,True,0.05704941443673861,3.5353802280216646,0.07872089873893089,0.006718629337535928,1.6499107838519287,7,4,60,52,11
crc,MUCINOUS,PathoTME-Fusion50,vila_mil,plip,16,shared_core62_v1,group,1,low/tumor_core_composition,2.946960723308254,3.0940378118175516,-0.964003927276635,6.0,0.8,5,True,0.04092015312120982,7.322134038067049,4.509989435846859,0.07718019663246224,2.784579792873691,15,1,3,5,6
crc,MUCINOUS,PathoTME-Fusion50,vila_mil,plip,16,shared_core62_v1,group,2,high/cell_plasma_cell,2.901919034481555,4.959344027894028,-0.019227780911884214,7.8,0.6,5,True,0.06335050251607605,1.9174073415899795,11.670729615207318,0.08885186742966235,0.7692558456647399,9,12,1,2,15
crc,MUCINOUS,PathoTME-Fusion50,vila_mil,plip,16,shared_core62_v1,group,3,high/cell_granulocyte,2.4244458287771335,2.5002712419406268,0.8061620079519983,8.2,0.6,5,True,0.06347061881678599,5.035874711995543,1.9771547356368524,0.03366601589899386,5.012063061537492,8,5,12,13,3
crc,MUCINOUS,PathoTME-Fusion50,vila_mil,plip,16,shared_core62_v1,group,4,high/spatial_lymphocytes,2.401998543714657,2.63242848947605,-0.8386430681859942,8.0,0.8,5,True,0.0503885399387998,2.845700530153035,2.606052830844646,0.052474095185361475,6.455376722451445,13,10,6,9,2
crc,MUCINOUS,PathoTME-Fusion50,vila_mil,plip,16,shared_core62_v1,group,5,low/tls,2.306881930609424,2.4069198396673936,0.06515257537564545,7.2,0.8,5,True,0.06225649386186622,5.840356280559595,2.8211799292807007,0.034342337061734,2.7762746122832245,10,2,4,12,8
crc,MUCINOUS,PathoTME-Fusion50,vila_mil,plip,16,shared_core62_v1,group,6,low/global_tissue,2.238968076365185,2.051612838882,0.02230448983669444,4.8,1.0,5,True,0.12849854585895445,2.890027225900668,4.590073195399746,0.05627784259609729,3.529963572070461,1,9,2,8,4
crc,MUCINOUS,PathoTME-Fusion50,vila_mil,plip,16,shared_core62_v1,group,7,high/cell_macrophage,2.1562315279508737,3.1907495503869696,0.4552322155595882,9.8,0.4,5,True,0.04465904888013038,0.9988501895563203,2.000760605779319,0.058079921061409905,7.67880787447719,14,16,11,7,1
crc,MUCINOUS,PathoTME-Fusion50,vila_mil,plip,16,shared_core62_v1,group,8,high/cell_carcinoma_cell,1.945602634164155,1.9254297233876971,-0.17914271486113237,7.6,1.0,5,True,0.1066380886522727,4.643584890234245,2.589429031044576,0.04865952211614469,2.3397016387735374,5,7,7,10,9
crc,MUCINOUS,PathoTME-Fusion50,vila_mil,plip,16,shared_core62_v1,group,9,high/spatial_fibroblasts,1.863492922695634,2.0030109720148084,-0.11245456795231779,8.0,0.8,5,True,0.1125449805922993,4.906570690579949,2.4809817151085034,0.03763344958192202,1.7797337776154973,4,6,9,11,10
crc,MUCINOUS,PathoTME-Fusion50,vila_mil,plip,16,shared_core62_v1,group,10,high/cell_endothelial_cell,1.8385901776501892,2.5395475804817456,0.0928326294533057,9.4,0.6,5,True,0.0741440767882363,5.673670373799135,0.18526615915698316,0.02439109747826222,3.235479181028329,7,3,16,16,5
crc,MUCINOUS,PathoTME-FusionVal,dyko,clip-rn50,16,shared_core62_v1,feature,1,AVG_MIN_DISTANCE_OF_LYMPHOCYTES_AROUND_CARCINOMA_CELL_IN_WHOLE_TUMOR_REGION_20,1.7595132521534347,2.384440269053635,-0.6930037143684192,16.0,0.2,5,True,0.0,1.9245581202464423,1.0425704095634998,0.04870731615012012,5.78173041480711,,18,23,22,1
crc,MUCINOUS,PathoTME-FusionVal,dyko,clip-rn50,16,shared_core62_v1,feature,2,CELL_DENSITY_PLASMA_CELL_IN_INNER_INVASIVE_MARGIN,1.6398834476858704,1.6424609534583636,-0.026372637198766015,15.75,0.2,5,True,0.0,2.6477855835631696,3.7690290480216837,0.045246915043075424,1.7373556918014228,,13,2,28,20
crc,MUCINOUS,PathoTME-FusionVal,dyko,clip-rn50,16,shared_core62_v1,feature,3,RELATIVE_AREA_STROMA_IN_TUMOR_CORE,1.5427513821619099,1.5436234401123836,-0.3804375572831753,16.75,0.4,5,True,0.0,2.923785736647707,3.273711406105998,0.0452935813382698,1.4709661867175745,,10,4,27,26
crc,MUCINOUS,PathoTME-FusionVal,dyko,clip-rn50,16,shared_core62_v1,feature,4,RELATIVE_AREA_EPITHELIAL_TISSUE,1.5028057933398293,1.3918230997816718,-0.1188737539118507,10.0,0.6,5,True,0.0,2.4016644560093847,1.999160503238014,0.0682878645318527,3.0449161429198957,,15,9,7,9
crc,MUCINOUS,PathoTME-FusionVal,dyko,clip-rn50,16,shared_core62_v1,feature,5,RELATIVE_AREA_CARCINOMA_IN_TUMOR_CORE,1.4362827086245997,1.557145456294005,-0.349045199171235,11.75,0.6,5,True,0.0,3.0147119875521353,0.8878446180876083,0.09651885672612875,3.1823380807571255,,9,31,2,5
crc,MUCINOUS,PathoTME-FusionVal,dyko,clip-rn50,16,shared_core62_v1,feature,6,CELL_PERCENTAGE_GRANULOCYTE_IN_TUMOR_CORE,1.353271254679298,1.624146830332459,0.4721527923866349,17.25,0.4,5,True,0.0,3.781135969884888,2.211398740004793,0.05415438925573818,0.7196671742510714,,2,7,15,45
crc,MUCINOUS,PathoTME-FusionVal,dyko,clip-rn50,16,shared_core62_v1,feature,7,RELATIVE_AREA_OUTER_INVASIVE_MARGIN,1.3257883332352265,1.380534327266191,-0.07253679183517588,12.75,0.6,5,True,0.0,3.119974048811539,2.354905169414441,0.09416108166050698,1.0599013662896453,,7,5,3,36
crc,MUCINOUS,PathoTME-FusionVal,dyko,clip-rn50,16,shared_core62_v1,feature,8,RELATIVE_AREA_NECROSIS_IN_TUMOR_CORE,1.2895017227564,1.4565318610072895,-0.10154609553563594,14.0,0.4,5,True,0.0,3.587124775891338,1.49120766459453,0.06348923785015721,1.3056869354459752,,3,14,9,30
crc,MUCINOUS,PathoTME-FusionVal,dyko,clip-rn50,16,shared_core62_v1,feature,9,AVG_MIN_DISTANCE_OF_FIBROBLASTS_AROUND_CARCINOMA_CELL_IN_WHOLE_TUMOR_REGION_20,1.2204809122427123,1.6720036781337355,-0.40341626683168413,31.75,0.2,5,True,0.0,3.5353802280216646,0.07872089873893089,0.013437258675071857,2.4748661757778936,,4,60,52,11
crc,MUCINOUS,PathoTME-FusionVal,dyko,clip-rn50,16,shared_core62_v1,feature,10,RELATIVE_AREA_STROMA_IN_INNER_INVASIVE_MARGIN,1.2080127517239276,1.4769630453856561,-0.07952135004996426,20.5,0.2,5,True,0.0,1.341877514016892,1.019207222976362,0.04849935944402393,3.63047966218236,,29,26,24,3
crc,MUCINOUS,PathoTME-FusionVal,dyko,clip-rn50,16,shared_core62_v1,group,1,low/tumor_core_composition,3.2326707112978736,3.1294136622115345,-1.011128752676931,3.75,0.8,5,True,0.0,7.322134038067049,4.509989435846859,0.15436039326492448,4.176869689310536,,1,3,5,6
crc,MUCINOUS,PathoTME-FusionVal,dyko,clip-rn50,16,shared_core62_v1,group,2,high/spatial_lymphocytes,3.0479533270091146,3.943735189630733,-0.9794094356968689,6.75,0.8,5,True,0.0,2.845700530153035,2.606052830844646,0.10494819037072295,9.683065083677167,,10,6,9,2
crc,MUCINOUS,PathoTME-FusionVal,dyko,clip-rn50,16,shared_core62_v1,group,3,high/cell_plasma_cell,2.9839448920307463,4.917463051210005,-0.03246684360536817,7.5,0.4,5,True,0.0,1.9174073415899795,11.670729615207318,0.1777037348593247,1.1538837684971097,,12,1,2,15
crc,MUCINOUS,PathoTME-FusionVal,dyko,clip-rn50,16,shared_core62_v1,group,4,high/cell_macrophage,2.926796489834848,4.869618893885284,0.6533878132397593,8.75,0.4,5,True,0.0,0.9988501895563203,2.000760605779319,0.11615984212281981,11.518211811715782,,16,11,7,1
crc,MUCINOUS,PathoTME-FusionVal,dyko,clip-rn50,16,shared_core62_v1,group,5,high/cell_granulocyte,2.919691214347324,3.285288074478896,1.0771473390750808,8.25,0.4,5,True,0.0,5.035874711995543,1.9771547356368524,0.06733203179798772,7.518094592306238,,5,12,13,3
crc,MUCINOUS,PathoTME-FusionVal,dyko,clip-rn50,16,shared_core62_v1,group,6,low/tls,2.57892656047772,2.5574181739764046,0.05397889357725487,6.5,0.6,5,True,0.0,5.840356280559595,2.8211799292807007,0.068684674123468,4.164411918424837,,2,4,12,8
crc,MUCINOUS,PathoTME-FusionVal,dyko,clip-rn50,16,shared_core62_v1,group,7,low/global_tissue,2.5775202929196603,2.462320558492801,0.08375988862016381,5.75,0.8,5,True,0.0,2.890027225900668,4.590073195399746,0.11255568519219458,5.294945358105693,,9,2,8,4
crc,MUCINOUS,PathoTME-FusionVal,dyko,clip-rn50,16,shared_core62_v1,group,8,high/cell_carcinoma_cell,2.167977084734283,2.0672342388389833,-0.3049965364042069,8.25,0.8,5,True,0.0,4.643584890234245,2.589429031044576,0.09731904423228938,3.5095524581603064,,7,7,10,9
crc,MUCINOUS,PathoTME-FusionVal,dyko,clip-rn50,16,shared_core62_v1,group,9,high/cell_endothelial_cell,2.152187499891027,2.8557580444522976,0.09426091056067197,10.0,0.4,5,True,0.0,5.673670373799135,0.18526615915698316,0.04878219495652444,4.853218771542493,,3,16,16,5
crc,MUCINOUS,PathoTME-FusionVal,dyko,clip-rn50,16,shared_core62_v1,group,10,high/spatial_fibroblasts,2.0264839942551083,2.051155292864086,-0.19041638120319382,9.0,0.6,5,True,0.0,4.906570690579949,2.4809817151085034,0.07526689916384403,2.669600666423246,,6,9,11,10
crc,MUCINOUS,PathoTME-FusionVal,dyko,plip,16,shared_core62_v1,feature,1,CELL_DENSITY_PLASMA_CELL_IN_INNER_INVASIVE_MARGIN,1.1569496018926975,1.549866541382674,0.06380063795734783,14.4,0.4,5,True,0.07877241944410489,1.3238927917815848,3.7690290480216837,0.03393518628230657,0.5791185639338076,9,13,2,28,20
crc,MUCINOUS,PathoTME-FusionVal,dyko,plip,16,shared_core62_v1,feature,2,RELATIVE_AREA_STROMA_IN_TUMOR_CORE,1.0588262657690823,1.3685296437894083,-0.4325263846001251,21.4,0.4,5,True,0.0342348061726656,1.4618928683238535,3.273711406105998,0.03397018600370234,0.49032206223919156,40,10,4,27,26
crc,MUCINOUS,PathoTME-FusionVal,dyko,plip,16,shared_core62_v1,feature,3,CELL_PERCENTAGE_PLASMA_CELL_IN_INNER_INVASIVE_MARGIN,1.0003938775940857,2.065420816185569,0.28360155094304157,33.2,0.2,5,True,0.043664945826982826,0.06920189934284583,4.694092837500798,0.035963592727333064,0.15904611257246962,28,59,1,26,52
crc,MUCINOUS,PathoTME-FusionVal,dyko,plip,16,shared_core62_v1,feature,4,RELATIVE_AREA_VESSEL,0.9089273367441606,1.593248626407069,-0.0759966433245562,22.8,0.4,5,True,0.11946169508259781,0.13968092535615803,3.739243121096037,0.028591999445186287,0.5176589427408236,1,52,3,33,25
crc,MUCINOUS,PathoTME-FusionVal,dyko,plip,16,shared_core62_v1,feature,5,CELL_PERCENTAGE_GRANULOCYTE_IN_TUMOR_CORE,0.8934139632278114,1.0653570304930373,0.24647408913607344,15.4,0.6,5,True,0.08459824116632603,1.890567984942444,2.211398740004793,0.04061579194180363,0.23988905808369043,8,2,7,15,45
crc,MUCINOUS,PathoTME-FusionVal,dyko,plip,16,shared_core62_v1,feature,6,RELATIVE_AREA_OUTER_INVASIVE_MARGIN,0.8782336738679964,1.0314086836626482,-0.03634121041572748,15.2,0.6,5,True,0.05235490884451003,1.5599870244057694,2.354905169414441,0.07062081124538024,0.3533004554298817,25,7,5,3,36
crc,MUCINOUS,PathoTME-FusionVal,dyko,plip,16,shared_core62_v1,feature,7,RELATIVE_AREA_EPITHELIAL_TISSUE,0.8658399002045087,0.8256830190024166,-0.08466194128435245,12.0,0.6,5,True,0.06301882374098305,1.2008322280046924,1.999160503238014,0.05121589839888953,1.014972047639965,20,15,9,7,9
crc,MUCINOUS,PathoTME-FusionVal,dyko,plip,16,shared_core62_v1,feature,8,AVG_MIN_DISTANCE_OF_LYMPHOCYTES_AROUND_CARCINOMA_CELL_IN_WHOLE_TUMOR_REGION_20,0.8019724504574706,0.7928488992083148,-0.31164304707279866,18.8,0.2,5,True,0.04123882388567157,0.9622790601232212,1.0425704095634998,0.03653048711259008,1.9272434716023703,30,18,23,22,1
crc,MUCINOUS,PathoTME-FusionVal,dyko,plip,16,shared_core62_v1,feature,9,RELATIVE_AREA_NECROSIS_IN_TUMOR_CORE,0.7579099199054407,0.8307529453892768,-0.09934585621082317,20.0,0.4,5,True,0.02193364011739424,1.793562387945669,1.49120766459453,0.047616928387617906,0.43522897848199177,44,3,14,9,30
crc,MUCINOUS,PathoTME-FusionVal,dyko,plip,16,shared_core62_v1,feature,10,CELL_DENSITY_MACROPHAGE_IN_INNER_INVASIVE_MARGIN,0.7279600240772257,0.9470477220666149,0.048842111562795616,17.0,0.6,5,True,0.06864010736813389,0.23700230677490836,2.266124099437091,0.04889895673086342,1.0191346500751322,17,46,6,8,8
crc,MUCINOUS,PathoTME-FusionVal,dyko,plip,16,shared_core62_v1,group,1,high/cell_plasma_cell,2.6484729527506574,5.055386460934382,0.03902457473844557,7.8,0.6,5,True,0.09502575377411406,0.9587036707949897,11.670729615207318,0.13327780114449353,0.38462792283236996,9,12,1,2,15
crc,MUCINOUS,PathoTME-FusionVal,dyko,plip,16,shared_core62_v1,group,2,low/tumor_core_composition,1.9480993751895475,2.0447250426857018,-0.7514532629833959,6.0,0.8,5,True,0.06138022968181473,3.6610670190335246,4.509989435846859,0.11577029494869337,1.3922898964368455,15,1,3,5,6
crc,MUCINOUS,PathoTME-FusionVal,dyko,plip,16,shared_core62_v1,group,3,low/global_tissue,1.6154466354135777,1.8212588872881263,0.03980436297695473,4.8,1.0,5,True,0.19274781878843167,1.445013612950334,4.590073195399746,0.08441676389414592,1.7649817860352306,1,9,2,8,4
crc,MUCINOUS,PathoTME-FusionVal,dyko,plip,16,shared_core62_v1,group,4,high/spatial_lymphocytes,1.4821770819666256,1.4371543136341725,-0.5455594529691631,8.0,0.8,5,True,0.0755828099081997,1.4228502650765176,2.606052830844646,0.0787111427780422,3.2276883612257223,13,10,6,9,2
crc,MUCINOUS,PathoTME-FusionVal,dyko,plip,16,shared_core62_v1,group,5,low/tls,1.454878724417502,1.4001281711243632,0.03114326450624442,7.2,0.8,5,True,0.09338474079279933,2.9201781402797975,2.8211799292807007,0.05151350559260102,1.3881373061416122,10,2,4,12,8
crc,MUCINOUS,PathoTME-FusionVal,dyko,plip,16,shared_core62_v1,group,6,high/cell_granulocyte,1.429365714895408,1.2575299197408774,0.4340660259915799,8.2,0.6,5,True,0.09520592822517898,2.5179373559977716,1.9771547356368524,0.050499023848490796,2.506031530768746,8,5,12,13,3
crc,MUCINOUS,PathoTME-FusionVal,dyko,plip,16,shared_core62_v1,group,7,high/cell_macrophage,1.2987396185416769,1.6257264052640457,0.21210105476263882,9.8,0.4,5,True,0.06698857332019556,0.49942509477816016,2.000760605779319,0.08711988159211488,3.839403937238595,14,16,11,7,1
crc,MUCINOUS,PathoTME-FusionVal,dyko,plip,16,shared_core62_v1,group,8,high/cell_carcinoma_cell,1.2628037423402185,1.174942665212429,-0.12456228935125482,7.6,1.0,5,True,0.15995713297840902,2.3217924451171226,2.589429031044576,0.07298928317421703,1.1698508193867687,5,7,7,10,9
crc,MUCINOUS,PathoTME-FusionVal,dyko,plip,16,shared_core62_v1,group,9,high/spatial_fibroblasts,1.2098803188935117,1.191467201221695,0.03909295506204611,8.0,0.8,5,True,0.16881747088844895,2.4532853452899746,2.4809817151085034,0.05645017437288302,0.8898668888077487,4,6,9,11,10
crc,MUCINOUS,PathoTME-FusionVal,dyko,plip,16,shared_core62_v1,group,10,high/spatial_macrophages,1.1129301446523931,1.1629100936114003,-0.023078002570602822,7.2,0.8,5,True,0.1895622741103418,2.6555831181969762,2.0456549565693254,0.1103085953594957,0.5635417790258269,2,4,10,6,14
crc,MUCINOUS,PathoTME-FusionVal,focus,clip-rn50,16,shared_core62_v1,feature,1,AVG_MIN_DISTANCE_OF_LYMPHOCYTES_AROUND_CARCINOMA_CELL_IN_WHOLE_TUMOR_REGION_20,2.3459794123938926,3.214627551010875,-0.9449072611130284,18.8,0.2,5,True,0.05498509851422876,2.8868371803696626,1.0425704095634998,0.03653048711259008,7.708973886409481,30,18,23,22,1
crc,MUCINOUS,PathoTME-FusionVal,focus,clip-rn50,16,shared_core62_v1,feature,2,CELL_DENSITY_PLASMA_CELL_IN_INNER_INVASIVE_MARGIN,2.039229351595223,1.9082559571939661,-0.1164536032417725,14.4,0.4,5,True,0.10502989259213986,3.971678375344754,3.7690290480216837,0.03393518628230657,2.3164742557352302,9,13,2,28,20
crc,MUCINOUS,PathoTME-FusionVal,focus,clip-rn50,16,shared_core62_v1,feature,3,RELATIVE_AREA_CARCINOMA_IN_TUMOR_CORE,1.9602666659964734,2.2382576174566116,-0.492321843537622,13.6,0.6,5,True,0.0759141470124586,4.5220679813282025,0.8878446180876083,0.07238914254459657,4.2431174410095,21,9,31,2,5
crc,MUCINOUS,PathoTME-FusionVal,focus,clip-rn50,16,shared_core62_v1,feature,4,RELATIVE_AREA_EPITHELIAL_TISSUE,1.95935727490643,1.8888882859793252,-0.15208153513011083,12.0,0.6,5,True,0.08402509832131075,3.6024966840140764,1.999160503238014,0.05121589839888953,4.05988819055986,20,15,9,7,9
crc,MUCINOUS,PathoTME-FusionVal,focus,clip-rn50,16,shared_core62_v1,feature,5,RELATIVE_AREA_STROMA_IN_TUMOR_CORE,1.9400589708536493,1.9353364247749365,-0.3534319912296665,21.4,0.4,5,True,0.04564640823022081,4.3856786049715595,3.273711406105998,0.03397018600370234,1.9612882489567662,40,10,4,27,26
crc,MUCINOUS,PathoTME-FusionVal,focus,clip-rn50,16,shared_core62_v1,feature,6,CELL_PERCENTAGE_GRANULOCYTE_IN_TUMOR_CORE,1.7992144747994252,2.334939379479466,0.6584449909787893,15.4,0.6,5,True,0.11279765488843471,5.671703954827333,2.211398740004793,0.04061579194180363,0.9595562323347617,8,2,7,15,45
crc,MUCINOUS,PathoTME-FusionVal,focus,clip-rn50,16,shared_core62_v1,feature,7,AVG_MIN_DISTANCE_OF_FIBROBLASTS_AROUND_CARCINOMA_CELL_IN_WHOLE_TUMOR_REGION_20,1.7611579162710136,2.42499012825887,-0.5694912710964007,26.8,0.4,5,True,0.11409882887347722,5.303070342032497,0.07872089873893089,0.010077944006303893,3.2998215677038574,7,4,60,52,11
crc,MUCINOUS,PathoTME-FusionVal,focus,clip-rn50,16,shared_core62_v1,feature,8,RELATIVE_AREA_NECROSIS_IN_TUMOR_CORE,1.7379345048473958,2.1855962453654576,-0.12986457110361893,20.0,0.4,5,True,0.029244853489858988,5.380687163837006,1.49120766459453,0.047616928387617906,1.740915913927967,44,3,14,9,30
crc,MUCINOUS,PathoTME-FusionVal,focus,clip-rn50,16,shared_core62_v1,feature,9,RELATIVE_AREA_OUTER_INVASIVE_MARGIN,1.717699084144534,1.9171699798820712,-0.09537545219019694,15.2,0.6,5,True,0.06980654512601338,4.679961073217309,2.354905169414441,0.07062081124538024,1.4132018217195268,25,7,5,3,36
crc,MUCINOUS,PathoTME-FusionVal,focus,clip-rn50,16,shared_core62_v1,feature,10,LOG1P_COUNT_TLS_MATURE,1.6982243171933002,2.311805051513931,-0.11906259517281666,26.6,0.4,5,True,0.012262429143638986,5.172165867575644,0.264115313842742,0.046881963462136224,2.9956960119423406,53,5,52,10,13
crc,MUCINOUS,PathoTME-FusionVal,focus,clip-rn50,16,shared_core62_v1,group,1,low/tumor_core_composition,4.2519921359771855,4.5168895170937775,-1.2302297792240187,6.0,0.8,5,True,0.08184030624241964,10.983201057100576,4.509989435846859,0.11577029494869337,5.569159585747382,15,1,3,5,6
crc,MUCINOUS,PathoTME-FusionVal,focus,clip-rn50,16,shared_core62_v1,group,2,high/spatial_lymphocytes,3.9929690587265454,5.29143018728794,-1.2693385876922467,8.0,0.8,5,True,0.1007770798775996,4.268550795229552,2.606052830844646,0.0787111427780422,12.91075344490289,13,10,6,9,2
crc,MUCINOUS,PathoTME-FusionVal,focus,clip-rn50,16,shared_core62_v1,group,3,high/cell_granulocyte,3.9465066376374422,4.571553706431945,1.450608235366628,8.2,0.6,5,True,0.12694123763357198,7.553812067993315,1.9771547356368524,0.050499023848490796,10.024126123074984,8,5,12,13,3
crc,MUCINOUS,PathoTME-FusionVal,focus,clip-rn50,16,shared_core62_v1,group,4,high/cell_macrophage,3.8066179236841107,6.512835420030359,0.9060999067189,9.8,0.4,5,True,0.08931809776026076,1.49827528433448,2.000760605779319,0.08711988159211488,15.35761574895438,14,16,11,7,1
crc,MUCINOUS,PathoTME-FusionVal,focus,clip-rn50,16,shared_core62_v1,group,5,low/tls,3.4620580136005756,3.7291336494222116,0.08447570232227136,7.2,0.8,5,True,0.12451298772373244,8.760534420839395,2.8211799292807007,0.05151350559260102,5.552549224566449,10,2,4,12,8
crc,MUCINOUS,PathoTME-FusionVal,focus,clip-rn50,16,shared_core62_v1,group,6,high/cell_plasma_cell,3.2690662250196825,4.833342754510811,-0.08886666427887166,7.8,0.6,5,True,0.1267010050321521,2.8761110123849694,11.670729615207318,0.13327780114449353,1.5385116913294798,9,12,1,2,15
crc,MUCINOUS,PathoTME-FusionVal,focus,clip-rn50,16,shared_core62_v1,group,7,low/global_tissue,3.2652910068007452,3.0193736599632603,0.05737728500108748,4.8,1.0,5,True,0.2569970917179089,4.335040838851002,4.590073195399746,0.08441676389414592,7.059927144140922,1,9,2,8,4
crc,MUCINOUS,PathoTME-FusionVal,focus,clip-rn50,16,shared_core62_v1,group,8,high/cell_endothelial_cell,3.0703209763412422,4.09955192802368,0.14897647071888925,9.4,0.6,5,True,0.1482881535764726,8.510505560698704,0.18526615915698316,0.036586646217393326,6.470958362056658,7,3,16,16,5
crc,MUCINOUS,PathoTME-FusionVal,focus,clip-rn50,16,shared_core62_v1,group,9,high/cell_carcinoma_cell,2.9040950208843563,2.9580573809596173,-0.39280821344502176,7.6,1.0,5,True,0.2132761773045454,6.96537733535137,2.589429031044576,0.07298928317421703,4.679403277547075,5,7,7,10,9
crc,MUCINOUS,PathoTME-FusionVal,focus,clip-rn50,16,shared_core62_v1,group,10,high/spatial_fibroblasts,2.7363690883533804,2.9836149881690943,-0.3703718002232011,8.0,0.8,5,True,0.2250899611845986,7.3598560358699245,2.4809817151085034,0.05645017437288302,3.5594675552309947,4,6,9,11,10
crc,MUCINOUS,PathoTME-FusionVal,focus,plip,16,shared_core62_v1,feature,1,CELL_DENSITY_PLASMA_CELL_IN_INNER_INVASIVE_MARGIN,0.7875605374722898,0.798637274858309,-0.013887228538402716,14.4,0.4,5,True,0.10502989259213986,1.3238927917815848,1.8845145240108419,0.045246915043075424,0.5791185639338076,9,13,2,28,20
crc,MUCINOUS,PathoTME-FusionVal,focus,plip,16,shared_core62_v1,feature,2,RELATIVE_AREA_STROMA_IN_TUMOR_CORE,0.736002124636907,0.7668902368553674,-0.2028985302794722,21.4,0.4,5,True,0.04564640823022081,1.4618928683238535,1.636855703052999,0.0452935813382698,0.49032206223919156,40,10,4,27,26
crc,MUCINOUS,PathoTME-FusionVal,focus,plip,16,shared_core62_v1,feature,3,AVG_MIN_DISTANCE_OF_LYMPHOCYTES_AROUND_CARCINOMA_CELL_IN_WHOLE_TUMOR_REGION_20,0.702900030234338,0.7821509052443041,-0.280908869122195,18.8,0.2,5,True,0.05498509851422876,0.9622790601232212,0.5212852047817499,0.04870731615012012,1.9272434716023703,30,18,23,22,1
crc,MUCINOUS,PathoTME-FusionVal,focus,plip,16,shared_core62_v1,feature,4,CELL_PERCENTAGE_GRANULOCYTE_IN_TUMOR_CORE,0.6806216914345408,0.7990293701218414,0.2184551254305486,15.4,0.6,5,True,0.11279765488843471,1.890567984942444,1.1056993700023965,0.05415438925573818,0.23988905808369043,8,2,7,15,45
crc,MUCINOUS,PathoTME-FusionVal,focus,plip,16,shared_core62_v1,feature,5,RELATIVE_AREA_EPITHELIAL_TISSUE,0.6735394980233655,0.5510837389486022,-0.05572830353161247,12.0,0.6,5,True,0.08402509832131075,1.2008322280046924,0.999580251619007,0.0682878645318527,1.014972047639965,20,15,9,7,9
crc,MUCINOUS,PathoTME-FusionVal,focus,plip,16,shared_core62_v1,feature,6,RELATIVE_AREA_OUTER_INVASIVE_MARGIN,0.6509415382658784,0.6782127522387812,-0.030755058488403753,15.2,0.6,5,True,0.06980654512601338,1.5599870244057694,1.1774525847072206,0.09416108166050698,0.3533004554298817,25,7,5,3,36
crc,MUCINOUS,PathoTME-FusionVal,focus,plip,16,shared_core62_v1,feature,7,RELATIVE_AREA_CARCINOMA_IN_TUMOR_CORE,0.6368981333621668,0.6287536571655354,-0.1354358470001853,13.6,0.6,5,True,0.0759141470124586,1.5073559937760677,0.44392230904380414,0.09651885672612875,1.060779360252375,21,9,31,2,5
crc,MUCINOUS,PathoTME-FusionVal,focus,plip,16,shared_core62_v1,feature,8,RELATIVE_AREA_NECROSIS_IN_TUMOR_CORE,0.6134258580129883,0.7220881362901275,-0.06327703955589106,20.0,0.4,5,True,0.029244853489858988,1.793562387945669,0.745603832297265,0.06348923785015721,0.43522897848199177,44,3,14,9,30
crc,MUCINOUS,PathoTME-FusionVal,focus,plip,16,shared_core62_v1,feature,9,AVG_MIN_DISTANCE_OF_PLASMA_CELLS_AROUND_CARCINOMA_CELL_IN_WHOLE_TUMOR_REGION_20,0.55576069719163,0.6052583687223494,-0.19810627915442283,20.8,0.2,5,True,0.10291173411112181,1.5422907510666457,0.4818927369892559,0.029318714116256247,0.62238954967487,12,8,30,38,16
crc,MUCINOUS,PathoTME-FusionVal,focus,plip,16,shared_core62_v1,feature,10,AVG_MIN_DISTANCE_OF_FIBROBLASTS_AROUND_CARCINOMA_CELL_IN_WHOLE_TUMOR_REGION_20,0.5519084085709622,0.7577950956934625,-0.16725075771198475,26.8,0.4,5,True,0.11409882887347722,1.7676901140108323,0.03936044936946544,0.013437258675071857,0.8249553919259643,7,4,60,52,11
crc,MUCINOUS,PathoTME-FusionVal,focus,plip,16,shared_core62_v1,group,1,low/tumor_core_composition,1.5089104665802286,1.5061005143578272,-0.48690970230648495,6.0,0.8,5,True,0.08184030624241964,3.6610670190335246,2.2549947179234295,0.15436039326492448,1.3922898964368455,15,1,3,5,6
crc,MUCINOUS,PathoTME-FusionVal,focus,plip,16,shared_core62_v1,group,2,high/cell_plasma_cell,1.4966202282244991,2.447795182896374,-0.007048235606338986,7.8,0.6,5,True,0.1267010050321521,0.9587036707949897,5.835364807603659,0.1777037348593247,0.38462792283236996,9,12,1,2,15
crc,MUCINOUS,PathoTME-FusionVal,focus,plip,16,shared_core62_v1,group,3,high/cell_granulocyte,1.2413639048033007,1.2158550215460002,0.40535695830305685,8.2,0.6,5,True,0.12694123763357198,2.5179373559977716,0.9885773678184262,0.06733203179798772,2.506031530768746,8,5,12,13,3
crc,MUCINOUS,PathoTME-FusionVal,focus,plip,16,shared_core62_v1,group,4,high/spatial_lymphocytes,1.231858062394577,1.2820054198761008,-0.41718448509438844,8.0,0.8,5,True,0.1007770798775996,1.4228502650765176,1.303026415422323,0.10494819037072295,3.2276883612257223,13,10,6,9,2
crc,MUCINOUS,PathoTME-FusionVal,focus,plip,16,shared_core62_v1,group,5,low/tls,1.1824206145817922,1.1698032013596942,0.03634992713761996,7.2,0.8,5,True,0.12451298772373244,2.9201781402797975,1.4105899646403504,0.068684674123468,1.3881373061416122,10,2,4,12,8
crc,MUCINOUS,PathoTME-FusionVal,focus,plip,16,shared_core62_v1,group,6,low/global_tissue,1.1749169547191083,0.9548540551333135,0.008589649325924592,4.8,1.0,5,True,0.2569970917179089,1.445013612950334,2.295036597699873,0.11255568519219458,1.7649817860352306,1,9,2,8,4
crc,MUCINOUS,PathoTME-FusionVal,focus,plip,16,shared_core62_v1,group,7,high/cell_macrophage,1.108937454957899,1.5703477485460031,0.2249575271625856,9.8,0.4,5,True,0.08931809776026076,0.49942509477816016,1.0003803028896594,0.11615984212281981,3.839403937238595,14,16,11,7,1
crc,MUCINOUS,PathoTME-FusionVal,focus,plip,16,shared_core62_v1,group,8,high/cell_carcinoma_cell,1.0193906003126028,0.9075693525393026,-0.11528246811559799,7.6,1.0,5,True,0.2132761773045454,2.3217924451171226,1.294714515522288,0.09731904423228938,1.1698508193867687,5,7,7,10,9
crc,MUCINOUS,PathoTME-FusionVal,focus,plip,16,shared_core62_v1,group,9,high/spatial_fibroblasts,0.9767999904000835,0.9532745044574547,-0.07490959107285125,8.0,0.8,5,True,0.2250899611845986,2.4532853452899746,1.2404908575542517,0.07526689916384403,0.8898668888077487,4,6,9,11,10
crc,MUCINOUS,PathoTME-FusionVal,focus,plip,16,shared_core62_v1,group,10,high/cell_endothelial_cell,0.9488556411050441,1.2445913072704038,0.05149094464845806,9.4,0.6,5,True,0.1482881535764726,2.8368351868995676,0.09263307957849158,0.04878219495652444,1.6177395905141645,7,3,16,16,5
crc,MUCINOUS,PathoTME-FusionVal,hive_mil,clip-rn50,16,shared_core62_v1,feature,1,CELL_DENSITY_PLASMA_CELL_IN_INNER_INVASIVE_MARGIN,2.0099993152315774,2.334061371101912,0.052535516051125344,15.75,0.2,5,True,0.0,2.6477855835631696,5.653543572032525,0.011311728760768856,1.7373556918014228,,13,2,28,20
crc,MUCINOUS,PathoTME-FusionVal,hive_mil,clip-rn50,16,shared_core62_v1,feature,2,RELATIVE_AREA_STROMA_IN_TUMOR_CORE,1.863328485571769,2.0896229853379746,-0.610247124698011,16.75,0.4,5,True,0.0,2.923785736647707,4.910567109158997,0.01132339533456745,1.4709661867175745,,10,4,27,26
crc,MUCINOUS,PathoTME-FusionVal,hive_mil,clip-rn50,16,shared_core62_v1,feature,3,AVG_MIN_DISTANCE_OF_LYMPHOCYTES_AROUND_CARCINOMA_CELL_IN_WHOLE_TUMOR_REGION_20,1.8564641956872663,2.363568629004288,-0.7241036702630484,16.0,0.2,5,True,0.0,1.9245581202464423,1.5638556143452496,0.01217682903753003,5.78173041480711,,18,23,22,1
crc,MUCINOUS,PathoTME-FusionVal,hive_mil,clip-rn50,16,shared_core62_v1,feature,4,RELATIVE_AREA_EPITHELIAL_TISSUE,1.692478663983853,1.5580295169972145,-0.1477857908117877,10.0,0.6,5,True,0.0,2.4016644560093847,2.998740754857022,0.017071966132963176,3.0449161429198957,,15,9,7,9
crc,MUCINOUS,PathoTME-FusionVal,hive_mil,clip-rn50,16,shared_core62_v1,feature,5,CELL_PERCENTAGE_GRANULOCYTE_IN_TUMOR_CORE,1.5662879702914168,1.840648201047957,0.4981515051344597,17.25,0.4,5,True,0.0,3.781135969884888,3.3170981100071897,0.013538597313934544,0.7196671742510714,,2,7,15,45
crc,MUCINOUS,PathoTME-FusionVal,hive_mil,clip-rn50,16,shared_core62_v1,feature,6,RELATIVE_AREA_OUTER_INVASIVE_MARGIN,1.5471546879275948,1.6857710607518086,-0.08042045042245652,12.75,0.6,5,True,0.0,3.119974048811539,3.532357754121663,0.023540270415126744,1.0599013662896453,,7,5,3,36
crc,MUCINOUS,PathoTME-FusionVal,hive_mil,clip-rn50,16,shared_core62_v1,feature,7,CELL_PERCENTAGE_PLASMA_CELL_IN_INNER_INVASIVE_MARGIN,1.5337338513793486,3.0847570692554744,0.4380520863379874,34.5,0.2,5,True,0.0,0.13840379868569166,7.041139256251198,0.01198786424244435,0.4771383377174091,,59,1,26,52
crc,MUCINOUS,PathoTME-FusionVal,hive_mil,clip-rn50,16,shared_core62_v1,feature,8,RELATIVE_AREA_CARCINOMA_IN_TUMOR_CORE,1.510589341924441,1.5476230661692496,-0.3374457176556448,11.75,0.6,5,True,0.0,3.0147119875521353,1.331766927131412,0.02412971418153219,3.1823380807571255,,9,31,2,5
crc,MUCINOUS,PathoTME-FusionVal,hive_mil,clip-rn50,16,shared_core62_v1,feature,9,RELATIVE_AREA_VESSEL,1.4901468054121145,2.3899030532025436,-0.11959909552696704,28.25,0.2,5,True,0.0,0.27936185071231606,5.608864681644056,0.009530666481728763,1.5529768282224705,,52,3,33,25
crc,MUCINOUS,PathoTME-FusionVal,hive_mil,clip-rn50,16,shared_core62_v1,feature,10,RELATIVE_AREA_NECROSIS_IN_TUMOR_CORE,1.4290991035383294,1.5300521964440044,-0.13775047344208832,14.0,0.4,5,True,0.0,3.587124775891338,2.236811496891795,0.015872309462539303,1.3056869354459752,,3,14,9,30
crc,MUCINOUS,PathoTME-FusionVal,hive_mil,clip-rn50,16,shared_core62_v1,group,1,high/cell_plasma_cell,4.124362293322579,7.523652580958249,0.013007051159110073,7.5,0.4,5,True,0.0,1.9174073415899795,17.50609442281098,0.044425933714831174,1.1538837684971097,,12,1,2,15
crc,MUCINOUS,PathoTME-FusionVal,hive_mil,clip-rn50,16,shared_core62_v1,group,2,low/tumor_core_composition,3.6605155958928206,3.5295012016742344,-1.2763307049273727,3.75,0.8,5,True,0.0,7.322134038067049,6.764984153770289,0.03859009831623112,4.176869689310536,,1,3,5,6
crc,MUCINOUS,PathoTME-FusionVal,hive_mil,clip-rn50,16,shared_core62_v1,group,3,high/spatial_lymphocytes,3.2928163815379703,3.966363297961957,-1.1073164249711773,6.75,0.8,5,True,0.0,2.845700530153035,3.909079246266969,0.026237047592680737,9.683065083677167,,10,6,9,2
crc,MUCINOUS,PathoTME-FusionVal,hive_mil,clip-rn50,16,shared_core62_v1,group,4,high/cell_macrophage,3.109448574094357,4.856213621203061,0.6480522875272665,8.75,0.4,5,True,0.0,0.9988501895563203,3.0011409086689773,0.029039960530704952,11.518211811715782,,16,11,7,1
crc,MUCINOUS,PathoTME-FusionVal,hive_mil,clip-rn50,16,shared_core62_v1,group,5,high/cell_granulocyte,3.1073068831413115,3.255796766665402,1.1051580524775761,8.25,0.4,5,True,0.0,5.035874711995543,2.965732103455279,0.01683300794949693,7.518094592306238,,5,12,13,3
crc,MUCINOUS,PathoTME-FusionVal,hive_mil,clip-rn50,16,shared_core62_v1,group,6,low/global_tissue,3.0196442596808053,3.090427765641191,0.11135336104551934,5.75,0.8,5,True,0.0,2.890027225900668,6.885109793099619,0.028138921298048646,5.294945358105693,,9,2,8,4
crc,MUCINOUS,PathoTME-FusionVal,hive_mil,clip-rn50,16,shared_core62_v1,group,7,low/tls,2.85074185228727,2.6798607171084825,0.044148970038050475,6.5,0.6,5,True,0.0,5.840356280559595,4.231769893921051,0.017171168530867,4.164411918424837,,2,4,12,8
crc,MUCINOUS,PathoTME-FusionVal,hive_mil,clip-rn50,16,shared_core62_v1,group,8,high/cell_carcinoma_cell,2.412322131203897,2.2288176121836676,-0.3170743681017382,8.25,0.8,5,True,0.0,4.643584890234245,3.884143546566864,0.024329761058072344,3.5095524581603064,,7,7,10,9
crc,MUCINOUS,PathoTME-FusionVal,hive_mil,clip-rn50,16,shared_core62_v1,group,9,high/spatial_fibroblasts,2.263292130891382,2.204453418041781,-0.08100370127388742,9.0,0.6,5,True,0.0,4.906570690579949,3.721472572662755,0.01881672479096101,2.669600666423246,,6,9,11,10
crc,MUCINOUS,PathoTME-FusionVal,hive_mil,clip-rn50,16,shared_core62_v1,group,10,high/cell_endothelial_cell,2.1633967865632466,2.846937670230784,0.09560471449094708,10.0,0.4,5,True,0.0,5.673670373799135,0.27789923873547473,0.01219554873913111,4.853218771542493,,3,16,16,5
crc,MUCINOUS,PathoTME-FusionVal,hive_mil,plip,16,shared_core62_v1,feature,1,AVG_MIN_DISTANCE_OF_LYMPHOCYTES_AROUND_CARCINOMA_CELL_IN_WHOLE_TUMOR_REGION_20,0.5882737478115532,0.8531218139120907,-0.2514338200461882,17.75,0.2,5,True,0.02749254925711438,0.9622790601232212,0.0,0.02435365807506006,1.9272434716023703,30,18,,22,1
crc,MUCINOUS,PathoTME-FusionVal,hive_mil,plip,16,shared_core62_v1,feature,2,AVG_MIN_DISTANCE_OF_FIBROBLASTS_AROUND_CARCINOMA_CELL_IN_WHOLE_TUMOR_REGION_20,0.5312827099422142,0.7741564641739721,-0.16367680669148074,18.5,0.4,5,True,0.05704941443673861,1.7676901140108323,0.0,0.006718629337535928,0.8249553919259643,7,4,,52,11
crc,MUCINOUS,PathoTME-FusionVal,hive_mil,plip,16,shared_core62_v1,feature,3,RELATIVE_AREA_CARCINOMA_IN_TUMOR_CORE,0.5308703711795473,0.7056960925185164,-0.1421248932841269,9.25,0.6,5,True,0.0379570735062293,1.5073559937760677,0.0,0.04825942836306438,1.060779360252375,21,9,,2,5
crc,MUCINOUS,PathoTME-FusionVal,hive_mil,plip,16,shared_core62_v1,feature,4,LOG1P_COUNT_TLS_MATURE,0.5020730298114753,0.7539697624202201,-0.029325637843886164,20.25,0.4,5,True,0.006131214571819493,1.7240552891918808,0.0,0.03125464230809082,0.7489240029855851,53,5,,10,13
crc,MUCINOUS,PathoTME-FusionVal,hive_mil,plip,16,shared_core62_v1,feature,5,TLS_IMMATURE_PRESENT,0.4833322141033015,0.9226891941801934,0.05991022712885817,26.0,0.2,5,True,0.04749026840398269,2.1254956892261676,0.0,0.012760722639241492,0.23091439024711588,16,1,,41,46
crc,MUCINOUS,PathoTME-FusionVal,hive_mil,plip,16,shared_core62_v1,feature,6,RELATIVE_AREA_EPITHELIAL_TISSUE,0.45839215141424783,0.5967579780178519,-0.034049922247189154,12.75,0.4,5,True,0.042012549160655374,1.2008322280046924,0.0,0.03414393226592635,1.014972047639965,20,15,,7,9
crc,MUCINOUS,PathoTME-FusionVal,hive_mil,plip,16,shared_core62_v1,feature,7,RELATIVE_AREA_NECROSIS_IN_TUMOR_CORE,0.45503168241953373,0.7701043239929737,-0.028203079804760472,21.5,0.4,5,True,0.014622426744929494,1.793562387945669,0.0,0.031744618925078606,0.43522897848199177,44,3,,9,30
crc,MUCINOUS,PathoTME-FusionVal,hive_mil,plip,16,shared_core62_v1,feature,8,AVG_MIN_DISTANCE_OF_PLASMA_CELLS_AROUND_CARCINOMA_CELL_IN_WHOLE_TUMOR_REGION_20,0.44615910497104094,0.6658833194770689,-0.20639107637255583,18.5,0.2,5,True,0.051455867055560905,1.5422907510666457,0.0,0.014659357058128123,0.62238954967487,12,8,,38,16
crc,MUCINOUS,PathoTME-FusionVal,hive_mil,plip,16,shared_core62_v1,feature,9,CELL_PERCENTAGE_GRANULOCYTE_IN_TUMOR_CORE,0.44278661301964417,0.8147711557143776,0.18956217374623338,17.5,0.4,5,True,0.056398827444217356,1.890567984942444,0.0,0.02707719462786909,0.23988905808369043,8,2,,15,45
crc,MUCINOUS,PathoTME-FusionVal,hive_mil,plip,16,shared_core62_v1,feature,10,CELL_DENSITY_ENDOTHELIAL_CELL_IN_INNER_INVASIVE_MARGIN,0.43586938434764005,0.6924586414675541,0.025666836492901402,17.5,0.4,5,True,0.07256347754040234,1.627702471397265,0.0,0.017654931761120683,0.46142604103941215,3,6,,34,27
crc,MUCINOUS,PathoTME-FusionVal,hive_mil,plip,16,shared_core62_v1,group,1,low/tumor_core_composition,1.0342914530448084,1.5811957552791434,-0.21745840296140662,6.75,0.6,5,True,0.04092015312120982,3.6610670190335246,0.0,0.07718019663246224,1.3922898964368455,15,1,,5,6
crc,MUCINOUS,PathoTME-FusionVal,hive_mil,plip,16,shared_core62_v1,group,2,high/cell_granulocyte,1.0242211042964595,1.358328028274503,0.37437193628747606,7.25,0.6,5,True,0.06347061881678599,2.5179373559977716,0.0,0.03366601589899386,2.506031530768746,8,5,,13,3
crc,MUCINOUS,PathoTME-FusionVal,hive_mil,plip,16,shared_core62_v1,group,3,high/spatial_lymphocytes,0.9506802522852802,1.4079065007322904,-0.29094656621822246,8.5,0.6,5,True,0.0503885399387998,1.4228502650765176,0.0,0.052474095185361475,3.2276883612257223,13,10,,9,2
crc,MUCINOUS,PathoTME-FusionVal,hive_mil,plip,16,shared_core62_v1,group,4,high/cell_endothelial_cell,0.9106219903360462,1.2771692804489059,0.048477211393659014,7.75,0.6,5,True,0.0741440767882363,2.8368351868995676,0.0,0.02439109747826222,1.6177395905141645,7,3,,16,5
crc,MUCINOUS,PathoTME-FusionVal,hive_mil,plip,16,shared_core62_v1,group,5,high/cell_macrophage,0.888313600391659,1.662100362737673,0.24047258017974088,9.5,0.4,5,True,0.04465904888013038,0.49942509477816016,0.0,0.058079921061409905,3.839403937238595,14,16,,7,1
crc,MUCINOUS,PathoTME-FusionVal,hive_mil,plip,16,shared_core62_v1,group,6,low/tls,0.880982855469002,1.282455346265643,0.03778295031919828,8.0,0.6,5,True,0.06225649386186622,2.9201781402797975,0.0,0.034342337061734,1.3881373061416122,10,2,,12,8
crc,MUCINOUS,PathoTME-FusionVal,hive_mil,plip,16,shared_core62_v1,group,7,high/cell_carcinoma_cell,0.7293881750544617,1.0140235425423356,-0.08029153619490936,7.75,0.8,5,True,0.1066380886522727,2.3217924451171226,0.0,0.04865952211614469,1.1698508193867687,5,7,,10,9
crc,MUCINOUS,PathoTME-FusionVal,hive_mil,plip,16,shared_core62_v1,group,8,high/spatial_fibroblasts,0.6986661328543888,1.046886203033352,-0.17022983011105625,7.75,0.6,5,True,0.1125449805922993,2.4532853452899746,0.0,0.03763344958192202,0.8898668888077487,4,6,,11,10
crc,MUCINOUS,PathoTME-FusionVal,hive_mil,plip,16,shared_core62_v1,group,9,high/spatial_macrophages,0.683807762040539,1.1239566666090521,0.06286828247403911,6.5,0.6,5,True,0.12637484940689456,2.6555831181969762,0.0,0.07353906357299714,0.5635417790258269,2,4,,6,14
crc,MUCINOUS,PathoTME-FusionVal,hive_mil,plip,16,shared_core62_v1,group,10,low/global_tissue,0.6789543574881233,0.8541090417421061,-0.020062468732682904,5.5,0.8,5,True,0.12849854585895445,1.445013612950334,0.0,0.05627784259609729,1.7649817860352306,1,9,,8,4
crc,MUCINOUS,PathoTME-FusionVal,mgpath,clip-rn50,16,shared_core62_v1,feature,1,AVG_MIN_DISTANCE_OF_LYMPHOCYTES_AROUND_CARCINOMA_CELL_IN_WHOLE_TUMOR_REGION_20,2.06776019510846,3.2181958608335344,-0.7281646534245488,18.8,0.2,5,True,0.05498509851422876,0.9622790601232212,1.5638556143452496,0.04870731615012012,7.708973886409481,30,18,23,22,1
crc,MUCINOUS,PathoTME-FusionVal,mgpath,clip-rn50,16,shared_core62_v1,feature,2,CELL_DENSITY_PLASMA_CELL_IN_INNER_INVASIVE_MARGIN,1.8888374854369112,2.3052029928070477,0.15502748979625453,14.4,0.4,5,True,0.10502989259213986,1.3238927917815848,5.653543572032525,0.045246915043075424,2.3164742557352302,9,13,2,28,20
crc,MUCINOUS,PathoTME-FusionVal,mgpath,clip-rn50,16,shared_core62_v1,feature,3,RELATIVE_AREA_STROMA_IN_TUMOR_CORE,1.6849376432016214,1.9941484701001944,-0.5915801331169267,21.4,0.4,5,True,0.04564640823022081,1.4618928683238535,4.910567109158997,0.0452935813382698,1.9612882489567662,40,10,4,27,26
crc,MUCINOUS,PathoTME-FusionVal,mgpath,clip-rn50,16,shared_core62_v1,feature,4,RELATIVE_AREA_EPITHELIAL_TISSUE,1.6823548272549478,1.7872654321723378,-0.08255540207076895,12.0,0.6,5,True,0.08402509832131075,1.2008322280046924,2.998740754857022,0.0682878645318527,4.05988819055986,20,15,9,7,9
crc,MUCINOUS,PathoTME-FusionVal,mgpath,clip-rn50,16,shared_core62_v1,feature,5,RELATIVE_AREA_VESSEL,1.603317260800111,2.3947911838008182,-0.16043491055603232,22.8,0.4,5,True,0.15928226011013044,0.13968092535615803,5.608864681644056,0.03812266592691505,2.0706357709632943,1,52,3,33,25
crc,MUCINOUS,PathoTME-FusionVal,mgpath,clip-rn50,16,shared_core62_v1,feature,6,CELL_DENSITY_MACROPHAGE_IN_INNER_INVASIVE_MARGIN,1.5738891616726143,1.9909667789061367,0.20657171993304888,17.0,0.6,5,True,0.09152014315751185,0.23700230677490836,3.3991861491556374,0.06519860897448455,4.076538600300529,17,46,6,8,8
crc,MUCINOUS,PathoTME-FusionVal,mgpath,clip-rn50,16,shared_core62_v1,feature,7,CELL_PERCENTAGE_PLASMA_CELL_IN_INNER_INVASIVE_MARGIN,1.570539398124602,3.0683823295220245,0.44149999088292047,33.2,0.2,5,True,0.05821992776931043,0.06920189934284583,7.041139256251198,0.0479514569697774,0.6361844502898785,28,59,1,26,52
crc,MUCINOUS,PathoTME-FusionVal,mgpath,clip-rn50,16,shared_core62_v1,feature,8,CELL_DENSITY_GRANULOCYTE_IN_INNER_INVASIVE_MARGIN,1.562100063765999,1.998793755697021,0.2819967642423166,25.8,0.4,5,True,0.030913573454556236,0.30660138942909104,3.2372676598842856,0.03988209235985809,4.195835603702204,42,40,8,32,7
crc,MUCINOUS,PathoTME-FusionVal,mgpath,clip-rn50,16,shared_core62_v1,feature,9,RELATIVE_AREA_CARCINOMA_IN_TUMOR_CORE,1.4509346731311132,1.6984399148426315,-0.38594953047709224,13.6,0.6,5,True,0.0759141470124586,1.5073559937760677,1.331766927131412,0.09651885672612875,4.2431174410095,21,9,31,2,5
crc,MUCINOUS,PathoTME-FusionVal,mgpath,clip-rn50,16,shared_core62_v1,feature,10,RELATIVE_AREA_STROMA_IN_INNER_INVASIVE_MARGIN,1.4386656365379114,1.992716638063772,-0.12876512315863625,18.4,0.4,5,True,0.10443968219606425,0.670938757008446,1.5288108344645428,0.04849935944402393,4.840639549576481,10,29,26,24,3
crc,MUCINOUS,PathoTME-FusionVal,mgpath,clip-rn50,16,shared_core62_v1,group,1,high/cell_plasma_cell,4.061542904965385,7.5385086524261,0.04640540781435711,7.8,0.6,5,True,0.1267010050321521,0.9587036707949897,17.50609442281098,0.1777037348593247,1.5385116913294798,9,12,1,2,15
crc,MUCINOUS,PathoTME-FusionVal,mgpath,clip-rn50,16,shared_core62_v1,group,2,high/cell_macrophage,3.8127319384569196,6.566001072387486,0.8202503879967422,9.8,0.4,5,True,0.08931809776026076,0.49942509477816016,3.0011409086689773,0.11615984212281981,15.35761574895438,14,16,11,7,1
crc,MUCINOUS,PathoTME-FusionVal,mgpath,clip-rn50,16,shared_core62_v1,group,3,high/spatial_lymphocytes,3.68968164529894,5.383896703822115,-1.091512210309885,8.0,0.8,5,True,0.1007770798775996,1.4228502650765176,3.909079246266969,0.10494819037072295,12.91075344490289,13,10,6,9,2
crc,MUCINOUS,PathoTME-FusionVal,mgpath,clip-rn50,16,shared_core62_v1,group,4,low/tumor_core_composition,3.2462822916117076,3.062790483885407,-1.1665485177128747,6.0,0.8,5,True,0.08184030624241964,3.6610670190335246,6.764984153770289,0.15436039326492448,5.569159585747382,15,1,3,5,6
crc,MUCINOUS,PathoTME-FusionVal,mgpath,clip-rn50,16,shared_core62_v1,group,5,low/global_tissue,3.151920665420196,3.526367442820301,0.23748351395246464,4.8,1.0,5,True,0.2569970917179089,1.445013612950334,6.885109793099619,0.11255568519219458,7.059927144140922,1,9,2,8,4
crc,MUCINOUS,PathoTME-FusionVal,mgpath,clip-rn50,16,shared_core62_v1,group,6,high/cell_granulocyte,3.140413770391919,4.072110460298526,1.2759722756746499,8.2,0.6,5,True,0.12694123763357198,2.5179373559977716,2.965732103455279,0.06733203179798772,10.024126123074984,8,5,12,13,3
crc,MUCINOUS,PathoTME-FusionVal,mgpath,clip-rn50,16,shared_core62_v1,group,7,low/tls,2.5795389841228995,2.450318036134308,-0.02104596788522205,7.2,0.8,5,True,0.12451298772373244,2.9201781402797975,4.231769893921051,0.068684674123468,5.552549224566449,10,2,4,12,8
crc,MUCINOUS,PathoTME-FusionVal,mgpath,clip-rn50,16,shared_core62_v1,group,8,high/cell_carcinoma_cell,2.239186898153579,2.0832231146903686,-0.556877097977009,7.6,1.0,5,True,0.2132761773045454,2.3217924451171226,3.884143546566864,0.09731904423228938,4.679403277547075,5,7,7,10,9
crc,MUCINOUS,PathoTME-FusionVal,mgpath,clip-rn50,16,shared_core62_v1,group,9,high/spatial_fibroblasts,2.006916466706433,1.7646202457105649,-0.12405914617363853,8.0,0.8,5,True,0.2250899611845986,2.4532853452899746,3.721472572662755,0.07526689916384403,3.5594675552309947,4,6,9,11,10
crc,MUCINOUS,PathoTME-FusionVal,mgpath,clip-rn50,16,shared_core62_v1,group,10,high/cell_endothelial_cell,1.9565526272449394,2.7785806696554975,0.07203897025474315,9.4,0.6,5,True,0.1482881535764726,2.8368351868995676,0.27789923873547473,0.04878219495652444,6.470958362056658,7,3,16,16,5
crc,MUCINOUS,PathoTME-FusionVal,mgpath,plip,16,shared_core62_v1,feature,1,AVG_MIN_DISTANCE_OF_LYMPHOCYTES_AROUND_CARCINOMA_CELL_IN_WHOLE_TUMOR_REGION_20,2.145275835592114,3.2097366239741874,-0.8219832790064403,18.8,0.2,5,True,0.01374627462855719,1.9245581202464423,1.0425704095634998,0.03653048711259008,7.708973886409481,30,18,23,22,1
crc,MUCINOUS,PathoTME-FusionVal,mgpath,plip,16,shared_core62_v1,feature,2,CELL_DENSITY_PLASMA_CELL_IN_INNER_INVASIVE_MARGIN,1.758696309350085,1.6672716446335587,-0.021113577864839424,14.4,0.4,5,True,0.026257473148034966,2.6477855835631696,3.7690290480216837,0.03393518628230657,2.3164742557352302,9,13,2,28,20
crc,MUCINOUS,PathoTME-FusionVal,mgpath,plip,16,shared_core62_v1,feature,3,RELATIVE_AREA_EPITHELIAL_TISSUE,1.706587064557295,1.7094000617221132,-0.109318767295465,12.0,0.6,5,True,0.021006274580327687,2.4016644560093847,1.999160503238014,0.05121589839888953,4.05988819055986,20,15,9,7,9
crc,MUCINOUS,PathoTME-FusionVal,mgpath,plip,16,shared_core62_v1,feature,4,RELATIVE_AREA_CARCINOMA_IN_TUMOR_CORE,1.6474083451893908,1.8918662179032426,-0.4401538702703839,13.6,0.6,5,True,0.01897853675311465,3.0147119875521353,0.8878446180876083,0.07238914254459657,4.2431174410095,21,9,31,2,5
crc,MUCINOUS,PathoTME-FusionVal,mgpath,plip,16,shared_core62_v1,feature,5,RELATIVE_AREA_STROMA_IN_TUMOR_CORE,1.640833435954346,1.553381261575769,-0.3569616102651845,21.4,0.4,5,True,0.011411602057555202,2.923785736647707,3.273711406105998,0.03397018600370234,1.9612882489567662,40,10,4,27,26
crc,MUCINOUS,PathoTME-FusionVal,mgpath,plip,16,shared_core62_v1,feature,6,RELATIVE_AREA_STROMA_IN_INNER_INVASIVE_MARGIN,1.4528417453403537,1.9823892796019706,-0.09070752249862647,18.4,0.4,5,True,0.026109920549016064,1.341877514016892,1.019207222976362,0.03637451958301795,4.840639549576481,10,29,26,24,3
crc,MUCINOUS,PathoTME-FusionVal,mgpath,plip,16,shared_core62_v1,feature,7,CELL_PERCENTAGE_GRANULOCYTE_IN_TUMOR_CORE,1.4041812295776712,1.6009248885458862,0.5053941372806163,15.4,0.6,5,True,0.028199413722108678,3.781135969884888,2.211398740004793,0.04061579194180363,0.9595562323347617,8,2,7,15,45
crc,MUCINOUS,PathoTME-FusionVal,mgpath,plip,16,shared_core62_v1,feature,8,CELL_DENSITY_GRANULOCYTE_IN_INNER_INVASIVE_MARGIN,1.4009713570233553,1.7906799653960477,0.26529697207689934,25.8,0.4,5,True,0.007728393363639059,0.6132027788581821,2.158178439922857,0.029911569269893575,4.195835603702204,42,40,8,32,7
crc,MUCINOUS,PathoTME-FusionVal,mgpath,plip,16,shared_core62_v1,feature,9,RELATIVE_AREA_OUTER_INVASIVE_MARGIN,1.3952306974944781,1.3737634597647197,-0.10432696794167415,15.2,0.6,5,True,0.017451636281503344,3.119974048811539,2.354905169414441,0.07062081124538024,1.4132018217195268,25,7,5,3,36
crc,MUCINOUS,PathoTME-FusionVal,mgpath,plip,16,shared_core62_v1,feature,10,AVG_MIN_DISTANCE_OF_FIBROBLASTS_AROUND_CARCINOMA_CELL_IN_WHOLE_TUMOR_REGION_20,1.3905050691378251,1.8525203239543468,-0.4886379813607033,26.8,0.4,5,True,0.028524707218369305,3.5353802280216646,0.07872089873893089,0.010077944006303893,3.2998215677038574,7,4,60,52,11
crc,MUCINOUS,PathoTME-FusionVal,mgpath,plip,16,shared_core62_v1,group,1,high/cell_macrophage,3.6933351900644396,6.570037491254053,0.8656991107557681,9.8,0.4,5,True,0.02232952444006519,0.9988501895563203,2.000760605779319,0.08711988159211488,15.35761574895438,14,16,11,7,1
crc,MUCINOUS,PathoTME-FusionVal,mgpath,plip,16,shared_core62_v1,group,2,high/spatial_lymphocytes,3.693282443729603,5.3240546468121615,-1.1185274963406078,8.0,0.8,5,True,0.0251942699693999,2.845700530153035,2.606052830844646,0.0787111427780422,12.91075344490289,13,10,6,9,2
crc,MUCINOUS,PathoTME-FusionVal,mgpath,plip,16,shared_core62_v1,group,3,low/tumor_core_composition,3.5075026862341177,3.2965943024817257,-1.0612062741136778,6.0,0.8,5,True,0.02046007656060491,7.322134038067049,4.509989435846859,0.11577029494869337,5.569159585747382,15,1,3,5,6
crc,MUCINOUS,PathoTME-FusionVal,mgpath,plip,16,shared_core62_v1,group,4,high/cell_granulocyte,3.4238779807928523,4.2172602077463734,1.3474946130684604,8.2,0.6,5,True,0.031735309408392996,5.035874711995543,1.9771547356368524,0.050499023848490796,10.024126123074984,8,5,12,13,3
crc,MUCINOUS,PathoTME-FusionVal,mgpath,plip,16,shared_core62_v1,group,5,high/cell_plasma_cell,3.0583203401058623,4.886244689675084,-0.04604851917626375,7.8,0.6,5,True,0.03167525125803802,1.9174073415899795,11.670729615207318,0.13327780114449353,1.5385116913294798,9,12,1,2,15
crc,MUCINOUS,PathoTME-FusionVal,mgpath,plip,16,shared_core62_v1,group,6,low/global_tissue,2.937738720452992,3.0051335576396,0.1371186064214766,4.8,1.0,5,True,0.06424927292947723,2.890027225900668,4.590073195399746,0.08441676389414592,7.059927144140922,1,9,2,8,4
crc,MUCINOUS,PathoTME-FusionVal,mgpath,plip,16,shared_core62_v1,group,7,low/tls,2.859345437386056,2.8294858864286105,0.034816569779805615,7.2,0.8,5,True,0.03112824693093311,5.840356280559595,2.8211799292807007,0.05151350559260102,5.552549224566449,10,2,4,12,8
crc,MUCINOUS,PathoTME-FusionVal,mgpath,plip,16,shared_core62_v1,group,8,high/cell_endothelial_cell,2.4807107159248574,3.29132366312992,0.10419013616986912,9.4,0.6,5,True,0.03707203839411815,5.673670373799135,0.18526615915698316,0.036586646217393326,6.470958362056658,7,3,16,16,5
crc,MUCINOUS,PathoTME-FusionVal,mgpath,plip,16,shared_core62_v1,group,9,high/cell_carcinoma_cell,2.40774510526525,2.301457487650426,-0.4450167490993744,7.6,1.0,5,True,0.05331904432613635,4.643584890234245,2.589429031044576,0.07298928317421703,4.679403277547075,5,7,7,10,9
crc,MUCINOUS,PathoTME-FusionVal,mgpath,plip,16,shared_core62_v1,group,10,high/spatial_fibroblasts,2.2119485251176956,2.147224214864516,-0.28378536256414943,8.0,0.8,5,True,0.05627249029614965,4.906570690579949,2.4809817151085034,0.05645017437288302,3.5594675552309947,4,6,9,11,10
crc,MUCINOUS,PathoTME-FusionVal,mscpt,clip-rn50,16,shared_core62_v1,feature,1,AVG_MIN_DISTANCE_OF_LYMPHOCYTES_AROUND_CARCINOMA_CELL_IN_WHOLE_TUMOR_REGION_20,2.4526718191577483,3.1676155137216147,-0.9749599002491358,18.8,0.2,5,True,0.05498509851422876,2.8868371803696626,1.5638556143452496,0.04870731615012012,7.708973886409481,30,18,23,22,1
crc,MUCINOUS,PathoTME-FusionVal,mscpt,clip-rn50,16,shared_core62_v1,feature,2,CELL_DENSITY_PLASMA_CELL_IN_INNER_INVASIVE_MARGIN,2.4183946021495446,2.4429875827899776,-0.03890265786452492,14.4,0.4,5,True,0.10502989259213986,3.971678375344754,5.653543572032525,0.045246915043075424,2.3164742557352302,9,13,2,28,20
crc,MUCINOUS,PathoTME-FusionVal,mscpt,clip-rn50,16,shared_core62_v1,feature,3,RELATIVE_AREA_STROMA_IN_TUMOR_CORE,2.2696947905311626,2.3152246460888306,-0.5832888231035749,21.4,0.4,5,True,0.04564640823022081,4.3856786049715595,4.910567109158997,0.0452935813382698,1.9612882489567662,40,10,4,27,26
crc,MUCINOUS,PathoTME-FusionVal,mscpt,clip-rn50,16,shared_core62_v1,feature,4,RELATIVE_AREA_EPITHELIAL_TISSUE,2.1626877184568243,1.9415685157103393,-0.1777978147367555,12.0,0.6,5,True,0.08402509832131075,3.6024966840140764,2.998740754857022,0.0682878645318527,4.05988819055986,20,15,9,7,9
crc,MUCINOUS,PathoTME-FusionVal,mscpt,clip-rn50,16,shared_core62_v1,feature,5,RELATIVE_AREA_CARCINOMA_IN_TUMOR_CORE,2.05387707064154,2.1880225852946964,-0.4826017040967259,13.6,0.6,5,True,0.0759141470124586,4.5220679813282025,1.331766927131412,0.09651885672612875,4.2431174410095,21,9,31,2,5
crc,MUCINOUS,PathoTME-FusionVal,mscpt,clip-rn50,16,shared_core62_v1,feature,6,CELL_PERCENTAGE_GRANULOCYTE_IN_TUMOR_CORE,2.0230620682626914,2.4312480917338095,0.6875258107718989,15.4,0.6,5,True,0.11279765488843471,5.671703954827333,3.3170981100071897,0.05415438925573818,0.9595562323347617,8,2,7,15,45
crc,MUCINOUS,PathoTME-FusionVal,mscpt,clip-rn50,16,shared_core62_v1,feature,7,RELATIVE_AREA_OUTER_INVASIVE_MARGIN,1.957897655169004,2.0750692435015647,-0.1032754805505286,15.2,0.6,5,True,0.06980654512601338,4.679961073217309,3.532357754121663,0.09416108166050698,1.4132018217195268,25,7,5,3,36
crc,MUCINOUS,PathoTME-FusionVal,mscpt,clip-rn50,16,shared_core62_v1,feature,8,RELATIVE_AREA_NECROSIS_IN_TUMOR_CORE,1.8902297331993565,2.1866613918539812,-0.16544604205079916,20.0,0.4,5,True,0.029244853489858988,5.380687163837006,2.236811496891795,0.06348923785015721,1.740915913927967,44,3,14,9,30
crc,MUCINOUS,PathoTME-FusionVal,mscpt,clip-rn50,16,shared_core62_v1,feature,9,AVG_MIN_DISTANCE_OF_FIBROBLASTS_AROUND_CARCINOMA_CELL_IN_WHOLE_TUMOR_REGION_20,1.7697018690786603,2.4176070923315782,-0.5693300368971856,26.8,0.4,5,True,0.11409882887347722,5.303070342032497,0.11808134810839636,0.013437258675071857,3.2998215677038574,7,4,60,52,11
crc,MUCINOUS,PathoTME-FusionVal,mscpt,clip-rn50,16,shared_core62_v1,feature,10,AVG_MIN_DISTANCE_OF_PLASMA_CELLS_AROUND_CARCINOMA_CELL_IN_WHOLE_TUMOR_REGION_20,1.7388678222189125,1.9097759199761954,-0.6472607820299723,20.8,0.2,5,True,0.10291173411112181,4.626872253199936,1.445678210967768,0.029318714116256247,2.48955819869948,12,8,30,38,16
crc,MUCINOUS,PathoTME-FusionVal,mscpt,clip-rn50,16,shared_core62_v1,group,1,low/tumor_core_composition,4.710709099225118,4.6499429682551865,-1.496735093228938,6.0,0.8,5,True,0.08184030624241964,10.983201057100576,6.764984153770289,0.15436039326492448,5.569159585747382,15,1,3,5,6
crc,MUCINOUS,PathoTME-FusionVal,mscpt,clip-rn50,16,shared_core62_v1,group,2,high/cell_plasma_cell,4.44502437328338,7.388484250625018,-0.041453924363050274,7.8,0.6,5,True,0.1267010050321521,2.8761110123849694,17.50609442281098,0.1777037348593247,1.5385116913294798,9,12,1,2,15
crc,MUCINOUS,PathoTME-FusionVal,mscpt,clip-rn50,16,shared_core62_v1,group,3,high/spatial_lymphocytes,4.258821751329546,5.23264602172324,-1.3969197488789062,8.0,0.8,5,True,0.1007770798775996,4.268550795229552,3.909079246266969,0.10494819037072295,12.91075344490289,13,10,6,9,2
crc,MUCINOUS,PathoTME-FusionVal,mscpt,clip-rn50,16,shared_core62_v1,group,4,high/cell_granulocyte,4.147588712791027,4.481822598767753,1.4805616230736305,8.2,0.6,5,True,0.12694123763357198,7.553812067993315,2.965732103455279,0.06733203179798772,10.024126123074984,8,5,12,13,3
crc,MUCINOUS,PathoTME-FusionVal,mscpt,clip-rn50,16,shared_core62_v1,group,5,high/cell_macrophage,4.012501976368183,6.454235960855131,0.889554860704376,9.8,0.4,5,True,0.08931809776026076,1.49827528433448,3.0011409086689773,0.11615984212281981,15.35761574895438,14,16,11,7,1
crc,MUCINOUS,PathoTME-FusionVal,mscpt,clip-rn50,16,shared_core62_v1,group,6,low/tls,3.747610240234819,3.717625289416916,0.0824872997489709,7.2,0.8,5,True,0.12451298772373244,8.760534420839395,4.231769893921051,0.068684674123468,5.552549224566449,10,2,4,12,8
crc,MUCINOUS,PathoTME-FusionVal,mscpt,clip-rn50,16,shared_core62_v1,group,7,low/global_tissue,3.729926110600329,3.4116293597359797,0.08866014768626566,4.8,1.0,5,True,0.2569970917179089,4.335040838851002,6.885109793099619,0.11255568519219458,7.059927144140922,1,9,2,8,4
crc,MUCINOUS,PathoTME-FusionVal,mscpt,clip-rn50,16,shared_core62_v1,group,8,high/cell_carcinoma_cell,3.167903876200429,2.973917888410392,-0.41258252483117897,7.6,1.0,5,True,0.2132761773045454,6.96537733535137,3.884143546566864,0.09731904423228938,4.679403277547075,5,7,7,10,9
crc,MUCINOUS,PathoTME-FusionVal,mscpt,clip-rn50,16,shared_core62_v1,group,9,high/cell_endothelial_cell,3.091286702004767,4.0811559856896755,0.14803606492914717,9.4,0.6,5,True,0.1482881535764726,8.510505560698704,0.27789923873547473,0.04878219495652444,6.470958362056658,7,3,16,16,5
crc,MUCINOUS,PathoTME-FusionVal,mscpt,clip-rn50,16,shared_core62_v1,group,10,high/spatial_fibroblasts,2.9882306048224234,3.0039710431902935,-0.2631425462849698,8.0,0.8,5,True,0.2250899611845986,7.3598560358699245,3.721472572662755,0.07526689916384403,3.5594675552309947,4,6,9,11,10
crc,MUCINOUS,PathoTME-FusionVal,mscpt,plip,16,shared_core62_v1,feature,1,AVG_MIN_DISTANCE_OF_LYMPHOCYTES_AROUND_CARCINOMA_CELL_IN_WHOLE_TUMOR_REGION_20,1.9500707686417584,3.2568645540122527,-0.698743536029382,16.0,0.2,5,True,0.0,0.9622790601232212,1.0425704095634998,0.03653048711259008,7.708973886409481,,18,23,22,1
crc,MUCINOUS,PathoTME-FusionVal,mscpt,plip,16,shared_core62_v1,feature,2,CELL_DENSITY_PLASMA_CELL_IN_INNER_INVASIVE_MARGIN,1.488666256364161,1.6003781232202714,0.07530981314773141,15.75,0.2,5,True,0.0,1.3238927917815848,3.7690290480216837,0.03393518628230657,2.3164742557352302,,13,2,28,20
crc,MUCINOUS,PathoTME-FusionVal,mscpt,plip,16,shared_core62_v1,feature,3,RELATIVE_AREA_EPITHELIAL_TISSUE,1.4622193640402912,1.6758228279524237,-0.06331704046192084,10.0,0.6,5,True,0.0,1.2008322280046924,1.999160503238014,0.05121589839888953,4.05988819055986,,15,9,7,9
crc,MUCINOUS,PathoTME-FusionVal,mscpt,plip,16,shared_core62_v1,feature,4,RELATIVE_AREA_STROMA_IN_TUMOR_CORE,1.346172541878064,1.382137849078868,-0.3609019199481411,16.75,0.4,5,True,0.0,1.4618928683238535,3.273711406105998,0.03397018600370234,1.9612882489567662,,10,4,27,26
crc,MUCINOUS,PathoTME-FusionVal,mscpt,plip,16,shared_core62_v1,feature,5,RELATIVE_AREA_CARCINOMA_IN_TUMOR_CORE,1.3421414390835544,1.7365884480404925,-0.3905471546414266,11.75,0.6,5,True,0.0,1.5073559937760677,0.8878446180876083,0.07238914254459657,4.2431174410095,,9,31,2,5
crc,MUCINOUS,PathoTME-FusionVal,mscpt,plip,16,shared_core62_v1,feature,6,CELL_DENSITY_GRANULOCYTE_IN_INNER_INVASIVE_MARGIN,1.3381054004648092,1.8306446536707703,0.2916294488215413,21.75,0.4,5,True,0.0,0.30660138942909104,2.158178439922857,0.029911569269893575,4.195835603702204,,40,8,32,7
crc,MUCINOUS,PathoTME-FusionVal,mscpt,plip,16,shared_core62_v1,feature,7,CELL_DENSITY_MACROPHAGE_IN_INNER_INVASIVE_MARGIN,1.3257127926486783,1.804471844627533,0.21761231064018652,17.0,0.6,5,True,0.0,0.23700230677490836,2.266124099437091,0.04889895673086342,4.076538600300529,,46,6,8,8
crc,MUCINOUS,PathoTME-FusionVal,mscpt,plip,16,shared_core62_v1,feature,8,RELATIVE_AREA_STROMA_IN_INNER_INVASIVE_MARGIN,1.3134320098288614,2.018448557147711,-0.09726664800029147,20.5,0.2,5,True,0.0,0.670938757008446,1.019207222976362,0.03637451958301795,4.840639549576481,,29,26,24,3
crc,MUCINOUS,PathoTME-FusionVal,mscpt,plip,16,shared_core62_v1,feature,9,AVG_MIN_DISTANCE_OF_LYMPHOCYTES_AROUND_CARCINOMA_CELL_IN_WHOLE_TUMOR_REGION_40,1.2686961548025366,2.179835498893575,-0.17532029082220743,21.25,0.2,5,True,0.0,0.32083317905939207,0.8616374743308546,0.041675105739635315,5.119335014882801,,38,32,13,2
crc,MUCINOUS,PathoTME-FusionVal,mscpt,plip,16,shared_core62_v1,feature,10,RELATIVE_AREA_VESSEL,1.195630363372135,1.6689922145497336,-0.1208167130520045,28.25,0.2,5,True,0.0,0.13968092535615803,3.739243121096037,0.028591999445186287,2.0706357709632943,,52,3,33,25
crc,MUCINOUS,PathoTME-FusionVal,mscpt,plip,16,shared_core62_v1,group,1,high/cell_macrophage,3.5889842662207947,6.627827311369291,0.8291306878655129,8.75,0.4,5,True,0.0,0.49942509477816016,2.000760605779319,0.08711988159211488,15.35761574895438,,16,11,7,1
crc,MUCINOUS,PathoTME-FusionVal,mscpt,plip,16,shared_core62_v1,group,2,high/spatial_lymphocytes,3.4036735367204187,5.421826179208361,-0.9664546197003879,6.75,0.8,5,True,0.0,1.4228502650765176,2.606052830844646,0.0787111427780422,12.91075344490289,,10,6,9,2
crc,MUCINOUS,PathoTME-FusionVal,mscpt,plip,16,shared_core62_v1,group,3,high/cell_granulocyte,2.9139434477116195,4.131569676823714,1.2449269565027443,8.25,0.4,5,True,0.0,2.5179373559977716,1.9771547356368524,0.050499023848490796,10.024126123074984,,5,12,13,3
crc,MUCINOUS,PathoTME-FusionVal,mscpt,plip,16,shared_core62_v1,group,4,high/cell_plasma_cell,2.8602445556952563,4.964998214611627,-0.002489360082925296,7.5,0.4,5,True,0.0,0.9587036707949897,11.670729615207318,0.13327780114449353,1.5385116913294798,,12,1,2,15
crc,MUCINOUS,PathoTME-FusionVal,mscpt,plip,16,shared_core62_v1,group,5,low/tumor_core_composition,2.7711972671152916,2.5678145481947987,-0.8948029139048765,3.75,0.8,5,True,0.0,3.6610670190335246,4.509989435846859,0.11577029494869337,5.569159585747382,,1,3,5,6
crc,MUCINOUS,PathoTME-FusionVal,mscpt,plip,16,shared_core62_v1,group,6,low/global_tissue,2.6358861432770295,3.093018547864849,0.2133068356503393,5.75,0.8,5,True,0.0,1.445013612950334,4.590073195399746,0.08441676389414592,7.059927144140922,,9,2,8,4
crc,MUCINOUS,PathoTME-FusionVal,mscpt,plip,16,shared_core62_v1,group,7,low/tls,2.2690841599439096,2.322511489330804,-0.01624756361241398,6.5,0.6,5,True,0.0,2.9201781402797975,2.8211799292807007,0.05151350559260102,5.552549224566449,,2,4,12,8
crc,MUCINOUS,PathoTME-FusionVal,mscpt,plip,16,shared_core62_v1,group,8,high/cell_carcinoma_cell,1.932722807376598,1.9570972180520056,-0.5105177853661019,8.25,0.8,5,True,0.0,2.3217924451171226,2.589429031044576,0.07298928317421703,4.679403277547075,,7,7,10,9
crc,MUCINOUS,PathoTME-FusionVal,mscpt,plip,16,shared_core62_v1,group,9,high/cell_endothelial_cell,1.9059292708661204,2.819298060058186,0.06392899309539443,10.0,0.4,5,True,0.0,2.8368351868995676,0.18526615915698316,0.036586646217393326,6.470958362056658,,3,16,16,5
crc,MUCINOUS,PathoTME-FusionVal,mscpt,plip,16,shared_core62_v1,group,10,high/spatial_fibroblasts,1.710036958000471,1.5988857969230166,-0.2085620833073551,9.0,0.6,5,True,0.0,2.4532853452899746,2.4809817151085034,0.05645017437288302,3.5594675552309947,,6,9,11,10
crc,MUCINOUS,PathoTME-FusionVal,muse,clip-rn50,16,shared_core62_v1,feature,1,AVG_MIN_DISTANCE_OF_LYMPHOCYTES_AROUND_CARCINOMA_CELL_IN_WHOLE_TUMOR_REGION_20,1.7601410303898455,2.3838073702182125,-0.6932116118772097,18.8,0.2,5,True,0.02749254925711438,1.9245581202464423,1.0425704095634998,0.02435365807506006,5.78173041480711,30,18,23,22,1
crc,MUCINOUS,PathoTME-FusionVal,muse,clip-rn50,16,shared_core62_v1,feature,2,CELL_DENSITY_PLASMA_CELL_IN_INNER_INVASIVE_MARGIN,1.645861745440777,1.6350625734263888,-0.024610667626806353,14.4,0.4,5,True,0.05251494629606993,2.6477855835631696,3.7690290480216837,0.022623457521537712,1.7373556918014228,9,13,2,28,20
crc,MUCINOUS,PathoTME-FusionVal,muse,clip-rn50,16,shared_core62_v1,feature,3,RELATIVE_AREA_STROMA_IN_TUMOR_CORE,1.5427866648511048,1.543496941713948,-0.3808246157010776,21.4,0.4,5,True,0.022823204115110404,2.923785736647707,3.273711406105998,0.0226467906691349,1.4709661867175745,40,10,4,27,26
crc,MUCINOUS,PathoTME-FusionVal,muse,clip-rn50,16,shared_core62_v1,feature,4,RELATIVE_AREA_EPITHELIAL_TISSUE,1.5043795167187752,1.3895405180456575,-0.11723267355959861,12.0,0.6,5,True,0.042012549160655374,2.4016644560093847,1.999160503238014,0.03414393226592635,3.0449161429198957,20,15,9,7,9
crc,MUCINOUS,PathoTME-FusionVal,muse,clip-rn50,16,shared_core62_v1,feature,5,RELATIVE_AREA_CARCINOMA_IN_TUMOR_CORE,1.4342222376532325,1.5590730155251293,-0.35066678577216875,13.6,0.6,5,True,0.0379570735062293,3.0147119875521353,0.8878446180876083,0.04825942836306438,3.1823380807571255,21,9,31,2,5
crc,MUCINOUS,PathoTME-FusionVal,muse,clip-rn50,16,shared_core62_v1,feature,6,CELL_PERCENTAGE_GRANULOCYTE_IN_TUMOR_CORE,1.3591355812425676,1.6180899861375737,0.46965334399387704,15.4,0.6,5,True,0.056398827444217356,3.781135969884888,2.211398740004793,0.02707719462786909,0.7196671742510714,8,2,7,15,45
crc,MUCINOUS,PathoTME-FusionVal,muse,clip-rn50,16,shared_core62_v1,feature,7,RELATIVE_AREA_OUTER_INVASIVE_MARGIN,1.3233528795817773,1.3829613086352552,-0.07713999004161518,15.2,0.6,5,True,0.03490327256300669,3.119974048811539,2.354905169414441,0.04708054083025349,1.0599013662896453,25,7,5,3,36
crc,MUCINOUS,PathoTME-FusionVal,muse,clip-rn50,16,shared_core62_v1,feature,8,RELATIVE_AREA_NECROSIS_IN_TUMOR_CORE,1.2860772843203703,1.4600710993067745,-0.1015057645590404,20.0,0.4,5,True,0.014622426744929494,3.587124775891338,1.49120766459453,0.031744618925078606,1.3056869354459752,44,3,14,9,30
crc,MUCINOUS,PathoTME-FusionVal,muse,clip-rn50,16,shared_core62_v1,feature,9,AVG_MIN_DISTANCE_OF_FIBROBLASTS_AROUND_CARCINOMA_CELL_IN_WHOLE_TUMOR_REGION_20,1.2305470692625526,1.6629899467456755,-0.40614871131654073,26.8,0.4,5,True,0.05704941443673861,3.5353802280216646,0.07872089873893089,0.006718629337535928,2.4748661757778936,7,4,60,52,11
crc,MUCINOUS,PathoTME-FusionVal,muse,clip-rn50,16,shared_core62_v1,feature,10,RELATIVE_AREA_STROMA_IN_INNER_INVASIVE_MARGIN,1.2136067839991316,1.471301212484924,-0.07971136291370365,18.4,0.4,5,True,0.05221984109803213,1.341877514016892,1.019207222976362,0.024249679722011964,3.63047966218236,10,29,26,24,3
crc,MUCINOUS,PathoTME-FusionVal,muse,clip-rn50,16,shared_core62_v1,group,1,low/tumor_core_composition,3.225418702595623,3.13810827532954,-1.0130972167012318,6.0,0.8,5,True,0.04092015312120982,7.322134038067049,4.509989435846859,0.07718019663246224,4.176869689310536,15,1,3,5,6
crc,MUCINOUS,PathoTME-FusionVal,muse,clip-rn50,16,shared_core62_v1,group,2,high/spatial_lymphocytes,3.047536215959802,3.9439567656379144,-0.9783105644521118,8.0,0.8,5,True,0.0503885399387998,2.845700530153035,2.606052830844646,0.052474095185361475,9.683065083677167,13,10,6,9,2
crc,MUCINOUS,PathoTME-FusionVal,muse,clip-rn50,16,shared_core62_v1,group,3,high/cell_plasma_cell,2.978844619048029,4.920827167113756,-0.03269525219030925,7.8,0.6,5,True,0.06335050251607605,1.9174073415899795,11.670729615207318,0.08885186742966235,1.1538837684971097,9,12,1,2,15
crc,MUCINOUS,PathoTME-FusionVal,muse,clip-rn50,16,shared_core62_v1,group,4,high/cell_granulocyte,2.925652134930883,3.278676604568643,1.0767219676552788,8.2,0.6,5,True,0.06347061881678599,5.035874711995543,1.9771547356368524,0.03366601589899386,7.518094592306238,8,5,12,13,3
crc,MUCINOUS,PathoTME-FusionVal,muse,clip-rn50,16,shared_core62_v1,group,5,high/cell_macrophage,2.924112315398592,4.871425653361469,0.6628249464636515,9.8,0.4,5,True,0.04465904888013038,0.9988501895563203,2.000760605779319,0.058079921061409905,11.518211811715782,14,16,11,7,1
crc,MUCINOUS,PathoTME-FusionVal,muse,clip-rn50,16,shared_core62_v1,group,6,low/global_tissue,2.591964433572232,2.4436528291799866,0.07836210129872603,4.8,1.0,5,True,0.12849854585895445,2.890027225900668,4.590073195399746,0.05627784259609729,5.294945358105693,1,9,2,8,4
crc,MUCINOUS,PathoTME-FusionVal,muse,clip-rn50,16,shared_core62_v1,group,7,low/tls,2.5845093918377464,2.5503801475575285,0.04865313224454909,7.2,0.8,5,True,0.06225649386186622,5.840356280559595,2.8211799292807007,0.034342337061734,4.164411918424837,10,2,4,12,8
crc,MUCINOUS,PathoTME-FusionVal,muse,clip-rn50,16,shared_core62_v1,group,8,high/cell_carcinoma_cell,2.1795727980415087,2.052195977327629,-0.3144407971722688,7.6,1.0,5,True,0.1066380886522727,4.643584890234245,2.589429031044576,0.04865952211614469,3.5095524581603064,5,7,7,10,9
crc,MUCINOUS,PathoTME-FusionVal,muse,clip-rn50,16,shared_core62_v1,group,9,high/cell_endothelial_cell,2.162138095753022,2.846510058340462,0.09992820689522594,9.4,0.6,5,True,0.0741440767882363,5.673670373799135,0.18526615915698316,0.02439109747826222,4.853218771542493,7,3,16,16,5
crc,MUCINOUS,PathoTME-FusionVal,muse,clip-rn50,16,shared_core62_v1,group,10,high/spatial_fibroblasts,2.041466300457184,2.0330170498670577,-0.2006878266099136,8.0,0.8,5,True,0.1125449805922993,4.906570690579949,2.4809817151085034,0.03763344958192202,2.669600666423246,4,6,9,11,10
crc,MUCINOUS,PathoTME-FusionVal,muse,plip,16,shared_core62_v1,feature,1,AVG_MIN_DISTANCE_OF_LYMPHOCYTES_AROUND_CARCINOMA_CELL_IN_WHOLE_TUMOR_REGION_20,2.230725351734697,3.2846043161300864,-0.915224314528231,16.0,0.2,5,True,0.0,2.8868371803696626,0.5212852047817499,0.03653048711259008,7.708973886409481,,18,23,22,1
crc,MUCINOUS,PathoTME-FusionVal,muse,plip,16,shared_core62_v1,feature,2,RELATIVE_AREA_CARCINOMA_IN_TUMOR_CORE,1.8562993747852208,2.3144229737797417,-0.49738930322062985,11.75,0.6,5,True,0.0,4.5220679813282025,0.44392230904380414,0.07238914254459657,4.2431174410095,,9,31,2,5
crc,MUCINOUS,PathoTME-FusionVal,muse,plip,16,shared_core62_v1,feature,3,RELATIVE_AREA_EPITHELIAL_TISSUE,1.7426362049183666,1.9543895154493842,-0.1320442341979396,10.0,0.6,5,True,0.0,3.6024966840140764,0.999580251619007,0.05121589839888953,4.05988819055986,,15,9,7,9
crc,MUCINOUS,PathoTME-FusionVal,muse,plip,16,shared_core62_v1,feature,4,AVG_MIN_DISTANCE_OF_FIBROBLASTS_AROUND_CARCINOMA_CELL_IN_WHOLE_TUMOR_REGION_20,1.730466060622425,2.451553808624629,-0.56318487559104,31.75,0.2,5,True,0.0,5.303070342032497,0.03936044936946544,0.010077944006303893,3.2998215677038574,,4,60,52,11
crc,MUCINOUS,PathoTME-FusionVal,muse,plip,16,shared_core62_v1,feature,5,LOG1P_COUNT_TLS_MATURE,1.6693602999802983,2.3351291423163207,-0.12079332365306283,20.0,0.4,5,True,0.0,5.172165867575644,0.132057656921371,0.046881963462136224,2.9956960119423406,,5,52,10,13
crc,MUCINOUS,PathoTME-FusionVal,muse,plip,16,shared_core62_v1,feature,6,CELL_DENSITY_PLASMA_CELL_IN_INNER_INVASIVE_MARGIN,1.6413204682746265,1.6750495727630619,-0.19651058185845655,15.75,0.2,5,True,0.0,3.971678375344754,1.8845145240108419,0.03393518628230657,2.3164742557352302,,13,2,28,20
crc,MUCINOUS,PathoTME-FusionVal,muse,plip,16,shared_core62_v1,feature,7,RELATIVE_AREA_STROMA_IN_TUMOR_CORE,1.6035585485970056,1.7961263105543805,-0.12276559417564895,16.75,0.4,5,True,0.0,4.3856786049715595,1.636855703052999,0.03397018600370234,1.9612882489567662,,10,4,27,26
crc,MUCINOUS,PathoTME-FusionVal,muse,plip,16,shared_core62_v1,feature,8,RELATIVE_AREA_NECROSIS_IN_TUMOR_CORE,1.5829647676899712,2.236732423777741,-0.09483094232908391,14.0,0.4,5,True,0.0,5.380687163837006,0.745603832297265,0.047616928387617906,1.740915913927967,,3,14,9,30
crc,MUCINOUS,PathoTME-FusionVal,muse,plip,16,shared_core62_v1,feature,9,CELL_PERCENTAGE_GRANULOCYTE_IN_TUMOR_CORE,1.555515069821259,2.3566426856542164,0.6320514876872321,17.25,0.4,5,True,0.0,5.671703954827333,1.1056993700023965,0.04061579194180363,0.9595562323347617,,2,7,15,45
crc,MUCINOUS,PathoTME-FusionVal,muse,plip,16,shared_core62_v1,feature,10,AVG_MIN_DISTANCE_OF_PLASMA_CELLS_AROUND_CARCINOMA_CELL_IN_WHOLE_TUMOR_REGION_20,1.5240624448951727,2.0139959856025684,-0.6629808404248531,23.0,0.2,5,True,0.0,4.626872253199936,0.4818927369892559,0.021989035587192184,2.48955819869948,,8,30,38,16
crc,MUCINOUS,PathoTME-FusionVal,muse,plip,16,shared_core62_v1,group,1,low/tumor_core_composition,3.7846251311440158,4.6132339788601096,-0.9588100158546397,3.75,0.8,5,True,0.0,10.983201057100576,2.2549947179234295,0.11577029494869337,5.569159585747382,,1,3,5,6
crc,MUCINOUS,PathoTME-FusionVal,muse,plip,16,shared_core62_v1,group,2,high/cell_granulocyte,3.7234029165470433,4.722403261547373,1.4200485847708493,8.25,0.4,5,True,0.0,7.553812067993315,0.9885773678184262,0.050499023848490796,10.024126123074984,,5,12,13,3
crc,MUCINOUS,PathoTME-FusionVal,muse,plip,16,shared_core62_v1,group,3,high/spatial_lymphocytes,3.712208359666561,5.424705041795382,-1.1441995400608374,6.75,0.8,5,True,0.0,4.268550795229552,1.303026415422323,0.0787111427780422,12.91075344490289,,10,6,9,2
crc,MUCINOUS,PathoTME-FusionVal,muse,plip,16,shared_core62_v1,group,4,high/cell_macrophage,3.588678243554127,6.6090181431428165,0.9121778265121631,8.75,0.4,5,True,0.0,1.49827528433448,1.0003803028896594,0.08711988159211488,15.35761574895438,,16,11,7,1
crc,MUCINOUS,PathoTME-FusionVal,muse,plip,16,shared_core62_v1,group,5,low/tls,3.1550374231277587,3.8664867196482313,0.09123448683655545,6.5,0.6,5,True,0.0,8.760534420839395,1.4105899646403504,0.05151350559260102,5.552549224566449,,2,4,12,8
crc,MUCINOUS,PathoTME-FusionVal,muse,plip,16,shared_core62_v1,group,6,high/cell_endothelial_cell,3.0221367297102497,4.142625207128608,0.1402954411295362,10.0,0.4,5,True,0.0,8.510505560698704,0.09263307957849158,0.036586646217393326,6.470958362056658,,3,16,16,5
crc,MUCINOUS,PathoTME-FusionVal,muse,plip,16,shared_core62_v1,group,7,low/global_tissue,2.7548842689171886,2.998438462527412,0.03412295426391778,5.75,0.8,5,True,0.0,4.335040838851002,2.295036597699873,0.08441676389414592,7.059927144140922,,9,2,8,4
crc,MUCINOUS,PathoTME-FusionVal,muse,plip,16,shared_core62_v1,group,8,high/cell_carcinoma_cell,2.6024968823189893,3.0915190221599373,-0.34837302075627113,8.25,0.8,5,True,0.0,6.96537733535137,1.294714515522288,0.07298928317421703,4.679403277547075,,7,7,10,9
crc,MUCINOUS,PathoTME-FusionVal,muse,plip,16,shared_core62_v1,group,9,high/spatial_fibroblasts,2.4432529246056105,3.10370222747633,-0.4554205938546863,9.0,0.6,5,True,0.0,7.3598560358699245,1.2404908575542517,0.05645017437288302,3.5594675552309947,,6,9,11,10
crc,MUCINOUS,PathoTME-FusionVal,muse,plip,16,shared_core62_v1,group,10,high/spatial_macrophages,2.2708105088676787,3.3100531289852957,0.10199721899731781,8.5,0.6,5,True,0.0,7.966749354590928,1.0228274782846627,0.1103085953594957,2.2541671161033077,,4,10,6,14
crc,MUCINOUS,PathoTME-FusionVal,vila_mil,clip-rn50,16,shared_core62_v1,feature,1,CELL_DENSITY_PLASMA_CELL_IN_INNER_INVASIVE_MARGIN,2.683173160505862,2.7105197564220935,-0.13586773169491465,14.4,0.4,5,True,0.10502989259213986,5.295571167126339,5.653543572032525,0.045246915043075424,2.3164742557352302,9,13,2,28,20
crc,MUCINOUS,PathoTME-FusionVal,vila_mil,clip-rn50,16,shared_core62_v1,feature,2,AVG_MIN_DISTANCE_OF_LYMPHOCYTES_AROUND_CARCINOMA_CELL_IN_WHOLE_TUMOR_REGION_20,2.645127631182393,3.2292225625594013,-1.0983575236614294,18.8,0.2,5,True,0.05498509851422876,3.8491162404928847,1.5638556143452496,0.04870731615012012,7.708973886409481,30,18,23,22,1
crc,MUCINOUS,PathoTME-FusionVal,vila_mil,clip-rn50,16,shared_core62_v1,feature,3,RELATIVE_AREA_STROMA_IN_TUMOR_CORE,2.5620733641959332,2.7082027504339368,-0.579143168096899,21.4,0.4,5,True,0.04564640823022081,5.847571473295414,4.910567109158997,0.0452935813382698,1.9612882489567662,40,10,4,27,26
crc,MUCINOUS,PathoTME-FusionVal,vila_mil,clip-rn50,16,shared_core62_v1,feature,4,RELATIVE_AREA_EPITHELIAL_TISSUE,2.402854164057763,2.218687092216074,-0.22541902106974873,12.0,0.6,5,True,0.08402509832131075,4.803328912018769,2.998740754857022,0.0682878645318527,4.05988819055986,20,15,9,7,9
crc,MUCINOUS,PathoTME-FusionVal,vila_mil,clip-rn50,16,shared_core62_v1,feature,5,CELL_PERCENTAGE_GRANULOCYTE_IN_TUMOR_CORE,2.4011756652511798,3.174085618619433,0.842014256775245,15.4,0.6,5,True,0.11279765488843471,7.562271939769776,3.3170981100071897,0.05415438925573818,0.9595562323347617,8,2,7,15,45
crc,MUCINOUS,PathoTME-FusionVal,vila_mil,clip-rn50,16,shared_core62_v1,feature,6,RELATIVE_AREA_CARCINOMA_IN_TUMOR_CORE,2.355348269396754,2.6649743776737873,-0.5309277909065429,13.6,0.6,5,True,0.0759141470124586,6.029423975104271,1.331766927131412,0.09651885672612875,4.2431174410095,21,9,31,2,5
crc,MUCINOUS,PathoTME-FusionVal,vila_mil,clip-rn50,16,shared_core62_v1,feature,7,RELATIVE_AREA_OUTER_INVASIVE_MARGIN,2.2698950600501577,2.629793922434135,-0.0874068901596042,15.2,0.6,5,True,0.06980654512601338,6.239948097623078,3.532357754121663,0.09416108166050698,1.4132018217195268,25,7,5,3,36
crc,MUCINOUS,PathoTME-FusionVal,vila_mil,clip-rn50,16,shared_core62_v1,feature,8,RELATIVE_AREA_NECROSIS_IN_TUMOR_CORE,2.248942210788491,2.924899627794781,-0.22135038815177213,20.0,0.4,5,True,0.029244853489858988,7.174249551782676,2.236811496891795,0.06348923785015721,1.740915913927967,44,3,14,9,30
crc,MUCINOUS,PathoTME-FusionVal,vila_mil,clip-rn50,16,shared_core62_v1,feature,9,AVG_MIN_DISTANCE_OF_FIBROBLASTS_AROUND_CARCINOMA_CELL_IN_WHOLE_TUMOR_REGION_20,2.1232398918808264,3.097211646001173,-0.6450819191707355,26.8,0.4,5,True,0.11409882887347722,7.070760456043329,0.11808134810839636,0.013437258675071857,3.2998215677038574,7,4,60,52,11
crc,MUCINOUS,PathoTME-FusionVal,vila_mil,clip-rn50,16,shared_core62_v1,feature,10,LOG1P_COUNT_TLS_MATURE,2.0725723706467596,2.967123627428144,-0.12106827316332532,26.6,0.4,5,True,0.012262429143638986,6.896221156767523,0.39617297076411306,0.06250928461618165,2.9956960119423406,53,5,52,10,13
crc,MUCINOUS,PathoTME-FusionVal,vila_mil,clip-rn50,16,shared_core62_v1,group,1,low/tumor_core_composition,5.442922503031823,5.98202797290871,-1.6618283809869694,6.0,0.8,5,True,0.08184030624241964,14.644268076134098,6.764984153770289,0.15436039326492448,5.569159585747382,15,1,3,5,6
crc,MUCINOUS,PathoTME-FusionVal,vila_mil,clip-rn50,16,shared_core62_v1,group,2,high/cell_granulocyte,4.651176183990581,5.063898105910021,1.5828562967731208,8.2,0.6,5,True,0.12694123763357198,10.071749423991086,2.965732103455279,0.06733203179798772,10.024126123074984,8,5,12,13,3
crc,MUCINOUS,PathoTME-FusionVal,vila_mil,clip-rn50,16,shared_core62_v1,group,3,high/cell_plasma_cell,4.636765107442378,7.349929290019516,-0.08538359045175402,7.8,0.6,5,True,0.1267010050321521,3.834814683179959,17.50609442281098,0.1777037348593247,1.5385116913294798,9,12,1,2,15
crc,MUCINOUS,PathoTME-FusionVal,vila_mil,clip-rn50,16,shared_core62_v1,group,4,high/spatial_lymphocytes,4.54339180434485,5.271850382016522,-1.5496235181634168,8.0,0.8,5,True,0.1007770798775996,5.69140106030607,3.909079246266969,0.10494819037072295,12.91075344490289,13,10,6,9,2
crc,MUCINOUS,PathoTME-FusionVal,vila_mil,clip-rn50,16,shared_core62_v1,group,5,low/tls,4.331645868290778,4.77970100238985,0.13425393356606738,7.2,0.8,5,True,0.12451298772373244,11.68071256111919,4.231769893921051,0.068684674123468,5.552549224566449,10,2,4,12,8
crc,MUCINOUS,PathoTME-FusionVal,vila_mil,clip-rn50,16,shared_core62_v1,group,6,high/cell_macrophage,4.112386995323815,6.409306746557934,0.9242070970581928,9.8,0.4,5,True,0.08931809776026076,1.9977003791126406,3.0011409086689773,0.11615984212281981,15.35761574895438,14,16,11,7,1
crc,MUCINOUS,PathoTME-FusionVal,vila_mil,clip-rn50,16,shared_core62_v1,group,7,low/global_tissue,4.018928833190396,3.5346891329216445,0.01424846455316624,4.8,1.0,5,True,0.2569970917179089,5.780054451801336,6.885109793099619,0.11255568519219458,7.059927144140922,1,9,2,8,4
crc,MUCINOUS,PathoTME-FusionVal,vila_mil,clip-rn50,16,shared_core62_v1,group,8,high/cell_endothelial_cell,3.6586537393846803,5.094318043367856,0.18603461226634915,9.4,0.6,5,True,0.1482881535764726,11.34734074759827,0.27789923873547473,0.04878219495652444,6.470958362056658,7,3,16,16,5
crc,MUCINOUS,PathoTME-FusionVal,vila_mil,clip-rn50,16,shared_core62_v1,group,9,high/cell_carcinoma_cell,3.632262365223853,3.7856048701155576,-0.340435238258264,7.6,1.0,5,True,0.2132761773045454,9.28716978046849,3.884143546566864,0.09731904423228938,4.679403277547075,5,7,7,10,9
crc,MUCINOUS,PathoTME-FusionVal,vila_mil,clip-rn50,16,shared_core62_v1,group,10,high/spatial_fibroblasts,3.4788876738804184,3.9484156478202226,-0.33268424634063537,8.0,0.8,5,True,0.2250899611845986,9.813141381159898,3.721472572662755,0.07526689916384403,3.5594675552309947,4,6,9,11,10
crc,MUCINOUS,PathoTME-FusionVal,vila_mil,plip,16,shared_core62_v1,feature,1,AVG_MIN_DISTANCE_OF_LYMPHOCYTES_AROUND_CARCINOMA_CELL_IN_WHOLE_TUMOR_REGION_20,2.244976034051658,3.17722424432877,-0.8529253544658344,18.0,0.2,5,True,0.02749254925711438,1.9245581202464423,1.5638556143452496,0.0,7.708973886409481,30,18,23,,1
crc,MUCINOUS,PathoTME-FusionVal,vila_mil,plip,16,shared_core62_v1,feature,2,CELL_DENSITY_PLASMA_CELL_IN_INNER_INVASIVE_MARGIN,2.134063671525399,2.322229286905229,0.05833625820287082,11.0,0.4,5,True,0.05251494629606993,2.6477855835631696,5.653543572032525,0.0,2.3164742557352302,9,13,2,,20
crc,MUCINOUS,PathoTME-FusionVal,vila_mil,plip,16,shared_core62_v1,feature,3,RELATIVE_AREA_STROMA_IN_TUMOR_CORE,1.9636928597757162,2.0753865076082847,-0.5869765230037396,20.0,0.4,5,True,0.022823204115110404,2.923785736647707,4.910567109158997,0.0,1.9612882489567662,40,10,4,,26
crc,MUCINOUS,PathoTME-FusionVal,vila_mil,plip,16,shared_core62_v1,feature,4,RELATIVE_AREA_EPITHELIAL_TISSUE,1.9004611901173845,1.8156356856843405,-0.1366113246959528,13.25,0.4,5,True,0.042012549160655374,2.4016644560093847,2.998740754857022,0.0,4.05988819055986,20,15,9,,9
crc,MUCINOUS,PathoTME-FusionVal,vila_mil,plip,16,shared_core62_v1,feature,5,RELATIVE_AREA_CARCINOMA_IN_TUMOR_CORE,1.7255106858398555,1.8695348511716834,-0.42983501757393405,16.5,0.4,5,True,0.0379570735062293,3.0147119875521353,1.331766927131412,0.0,4.2431174410095,21,9,31,,5
crc,MUCINOUS,PathoTME-FusionVal,vila_mil,plip,16,shared_core62_v1,feature,6,CELL_PERCENTAGE_GRANULOCYTE_IN_TUMOR_CORE,1.6228378279342113,1.8066574804074669,0.5309136525933834,15.5,0.6,5,True,0.056398827444217356,3.781135969884888,3.3170981100071897,0.0,0.9595562323347617,8,2,7,,45
crc,MUCINOUS,PathoTME-FusionVal,vila_mil,plip,16,shared_core62_v1,feature,7,RELATIVE_AREA_OUTER_INVASIVE_MARGIN,1.620087379443147,1.6648371850238903,-0.11451631807543719,18.25,0.4,5,True,0.03490327256300669,3.119974048811539,3.532357754121663,0.0,1.4132018217195268,25,7,5,,36
crc,MUCINOUS,PathoTME-FusionVal,vila_mil,plip,16,shared_core62_v1,feature,8,CELL_DENSITY_GRANULOCYTE_IN_INNER_INVASIVE_MARGIN,1.61235256583439,1.9661377680950631,0.2588884006876545,24.25,0.4,5,True,0.015456786727278118,0.6132027788581821,3.2372676598842856,0.0,4.195835603702204,42,40,8,,7
crc,MUCINOUS,PathoTME-FusionVal,vila_mil,plip,16,shared_core62_v1,feature,9,RELATIVE_AREA_VESSEL,1.6077006866749464,2.393103308287234,-0.15100892843546648,20.25,0.4,5,True,0.07964113005506522,0.27936185071231606,5.608864681644056,0.0,2.0706357709632943,1,52,3,,25
crc,MUCINOUS,PathoTME-FusionVal,vila_mil,plip,16,shared_core62_v1,feature,10,CELL_DENSITY_MACROPHAGE_IN_INNER_INVASIVE_MARGIN,1.5990978869169479,1.9757174351648754,0.23120236234922453,19.25,0.4,5,True,0.045760071578755925,0.4740046135498167,3.3991861491556374,0.0,4.076538600300529,17,46,6,,8
crc,MUCINOUS,PathoTME-FusionVal,vila_mil,plip,16,shared_core62_v1,group,1,high/cell_plasma_cell,4.205072791649302,7.4849455316845335,-0.0002041174164202686,9.25,0.4,5,True,0.06335050251607605,1.9174073415899795,17.50609442281098,0.0,1.5385116913294798,9,12,1,,15
crc,MUCINOUS,PathoTME-FusionVal,vila_mil,plip,16,shared_core62_v1,group,2,high/spatial_lymphocytes,3.943184352252339,5.299186055464058,-1.2458035929706257,7.75,0.6,5,True,0.0503885399387998,2.845700530153035,3.909079246266969,0.0,12.91075344490289,13,10,6,,2
crc,MUCINOUS,PathoTME-FusionVal,vila_mil,plip,16,shared_core62_v1,group,3,low/tumor_core_composition,3.939439586141186,3.633178675703805,-1.327718298814889,6.25,0.6,5,True,0.04092015312120982,7.322134038067049,6.764984153770289,0.0,5.569159585747382,15,1,3,,6
crc,MUCINOUS,PathoTME-FusionVal,vila_mil,plip,16,shared_core62_v1,group,4,high/cell_macrophage,3.880453179211962,6.530186061624901,0.8622797715797137,10.5,0.2,5,True,0.04465904888013038,0.9988501895563203,3.0011409086689773,0.0,15.35761574895438,14,16,11,,1
crc,MUCINOUS,PathoTME-FusionVal,vila_mil,plip,16,shared_core62_v1,group,5,high/cell_granulocyte,3.6178407114685185,4.159293119249759,1.3757783093371814,7.0,0.6,5,True,0.06347061881678599,5.035874711995543,2.965732103455279,0.0,10.024126123074984,8,5,12,,3
crc,MUCINOUS,PathoTME-FusionVal,vila_mil,plip,16,shared_core62_v1,group,6,low/global_tissue,3.392712541800033,3.466395297348272,0.16293553275106892,4.0,0.8,5,True,0.12849854585895445,2.890027225900668,6.885109793099619,0.0,7.059927144140922,1,9,2,,4
crc,MUCINOUS,PathoTME-FusionVal,vila_mil,plip,16,shared_core62_v1,group,7,low/tls,3.1373863785817924,2.8998426784343434,0.0242841458157243,6.0,0.8,5,True,0.06225649386186622,5.840356280559595,4.231769893921051,0.0,5.552549224566449,10,2,4,,8
crc,MUCINOUS,PathoTME-FusionVal,vila_mil,plip,16,shared_core62_v1,group,8,high/cell_carcinoma_cell,2.6627539606000914,2.4034529933806255,-0.4637408311030932,7.0,0.8,5,True,0.1066380886522727,4.643584890234245,3.884143546566864,0.0,4.679403277547075,5,7,7,,9
crc,MUCINOUS,PathoTME-FusionVal,vila_mil,plip,16,shared_core62_v1,group,9,high/cell_endothelial_cell,2.499334410275901,3.275408390302789,0.10779653583741693,7.75,0.6,5,True,0.0741440767882363,5.673670373799135,0.27789923873547473,0.0,6.470958362056658,7,3,16,,5
crc,MUCINOUS,PathoTME-FusionVal,vila_mil,plip,16,shared_core62_v1,group,10,high/spatial_fibroblasts,2.4600111598131997,2.2554376054388294,-0.18005426183597167,7.25,0.8,5,True,0.1125449805922993,4.906570690579949,3.721472572662755,0.0,3.5594675552309947,4,6,9,,10
