cohort,positive_class,variant,image_architecture,image_encoder,shots,panel,level,rank_by_mean_absolute,feature_name,mean_absolute_pp,fold_sd_absolute_pp,mean_signed_pp,mean_rank,top10_fold_fraction,folds,complete_five_fold,fold_0_absolute_pp,fold_1_absolute_pp,fold_2_absolute_pp,fold_3_absolute_pp,fold_4_absolute_pp,fold_0_rank,fold_1_rank,fold_2_rank,fold_3_rank,fold_4_rank
nsclc,LUSC,PathoTME-LR,none,none,16,shared_core62_v1,feature,1,AVG_MIN_DISTANCE_OF_FIBROBLASTS_AROUND_CARCINOMA_CELL_IN_WHOLE_TUMOR_REGION_40,2.2894233878152974,1.8267661576055476,-0.15324857036264247,4.2,0.8,5,True,0.1471939686963184,1.1383439642609448,4.719620187132834,1.9607722101992846,3.4811866087871044,5,1,1,13,1
nsclc,LUSC,PathoTME-LR,none,none,16,shared_core62_v1,feature,2,RELATIVE_AREA_EPITHELIAL_TISSUE,1.3881066566796754,1.571801027761869,0.3211262334189976,22.4,0.4,5,True,0.05363916165594034,0.31487529789979185,0.46374190839976764,3.5755935021510306,2.532683413291846,30,38,40,1,3
nsclc,LUSC,PathoTME-LR,none,none,16,shared_core62_v1,feature,3,RELATIVE_AREA_NECROSIS,1.3823074276503877,1.0913783124152676,0.25772915717365086,23.2,0.4,5,True,0.001399918743989197,0.40196944896404174,2.2576311137947576,2.010627526088644,2.239909130660507,61,32,6,11,6
nsclc,LUSC,PathoTME-LR,none,none,16,shared_core62_v1,feature,4,RELATIVE_AREA_NECROSIS_IN_TUMOR_CORE,1.3273233771877,1.079814910804792,0.4097111186915116,21.0,0.4,5,True,0.040670771965267166,0.3309035622548716,2.1074566579584664,1.7061989130066613,2.4513869807532345,38,36,7,20,4
nsclc,LUSC,PathoTME-LR,none,none,16,shared_core62_v1,feature,5,RATIO_OF_FIBROBLASTS_AROUND_CARCINOMA_CELL_IN_WHOLE_TUMOR_REGION_20,1.3036184924610157,0.9049045448636419,-0.09353157506528424,13.6,0.6,5,True,0.06519682346539415,0.7241150750536431,1.9436800683389113,1.503618084868509,2.2814824105786218,22,7,9,25,5
nsclc,LUSC,PathoTME-LR,none,none,16,shared_core62_v1,feature,6,TLS_MATURE_PRESENT,1.1771090874559376,1.0839772563970154,-0.07296665400798863,18.8,0.4,5,True,0.14204766164779686,0.25922525567687504,1.0099361244557552,1.7318136432460431,2.742522752253217,7,41,26,18,2
nsclc,LUSC,PathoTME-LR,none,none,16,shared_core62_v1,feature,7,RATIO_OF_LYMPHOCYTES_AROUND_CARCINOMA_CELL_IN_WHOLE_TUMOR_REGION_20,1.1546566619426817,0.7576161824088737,0.12098872864307368,17.2,0.2,5,True,0.04022988908503743,0.894791133286666,1.1622062074351303,1.9998954519611405,1.6761606279454333,39,4,18,12,13
nsclc,LUSC,PathoTME-LR,none,none,16,shared_core62_v1,feature,8,RATIO_OF_PLASMA_CELLS_AROUND_CARCINOMA_CELL_IN_WHOLE_TUMOR_REGION_20,1.1498367639988092,0.9413248346124234,-0.09217289464960235,18.8,0.2,5,True,0.07597168053976734,0.24499423938734366,1.408331057629359,1.8958002177705098,2.1240866246670667,18,43,12,14,7
nsclc,LUSC,PathoTME-LR,none,none,16,shared_core62_v1,feature,9,RATIO_OF_LYMPHOCYTES_AROUND_CARCINOMA_CELL_IN_WHOLE_TUMOR_REGION_40,1.1418315457361097,0.7841331380020794,0.12725270597920618,15.0,0.4,5,True,0.054850053230212074,1.0815361461386124,1.2488972226724713,2.262691706748688,1.0611825998905642,28,2,15,5,25
nsclc,LUSC,PathoTME-LR,none,none,16,shared_core62_v1,feature,10,AVG_MIN_DISTANCE_OF_FIBROBLASTS_AROUND_CARCINOMA_CELL_IN_WHOLE_TUMOR_REGION_20,1.0939505538656722,1.0132390158624183,0.049229141676288085,19.2,0.2,5,True,0.1168861191132086,0.5366380122047393,2.484306402474101,0.49592357929517006,1.8359986562411414,13,19,4,49,11
nsclc,LUSC,PathoTME-LR,none,none,16,shared_core62_v1,group,1,high/spatial_fibroblasts,4.764575360651956,3.505053562893992,-0.1546862419499509,2.8,1.0,5,True,0.3317160237767471,2.5182841522860957,8.153845843037304,4.46700078403132,8.352030000128313,3,3,1,6,1
nsclc,LUSC,PathoTME-LR,none,none,16,shared_core62_v1,group,2,high/spatial_lymphocytes,3.0971536916426117,1.8145337472759224,0.2433169183495746,5.8,1.0,5,True,0.10102694654623916,2.6977566050011528,3.961297060367866,4.158944329548732,4.566743516749066,9,2,5,9,4
nsclc,LUSC,PathoTME-LR,none,none,16,shared_core62_v1,group,3,high/cell_lymphocyte,2.9497895525829274,2.038315071365358,0.2152362477692195,6.4,0.8,5,True,0.05141581532657495,2.910050881584744,3.2985045565220417,5.784402574617011,2.7045739348642654,15,1,7,1,8
nsclc,LUSC,PathoTME-LR,none,none,16,shared_core62_v1,group,4,low/global_tissue,2.692629722692298,2.1092546837949957,0.5423575549638486,7.2,0.6,5,True,0.0847983847968467,0.8605850466400112,4.470693226985568,4.707098907653703,3.339973047385362,12,12,3,4,5
nsclc,LUSC,PathoTME-LR,none,none,16,shared_core62_v1,group,5,high/spatial_plasma_cells,2.6889208500907023,2.1775899975169355,-0.49363537455173423,7.4,0.8,5,True,0.21489111792794005,0.7676485208972028,3.3875120102496687,3.5795140760151996,5.4950385253635,6,13,6,10,2
nsclc,LUSC,PathoTME-LR,none,none,16,shared_core62_v1,group,6,high/cell_granulocyte,2.5762386912492325,1.7228136103492395,0.31029610313237477,5.2,1.0,5,True,0.27181594140252774,1.965285097113275,2.5541346740586617,5.012923709134044,3.077034034537655,4,5,8,3,6
nsclc,LUSC,PathoTME-LR,none,none,16,shared_core62_v1,group,7,high/cell_endothelial_cell,2.4591552150703246,1.810303536722696,0.43185043878680923,5.2,1.0,5,True,0.44644543756899724,1.3981927053899281,2.200940603270366,5.200910810183288,3.0492865189390455,2,6,9,2,7
nsclc,LUSC,PathoTME-LR,none,none,16,shared_core62_v1,group,8,low/tls,2.456904156878253,2.2247545731455998,-0.06365135884498481,8.0,0.8,5,True,0.24915092813139025,0.4230576058317452,2.1825972100842814,4.207179251971856,5.2225357883719905,5,14,10,8,3
nsclc,LUSC,PathoTME-LR,none,none,16,shared_core62_v1,group,9,high/cell_fibroblast,1.9869778335835897,2.159591506850713,0.4881614571391104,9.8,0.4,5,True,0.1980880622943168,0.1338273031528995,5.419265398833395,2.4223480503175536,1.7613603533197848,7,16,2,12,12
nsclc,LUSC,PathoTME-LR,none,none,16,shared_core62_v1,group,10,high/spatial_macrophages,1.794414845160815,1.6258010289813187,0.0885663934513289,10.0,0.4,5,True,0.0886501892158202,0.9744579391650373,1.6321839922149963,4.4330127371495776,1.8437693680586449,11,9,12,7,11
nsclc,LUSC,PathoTME-Fusion50,dyko,clip-rn50,16,shared_core62_v1,feature,1,AVG_MIN_DISTANCE_OF_FIBROBLASTS_AROUND_CARCINOMA_CELL_IN_WHOLE_TUMOR_REGION_40,1.1447116939076487,0.9133830788027738,-0.07662428518132124,4.2,0.8,5,True,0.0735969843481592,0.5691719821304724,2.359810093566417,0.9803861050996423,1.7405933043935522,5,1,1,13,1
nsclc,LUSC,PathoTME-Fusion50,dyko,clip-rn50,16,shared_core62_v1,feature,2,RELATIVE_AREA_EPITHELIAL_TISSUE,0.6940533283398377,0.7859005138809345,0.1605631167094988,22.4,0.4,5,True,0.02681958082797017,0.15743764894989593,0.23187095419988382,1.7877967510755153,1.266341706645923,30,38,40,1,3
nsclc,LUSC,PathoTME-Fusion50,dyko,clip-rn50,16,shared_core62_v1,feature,3,RELATIVE_AREA_NECROSIS,0.6911537138251939,0.5456891562076338,0.12886457858682543,23.2,0.4,5,True,0.0006999593719945985,0.20098472448202087,1.1288155568973788,1.005313763044322,1.1199545653302534,61,32,6,11,6
nsclc,LUSC,PathoTME-Fusion50,dyko,clip-rn50,16,shared_core62_v1,feature,4,RELATIVE_AREA_NECROSIS_IN_TUMOR_CORE,0.66366168859385,0.539907455402396,0.2048555593457558,21.0,0.4,5,True,0.020335385982633583,0.1654517811274358,1.0537283289792332,0.8530994565033306,1.2256934903766172,38,36,7,20,4
nsclc,LUSC,PathoTME-Fusion50,dyko,clip-rn50,16,shared_core62_v1,feature,5,RATIO_OF_FIBROBLASTS_AROUND_CARCINOMA_CELL_IN_WHOLE_TUMOR_REGION_20,0.6518092462305078,0.45245227243182096,-0.04676578753264212,13.6,0.6,5,True,0.03259841173269708,0.36205753752682157,0.9718400341694556,0.7518090424342545,1.1407412052893109,22,7,9,25,5
nsclc,LUSC,PathoTME-Fusion50,dyko,clip-rn50,16,shared_core62_v1,feature,6,TLS_MATURE_PRESENT,0.5885545437279688,0.5419886281985077,-0.036483327003994315,18.8,0.4,5,True,0.07102383082389843,0.12961262783843752,0.5049680622278776,0.8659068216230216,1.3712613761266086,7,41,26,18,2
nsclc,LUSC,PathoTME-Fusion50,dyko,clip-rn50,16,shared_core62_v1,feature,7,RATIO_OF_LYMPHOCYTES_AROUND_CARCINOMA_CELL_IN_WHOLE_TUMOR_REGION_20,0.5773283309713408,0.37880809120443687,0.06049436432153684,17.2,0.2,5,True,0.020114944542518717,0.447395566643333,0.5811031037175651,0.9999477259805702,0.8380803139727167,39,4,18,12,13
nsclc,LUSC,PathoTME-Fusion50,dyko,clip-rn50,16,shared_core62_v1,feature,8,RATIO_OF_PLASMA_CELLS_AROUND_CARCINOMA_CELL_IN_WHOLE_TUMOR_REGION_20,0.5749183819994046,0.4706624173062117,-0.046086447324801175,18.8,0.2,5,True,0.03798584026988367,0.12249711969367183,0.7041655288146795,0.9479001088852549,1.0620433123335333,18,43,12,14,7
nsclc,LUSC,PathoTME-Fusion50,dyko,clip-rn50,16,shared_core62_v1,feature,9,RATIO_OF_LYMPHOCYTES_AROUND_CARCINOMA_CELL_IN_WHOLE_TUMOR_REGION_40,0.5709157728680548,0.3920665690010397,0.06362635298960309,15.0,0.4,5,True,0.027425026615106037,0.5407680730693062,0.6244486113362356,1.131345853374344,0.5305912999452821,28,2,15,5,25
nsclc,LUSC,PathoTME-Fusion50,dyko,clip-rn50,16,shared_core62_v1,feature,10,AVG_MIN_DISTANCE_OF_FIBROBLASTS_AROUND_CARCINOMA_CELL_IN_WHOLE_TUMOR_REGION_20,0.5469752769328361,0.5066195079312091,0.024614570838144043,19.2,0.2,5,True,0.0584430595566043,0.26831900610236964,1.2421532012370504,0.24796178964758503,0.9179993281205707,13,19,4,49,11
nsclc,LUSC,PathoTME-Fusion50,dyko,clip-rn50,16,shared_core62_v1,group,1,high/spatial_fibroblasts,2.382287680325978,1.752526781446996,-0.07734312097497545,2.8,1.0,5,True,0.16585801188837354,1.2591420761430479,4.076922921518652,2.23350039201566,4.176015000064156,3,3,1,6,1
nsclc,LUSC,PathoTME-Fusion50,dyko,clip-rn50,16,shared_core62_v1,group,2,high/spatial_lymphocytes,1.5485768458213058,0.9072668736379612,0.1216584591747873,5.8,1.0,5,True,0.05051347327311958,1.3488783025005764,1.980648530183933,2.079472164774366,2.283371758374533,9,2,5,9,4
nsclc,LUSC,PathoTME-Fusion50,dyko,clip-rn50,16,shared_core62_v1,group,3,high/cell_lymphocyte,1.4748947762914637,1.019157535682679,0.10761812388460976,6.4,0.8,5,True,0.025707907663287476,1.455025440792372,1.6492522782610208,2.8922012873085055,1.3522869674321327,15,1,7,1,8
nsclc,LUSC,PathoTME-Fusion50,dyko,clip-rn50,16,shared_core62_v1,group,4,low/global_tissue,1.346314861346149,1.0546273418974978,0.2711787774819243,7.2,0.6,5,True,0.04239919239842335,0.4302925233200056,2.235346613492784,2.3535494538268513,1.669986523692681,12,12,3,4,5
nsclc,LUSC,PathoTME-Fusion50,dyko,clip-rn50,16,shared_core62_v1,group,5,high/spatial_plasma_cells,1.3444604250453511,1.0887949987584677,-0.24681768727586711,7.4,0.8,5,True,0.10744555896397003,0.3838242604486014,1.6937560051248344,1.7897570380075998,2.74751926268175,6,13,6,10,2
nsclc,LUSC,PathoTME-Fusion50,dyko,clip-rn50,16,shared_core62_v1,group,6,high/cell_granulocyte,1.2881193456246163,0.8614068051746198,0.15514805156618738,5.2,1.0,5,True,0.13590797070126387,0.9826425485566375,1.2770673370293308,2.506461854567022,1.5385170172688274,4,5,8,3,6
nsclc,LUSC,PathoTME-Fusion50,dyko,clip-rn50,16,shared_core62_v1,group,7,high/cell_endothelial_cell,1.2295776075351623,0.905151768361348,0.21592521939340462,5.2,1.0,5,True,0.22322271878449862,0.6990963526949641,1.100470301635183,2.600455405091644,1.5246432594695227,2,6,9,2,7
nsclc,LUSC,PathoTME-Fusion50,dyko,clip-rn50,16,shared_core62_v1,group,8,low/tls,1.2284520784391264,1.1123772865727999,-0.031825679422492405,8.0,0.8,5,True,0.12457546406569513,0.2115288029158726,1.0912986050421407,2.103589625985928,2.6112678941859953,5,14,10,8,3
nsclc,LUSC,PathoTME-Fusion50,dyko,clip-rn50,16,shared_core62_v1,group,9,high/cell_fibroblast,0.9934889167917949,1.0797957534253566,0.2440807285695552,9.8,0.4,5,True,0.0990440311471584,0.06691365157644975,2.7096326994166975,1.2111740251587768,0.8806801766598924,7,16,2,12,12
nsclc,LUSC,PathoTME-Fusion50,dyko,clip-rn50,16,shared_core62_v1,group,10,high/spatial_macrophages,0.8972074225804075,0.8129005144906594,0.04428319672566445,10.0,0.4,5,True,0.0443250946079101,0.48722896958251866,0.8160919961074982,2.2165063685747888,0.9218846840293224,11,9,12,7,11
nsclc,LUSC,PathoTME-Fusion50,dyko,plip,16,shared_core62_v1,feature,1,AVG_MIN_DISTANCE_OF_FIBROBLASTS_AROUND_CARCINOMA_CELL_IN_WHOLE_TUMOR_REGION_40,1.1447116939076487,0.9133830788027738,-0.07662428518132124,4.2,0.8,5,True,0.0735969843481592,0.5691719821304724,2.359810093566417,0.9803861050996423,1.7405933043935522,5,1,1,13,1
nsclc,LUSC,PathoTME-Fusion50,dyko,plip,16,shared_core62_v1,feature,2,RELATIVE_AREA_EPITHELIAL_TISSUE,0.6940533283398377,0.7859005138809345,0.1605631167094988,22.4,0.4,5,True,0.02681958082797017,0.15743764894989593,0.23187095419988382,1.7877967510755153,1.266341706645923,30,38,40,1,3
nsclc,LUSC,PathoTME-Fusion50,dyko,plip,16,shared_core62_v1,feature,3,RELATIVE_AREA_NECROSIS,0.6911537138251939,0.5456891562076338,0.12886457858682543,23.2,0.4,5,True,0.0006999593719945985,0.20098472448202087,1.1288155568973788,1.005313763044322,1.1199545653302534,61,32,6,11,6
nsclc,LUSC,PathoTME-Fusion50,dyko,plip,16,shared_core62_v1,feature,4,RELATIVE_AREA_NECROSIS_IN_TUMOR_CORE,0.66366168859385,0.539907455402396,0.2048555593457558,21.0,0.4,5,True,0.020335385982633583,0.1654517811274358,1.0537283289792332,0.8530994565033306,1.2256934903766172,38,36,7,20,4
nsclc,LUSC,PathoTME-Fusion50,dyko,plip,16,shared_core62_v1,feature,5,RATIO_OF_FIBROBLASTS_AROUND_CARCINOMA_CELL_IN_WHOLE_TUMOR_REGION_20,0.6518092462305078,0.45245227243182096,-0.04676578753264212,13.6,0.6,5,True,0.03259841173269708,0.36205753752682157,0.9718400341694556,0.7518090424342545,1.1407412052893109,22,7,9,25,5
nsclc,LUSC,PathoTME-Fusion50,dyko,plip,16,shared_core62_v1,feature,6,TLS_MATURE_PRESENT,0.5885545437279688,0.5419886281985077,-0.036483327003994315,18.8,0.4,5,True,0.07102383082389843,0.12961262783843752,0.5049680622278776,0.8659068216230216,1.3712613761266086,7,41,26,18,2
nsclc,LUSC,PathoTME-Fusion50,dyko,plip,16,shared_core62_v1,feature,7,RATIO_OF_LYMPHOCYTES_AROUND_CARCINOMA_CELL_IN_WHOLE_TUMOR_REGION_20,0.5773283309713408,0.37880809120443687,0.06049436432153684,17.2,0.2,5,True,0.020114944542518717,0.447395566643333,0.5811031037175651,0.9999477259805702,0.8380803139727167,39,4,18,12,13
nsclc,LUSC,PathoTME-Fusion50,dyko,plip,16,shared_core62_v1,feature,8,RATIO_OF_PLASMA_CELLS_AROUND_CARCINOMA_CELL_IN_WHOLE_TUMOR_REGION_20,0.5749183819994046,0.4706624173062117,-0.046086447324801175,18.8,0.2,5,True,0.03798584026988367,0.12249711969367183,0.7041655288146795,0.9479001088852549,1.0620433123335333,18,43,12,14,7
nsclc,LUSC,PathoTME-Fusion50,dyko,plip,16,shared_core62_v1,feature,9,RATIO_OF_LYMPHOCYTES_AROUND_CARCINOMA_CELL_IN_WHOLE_TUMOR_REGION_40,0.5709157728680548,0.3920665690010397,0.06362635298960309,15.0,0.4,5,True,0.027425026615106037,0.5407680730693062,0.6244486113362356,1.131345853374344,0.5305912999452821,28,2,15,5,25
nsclc,LUSC,PathoTME-Fusion50,dyko,plip,16,shared_core62_v1,feature,10,AVG_MIN_DISTANCE_OF_FIBROBLASTS_AROUND_CARCINOMA_CELL_IN_WHOLE_TUMOR_REGION_20,0.5469752769328361,0.5066195079312091,0.024614570838144043,19.2,0.2,5,True,0.0584430595566043,0.26831900610236964,1.2421532012370504,0.24796178964758503,0.9179993281205707,13,19,4,49,11
nsclc,LUSC,PathoTME-Fusion50,dyko,plip,16,shared_core62_v1,group,1,high/spatial_fibroblasts,2.382287680325978,1.752526781446996,-0.07734312097497545,2.8,1.0,5,True,0.16585801188837354,1.2591420761430479,4.076922921518652,2.23350039201566,4.176015000064156,3,3,1,6,1
nsclc,LUSC,PathoTME-Fusion50,dyko,plip,16,shared_core62_v1,group,2,high/spatial_lymphocytes,1.5485768458213058,0.9072668736379612,0.1216584591747873,5.8,1.0,5,True,0.05051347327311958,1.3488783025005764,1.980648530183933,2.079472164774366,2.283371758374533,9,2,5,9,4
nsclc,LUSC,PathoTME-Fusion50,dyko,plip,16,shared_core62_v1,group,3,high/cell_lymphocyte,1.4748947762914637,1.019157535682679,0.10761812388460976,6.4,0.8,5,True,0.025707907663287476,1.455025440792372,1.6492522782610208,2.8922012873085055,1.3522869674321327,15,1,7,1,8
nsclc,LUSC,PathoTME-Fusion50,dyko,plip,16,shared_core62_v1,group,4,low/global_tissue,1.346314861346149,1.0546273418974978,0.2711787774819243,7.2,0.6,5,True,0.04239919239842335,0.4302925233200056,2.235346613492784,2.3535494538268513,1.669986523692681,12,12,3,4,5
nsclc,LUSC,PathoTME-Fusion50,dyko,plip,16,shared_core62_v1,group,5,high/spatial_plasma_cells,1.3444604250453511,1.0887949987584677,-0.24681768727586711,7.4,0.8,5,True,0.10744555896397003,0.3838242604486014,1.6937560051248344,1.7897570380075998,2.74751926268175,6,13,6,10,2
nsclc,LUSC,PathoTME-Fusion50,dyko,plip,16,shared_core62_v1,group,6,high/cell_granulocyte,1.2881193456246163,0.8614068051746198,0.15514805156618738,5.2,1.0,5,True,0.13590797070126387,0.9826425485566375,1.2770673370293308,2.506461854567022,1.5385170172688274,4,5,8,3,6
nsclc,LUSC,PathoTME-Fusion50,dyko,plip,16,shared_core62_v1,group,7,high/cell_endothelial_cell,1.2295776075351623,0.905151768361348,0.21592521939340462,5.2,1.0,5,True,0.22322271878449862,0.6990963526949641,1.100470301635183,2.600455405091644,1.5246432594695227,2,6,9,2,7
nsclc,LUSC,PathoTME-Fusion50,dyko,plip,16,shared_core62_v1,group,8,low/tls,1.2284520784391264,1.1123772865727999,-0.031825679422492405,8.0,0.8,5,True,0.12457546406569513,0.2115288029158726,1.0912986050421407,2.103589625985928,2.6112678941859953,5,14,10,8,3
nsclc,LUSC,PathoTME-Fusion50,dyko,plip,16,shared_core62_v1,group,9,high/cell_fibroblast,0.9934889167917949,1.0797957534253566,0.2440807285695552,9.8,0.4,5,True,0.0990440311471584,0.06691365157644975,2.7096326994166975,1.2111740251587768,0.8806801766598924,7,16,2,12,12
nsclc,LUSC,PathoTME-Fusion50,dyko,plip,16,shared_core62_v1,group,10,high/spatial_macrophages,0.8972074225804075,0.8129005144906594,0.04428319672566445,10.0,0.4,5,True,0.0443250946079101,0.48722896958251866,0.8160919961074982,2.2165063685747888,0.9218846840293224,11,9,12,7,11
nsclc,LUSC,PathoTME-Fusion50,focus,clip-rn50,16,shared_core62_v1,feature,1,AVG_MIN_DISTANCE_OF_FIBROBLASTS_AROUND_CARCINOMA_CELL_IN_WHOLE_TUMOR_REGION_40,1.1447116939076487,0.9133830788027738,-0.07662428518132124,4.2,0.8,5,True,0.0735969843481592,0.5691719821304724,2.359810093566417,0.9803861050996423,1.7405933043935522,5,1,1,13,1
nsclc,LUSC,PathoTME-Fusion50,focus,clip-rn50,16,shared_core62_v1,feature,2,RELATIVE_AREA_EPITHELIAL_TISSUE,0.6940533283398377,0.7859005138809345,0.1605631167094988,22.4,0.4,5,True,0.02681958082797017,0.15743764894989593,0.23187095419988382,1.7877967510755153,1.266341706645923,30,38,40,1,3
nsclc,LUSC,PathoTME-Fusion50,focus,clip-rn50,16,shared_core62_v1,feature,3,RELATIVE_AREA_NECROSIS,0.6911537138251939,0.5456891562076338,0.12886457858682543,23.2,0.4,5,True,0.0006999593719945985,0.20098472448202087,1.1288155568973788,1.005313763044322,1.1199545653302534,61,32,6,11,6
nsclc,LUSC,PathoTME-Fusion50,focus,clip-rn50,16,shared_core62_v1,feature,4,RELATIVE_AREA_NECROSIS_IN_TUMOR_CORE,0.66366168859385,0.539907455402396,0.2048555593457558,21.0,0.4,5,True,0.020335385982633583,0.1654517811274358,1.0537283289792332,0.8530994565033306,1.2256934903766172,38,36,7,20,4
nsclc,LUSC,PathoTME-Fusion50,focus,clip-rn50,16,shared_core62_v1,feature,5,RATIO_OF_FIBROBLASTS_AROUND_CARCINOMA_CELL_IN_WHOLE_TUMOR_REGION_20,0.6518092462305078,0.45245227243182096,-0.04676578753264212,13.6,0.6,5,True,0.03259841173269708,0.36205753752682157,0.9718400341694556,0.7518090424342545,1.1407412052893109,22,7,9,25,5
nsclc,LUSC,PathoTME-Fusion50,focus,clip-rn50,16,shared_core62_v1,feature,6,TLS_MATURE_PRESENT,0.5885545437279688,0.5419886281985077,-0.036483327003994315,18.8,0.4,5,True,0.07102383082389843,0.12961262783843752,0.5049680622278776,0.8659068216230216,1.3712613761266086,7,41,26,18,2
nsclc,LUSC,PathoTME-Fusion50,focus,clip-rn50,16,shared_core62_v1,feature,7,RATIO_OF_LYMPHOCYTES_AROUND_CARCINOMA_CELL_IN_WHOLE_TUMOR_REGION_20,0.5773283309713408,0.37880809120443687,0.06049436432153684,17.2,0.2,5,True,0.020114944542518717,0.447395566643333,0.5811031037175651,0.9999477259805702,0.8380803139727167,39,4,18,12,13
nsclc,LUSC,PathoTME-Fusion50,focus,clip-rn50,16,shared_core62_v1,feature,8,RATIO_OF_PLASMA_CELLS_AROUND_CARCINOMA_CELL_IN_WHOLE_TUMOR_REGION_20,0.5749183819994046,0.4706624173062117,-0.046086447324801175,18.8,0.2,5,True,0.03798584026988367,0.12249711969367183,0.7041655288146795,0.9479001088852549,1.0620433123335333,18,43,12,14,7
nsclc,LUSC,PathoTME-Fusion50,focus,clip-rn50,16,shared_core62_v1,feature,9,RATIO_OF_LYMPHOCYTES_AROUND_CARCINOMA_CELL_IN_WHOLE_TUMOR_REGION_40,0.5709157728680548,0.3920665690010397,0.06362635298960309,15.0,0.4,5,True,0.027425026615106037,0.5407680730693062,0.6244486113362356,1.131345853374344,0.5305912999452821,28,2,15,5,25
nsclc,LUSC,PathoTME-Fusion50,focus,clip-rn50,16,shared_core62_v1,feature,10,AVG_MIN_DISTANCE_OF_FIBROBLASTS_AROUND_CARCINOMA_CELL_IN_WHOLE_TUMOR_REGION_20,0.5469752769328361,0.5066195079312091,0.024614570838144043,19.2,0.2,5,True,0.0584430595566043,0.26831900610236964,1.2421532012370504,0.24796178964758503,0.9179993281205707,13,19,4,49,11
nsclc,LUSC,PathoTME-Fusion50,focus,clip-rn50,16,shared_core62_v1,group,1,high/spatial_fibroblasts,2.382287680325978,1.752526781446996,-0.07734312097497545,2.8,1.0,5,True,0.16585801188837354,1.2591420761430479,4.076922921518652,2.23350039201566,4.176015000064156,3,3,1,6,1
nsclc,LUSC,PathoTME-Fusion50,focus,clip-rn50,16,shared_core62_v1,group,2,high/spatial_lymphocytes,1.5485768458213058,0.9072668736379612,0.1216584591747873,5.8,1.0,5,True,0.05051347327311958,1.3488783025005764,1.980648530183933,2.079472164774366,2.283371758374533,9,2,5,9,4
nsclc,LUSC,PathoTME-Fusion50,focus,clip-rn50,16,shared_core62_v1,group,3,high/cell_lymphocyte,1.4748947762914637,1.019157535682679,0.10761812388460976,6.4,0.8,5,True,0.025707907663287476,1.455025440792372,1.6492522782610208,2.8922012873085055,1.3522869674321327,15,1,7,1,8
nsclc,LUSC,PathoTME-Fusion50,focus,clip-rn50,16,shared_core62_v1,group,4,low/global_tissue,1.346314861346149,1.0546273418974978,0.2711787774819243,7.2,0.6,5,True,0.04239919239842335,0.4302925233200056,2.235346613492784,2.3535494538268513,1.669986523692681,12,12,3,4,5
nsclc,LUSC,PathoTME-Fusion50,focus,clip-rn50,16,shared_core62_v1,group,5,high/spatial_plasma_cells,1.3444604250453511,1.0887949987584677,-0.24681768727586711,7.4,0.8,5,True,0.10744555896397003,0.3838242604486014,1.6937560051248344,1.7897570380075998,2.74751926268175,6,13,6,10,2
nsclc,LUSC,PathoTME-Fusion50,focus,clip-rn50,16,shared_core62_v1,group,6,high/cell_granulocyte,1.2881193456246163,0.8614068051746198,0.15514805156618738,5.2,1.0,5,True,0.13590797070126387,0.9826425485566375,1.2770673370293308,2.506461854567022,1.5385170172688274,4,5,8,3,6
nsclc,LUSC,PathoTME-Fusion50,focus,clip-rn50,16,shared_core62_v1,group,7,high/cell_endothelial_cell,1.2295776075351623,0.905151768361348,0.21592521939340462,5.2,1.0,5,True,0.22322271878449862,0.6990963526949641,1.100470301635183,2.600455405091644,1.5246432594695227,2,6,9,2,7
nsclc,LUSC,PathoTME-Fusion50,focus,clip-rn50,16,shared_core62_v1,group,8,low/tls,1.2284520784391264,1.1123772865727999,-0.031825679422492405,8.0,0.8,5,True,0.12457546406569513,0.2115288029158726,1.0912986050421407,2.103589625985928,2.6112678941859953,5,14,10,8,3
nsclc,LUSC,PathoTME-Fusion50,focus,clip-rn50,16,shared_core62_v1,group,9,high/cell_fibroblast,0.9934889167917949,1.0797957534253566,0.2440807285695552,9.8,0.4,5,True,0.0990440311471584,0.06691365157644975,2.7096326994166975,1.2111740251587768,0.8806801766598924,7,16,2,12,12
nsclc,LUSC,PathoTME-Fusion50,focus,clip-rn50,16,shared_core62_v1,group,10,high/spatial_macrophages,0.8972074225804075,0.8129005144906594,0.04428319672566445,10.0,0.4,5,True,0.0443250946079101,0.48722896958251866,0.8160919961074982,2.2165063685747888,0.9218846840293224,11,9,12,7,11
nsclc,LUSC,PathoTME-Fusion50,focus,plip,16,shared_core62_v1,feature,1,AVG_MIN_DISTANCE_OF_FIBROBLASTS_AROUND_CARCINOMA_CELL_IN_WHOLE_TUMOR_REGION_40,1.1447116939076487,0.9133830788027738,-0.07662428518132124,4.2,0.8,5,True,0.0735969843481592,0.5691719821304724,2.359810093566417,0.9803861050996423,1.7405933043935522,5,1,1,13,1
nsclc,LUSC,PathoTME-Fusion50,focus,plip,16,shared_core62_v1,feature,2,RELATIVE_AREA_EPITHELIAL_TISSUE,0.6940533283398377,0.7859005138809345,0.1605631167094988,22.4,0.4,5,True,0.02681958082797017,0.15743764894989593,0.23187095419988382,1.7877967510755153,1.266341706645923,30,38,40,1,3
nsclc,LUSC,PathoTME-Fusion50,focus,plip,16,shared_core62_v1,feature,3,RELATIVE_AREA_NECROSIS,0.6911537138251939,0.5456891562076338,0.12886457858682543,23.2,0.4,5,True,0.0006999593719945985,0.20098472448202087,1.1288155568973788,1.005313763044322,1.1199545653302534,61,32,6,11,6
nsclc,LUSC,PathoTME-Fusion50,focus,plip,16,shared_core62_v1,feature,4,RELATIVE_AREA_NECROSIS_IN_TUMOR_CORE,0.66366168859385,0.539907455402396,0.2048555593457558,21.0,0.4,5,True,0.020335385982633583,0.1654517811274358,1.0537283289792332,0.8530994565033306,1.2256934903766172,38,36,7,20,4
nsclc,LUSC,PathoTME-Fusion50,focus,plip,16,shared_core62_v1,feature,5,RATIO_OF_FIBROBLASTS_AROUND_CARCINOMA_CELL_IN_WHOLE_TUMOR_REGION_20,0.6518092462305078,0.45245227243182096,-0.04676578753264212,13.6,0.6,5,True,0.03259841173269708,0.36205753752682157,0.9718400341694556,0.7518090424342545,1.1407412052893109,22,7,9,25,5
nsclc,LUSC,PathoTME-Fusion50,focus,plip,16,shared_core62_v1,feature,6,TLS_MATURE_PRESENT,0.5885545437279688,0.5419886281985077,-0.036483327003994315,18.8,0.4,5,True,0.07102383082389843,0.12961262783843752,0.5049680622278776,0.8659068216230216,1.3712613761266086,7,41,26,18,2
nsclc,LUSC,PathoTME-Fusion50,focus,plip,16,shared_core62_v1,feature,7,RATIO_OF_LYMPHOCYTES_AROUND_CARCINOMA_CELL_IN_WHOLE_TUMOR_REGION_20,0.5773283309713408,0.37880809120443687,0.06049436432153684,17.2,0.2,5,True,0.020114944542518717,0.447395566643333,0.5811031037175651,0.9999477259805702,0.8380803139727167,39,4,18,12,13
nsclc,LUSC,PathoTME-Fusion50,focus,plip,16,shared_core62_v1,feature,8,RATIO_OF_PLASMA_CELLS_AROUND_CARCINOMA_CELL_IN_WHOLE_TUMOR_REGION_20,0.5749183819994046,0.4706624173062117,-0.046086447324801175,18.8,0.2,5,True,0.03798584026988367,0.12249711969367183,0.7041655288146795,0.9479001088852549,1.0620433123335333,18,43,12,14,7
nsclc,LUSC,PathoTME-Fusion50,focus,plip,16,shared_core62_v1,feature,9,RATIO_OF_LYMPHOCYTES_AROUND_CARCINOMA_CELL_IN_WHOLE_TUMOR_REGION_40,0.5709157728680548,0.3920665690010397,0.06362635298960309,15.0,0.4,5,True,0.027425026615106037,0.5407680730693062,0.6244486113362356,1.131345853374344,0.5305912999452821,28,2,15,5,25
nsclc,LUSC,PathoTME-Fusion50,focus,plip,16,shared_core62_v1,feature,10,AVG_MIN_DISTANCE_OF_FIBROBLASTS_AROUND_CARCINOMA_CELL_IN_WHOLE_TUMOR_REGION_20,0.5469752769328361,0.5066195079312091,0.024614570838144043,19.2,0.2,5,True,0.0584430595566043,0.26831900610236964,1.2421532012370504,0.24796178964758503,0.9179993281205707,13,19,4,49,11
nsclc,LUSC,PathoTME-Fusion50,focus,plip,16,shared_core62_v1,group,1,high/spatial_fibroblasts,2.382287680325978,1.752526781446996,-0.07734312097497545,2.8,1.0,5,True,0.16585801188837354,1.2591420761430479,4.076922921518652,2.23350039201566,4.176015000064156,3,3,1,6,1
nsclc,LUSC,PathoTME-Fusion50,focus,plip,16,shared_core62_v1,group,2,high/spatial_lymphocytes,1.5485768458213058,0.9072668736379612,0.1216584591747873,5.8,1.0,5,True,0.05051347327311958,1.3488783025005764,1.980648530183933,2.079472164774366,2.283371758374533,9,2,5,9,4
nsclc,LUSC,PathoTME-Fusion50,focus,plip,16,shared_core62_v1,group,3,high/cell_lymphocyte,1.4748947762914637,1.019157535682679,0.10761812388460976,6.4,0.8,5,True,0.025707907663287476,1.455025440792372,1.6492522782610208,2.8922012873085055,1.3522869674321327,15,1,7,1,8
nsclc,LUSC,PathoTME-Fusion50,focus,plip,16,shared_core62_v1,group,4,low/global_tissue,1.346314861346149,1.0546273418974978,0.2711787774819243,7.2,0.6,5,True,0.04239919239842335,0.4302925233200056,2.235346613492784,2.3535494538268513,1.669986523692681,12,12,3,4,5
nsclc,LUSC,PathoTME-Fusion50,focus,plip,16,shared_core62_v1,group,5,high/spatial_plasma_cells,1.3444604250453511,1.0887949987584677,-0.24681768727586711,7.4,0.8,5,True,0.10744555896397003,0.3838242604486014,1.6937560051248344,1.7897570380075998,2.74751926268175,6,13,6,10,2
nsclc,LUSC,PathoTME-Fusion50,focus,plip,16,shared_core62_v1,group,6,high/cell_granulocyte,1.2881193456246163,0.8614068051746198,0.15514805156618738,5.2,1.0,5,True,0.13590797070126387,0.9826425485566375,1.2770673370293308,2.506461854567022,1.5385170172688274,4,5,8,3,6
nsclc,LUSC,PathoTME-Fusion50,focus,plip,16,shared_core62_v1,group,7,high/cell_endothelial_cell,1.2295776075351623,0.905151768361348,0.21592521939340462,5.2,1.0,5,True,0.22322271878449862,0.6990963526949641,1.100470301635183,2.600455405091644,1.5246432594695227,2,6,9,2,7
nsclc,LUSC,PathoTME-Fusion50,focus,plip,16,shared_core62_v1,group,8,low/tls,1.2284520784391264,1.1123772865727999,-0.031825679422492405,8.0,0.8,5,True,0.12457546406569513,0.2115288029158726,1.0912986050421407,2.103589625985928,2.6112678941859953,5,14,10,8,3
nsclc,LUSC,PathoTME-Fusion50,focus,plip,16,shared_core62_v1,group,9,high/cell_fibroblast,0.9934889167917949,1.0797957534253566,0.2440807285695552,9.8,0.4,5,True,0.0990440311471584,0.06691365157644975,2.7096326994166975,1.2111740251587768,0.8806801766598924,7,16,2,12,12
nsclc,LUSC,PathoTME-Fusion50,focus,plip,16,shared_core62_v1,group,10,high/spatial_macrophages,0.8972074225804075,0.8129005144906594,0.04428319672566445,10.0,0.4,5,True,0.0443250946079101,0.48722896958251866,0.8160919961074982,2.2165063685747888,0.9218846840293224,11,9,12,7,11
nsclc,LUSC,PathoTME-Fusion50,hive_mil,clip-rn50,16,shared_core62_v1,feature,1,AVG_MIN_DISTANCE_OF_FIBROBLASTS_AROUND_CARCINOMA_CELL_IN_WHOLE_TUMOR_REGION_40,1.1447116939076487,0.9133830788027738,-0.07662428518132124,4.2,0.8,5,True,0.0735969843481592,0.5691719821304724,2.359810093566417,0.9803861050996423,1.7405933043935522,5,1,1,13,1
nsclc,LUSC,PathoTME-Fusion50,hive_mil,clip-rn50,16,shared_core62_v1,feature,2,RELATIVE_AREA_EPITHELIAL_TISSUE,0.6940533283398377,0.7859005138809345,0.1605631167094988,22.4,0.4,5,True,0.02681958082797017,0.15743764894989593,0.23187095419988382,1.7877967510755153,1.266341706645923,30,38,40,1,3
nsclc,LUSC,PathoTME-Fusion50,hive_mil,clip-rn50,16,shared_core62_v1,feature,3,RELATIVE_AREA_NECROSIS,0.6911537138251939,0.5456891562076338,0.12886457858682543,23.2,0.4,5,True,0.0006999593719945985,0.20098472448202087,1.1288155568973788,1.005313763044322,1.1199545653302534,61,32,6,11,6
nsclc,LUSC,PathoTME-Fusion50,hive_mil,clip-rn50,16,shared_core62_v1,feature,4,RELATIVE_AREA_NECROSIS_IN_TUMOR_CORE,0.66366168859385,0.539907455402396,0.2048555593457558,21.0,0.4,5,True,0.020335385982633583,0.1654517811274358,1.0537283289792332,0.8530994565033306,1.2256934903766172,38,36,7,20,4
nsclc,LUSC,PathoTME-Fusion50,hive_mil,clip-rn50,16,shared_core62_v1,feature,5,RATIO_OF_FIBROBLASTS_AROUND_CARCINOMA_CELL_IN_WHOLE_TUMOR_REGION_20,0.6518092462305078,0.45245227243182096,-0.04676578753264212,13.6,0.6,5,True,0.03259841173269708,0.36205753752682157,0.9718400341694556,0.7518090424342545,1.1407412052893109,22,7,9,25,5
nsclc,LUSC,PathoTME-Fusion50,hive_mil,clip-rn50,16,shared_core62_v1,feature,6,TLS_MATURE_PRESENT,0.5885545437279688,0.5419886281985077,-0.036483327003994315,18.8,0.4,5,True,0.07102383082389843,0.12961262783843752,0.5049680622278776,0.8659068216230216,1.3712613761266086,7,41,26,18,2
nsclc,LUSC,PathoTME-Fusion50,hive_mil,clip-rn50,16,shared_core62_v1,feature,7,RATIO_OF_LYMPHOCYTES_AROUND_CARCINOMA_CELL_IN_WHOLE_TUMOR_REGION_20,0.5773283309713408,0.37880809120443687,0.06049436432153684,17.2,0.2,5,True,0.020114944542518717,0.447395566643333,0.5811031037175651,0.9999477259805702,0.8380803139727167,39,4,18,12,13
nsclc,LUSC,PathoTME-Fusion50,hive_mil,clip-rn50,16,shared_core62_v1,feature,8,RATIO_OF_PLASMA_CELLS_AROUND_CARCINOMA_CELL_IN_WHOLE_TUMOR_REGION_20,0.5749183819994046,0.4706624173062117,-0.046086447324801175,18.8,0.2,5,True,0.03798584026988367,0.12249711969367183,0.7041655288146795,0.9479001088852549,1.0620433123335333,18,43,12,14,7
nsclc,LUSC,PathoTME-Fusion50,hive_mil,clip-rn50,16,shared_core62_v1,feature,9,RATIO_OF_LYMPHOCYTES_AROUND_CARCINOMA_CELL_IN_WHOLE_TUMOR_REGION_40,0.5709157728680548,0.3920665690010397,0.06362635298960309,15.0,0.4,5,True,0.027425026615106037,0.5407680730693062,0.6244486113362356,1.131345853374344,0.5305912999452821,28,2,15,5,25
nsclc,LUSC,PathoTME-Fusion50,hive_mil,clip-rn50,16,shared_core62_v1,feature,10,AVG_MIN_DISTANCE_OF_FIBROBLASTS_AROUND_CARCINOMA_CELL_IN_WHOLE_TUMOR_REGION_20,0.5469752769328361,0.5066195079312091,0.024614570838144043,19.2,0.2,5,True,0.0584430595566043,0.26831900610236964,1.2421532012370504,0.24796178964758503,0.9179993281205707,13,19,4,49,11
nsclc,LUSC,PathoTME-Fusion50,hive_mil,clip-rn50,16,shared_core62_v1,group,1,high/spatial_fibroblasts,2.382287680325978,1.752526781446996,-0.07734312097497545,2.8,1.0,5,True,0.16585801188837354,1.2591420761430479,4.076922921518652,2.23350039201566,4.176015000064156,3,3,1,6,1
nsclc,LUSC,PathoTME-Fusion50,hive_mil,clip-rn50,16,shared_core62_v1,group,2,high/spatial_lymphocytes,1.5485768458213058,0.9072668736379612,0.1216584591747873,5.8,1.0,5,True,0.05051347327311958,1.3488783025005764,1.980648530183933,2.079472164774366,2.283371758374533,9,2,5,9,4
nsclc,LUSC,PathoTME-Fusion50,hive_mil,clip-rn50,16,shared_core62_v1,group,3,high/cell_lymphocyte,1.4748947762914637,1.019157535682679,0.10761812388460976,6.4,0.8,5,True,0.025707907663287476,1.455025440792372,1.6492522782610208,2.8922012873085055,1.3522869674321327,15,1,7,1,8
nsclc,LUSC,PathoTME-Fusion50,hive_mil,clip-rn50,16,shared_core62_v1,group,4,low/global_tissue,1.346314861346149,1.0546273418974978,0.2711787774819243,7.2,0.6,5,True,0.04239919239842335,0.4302925233200056,2.235346613492784,2.3535494538268513,1.669986523692681,12,12,3,4,5
nsclc,LUSC,PathoTME-Fusion50,hive_mil,clip-rn50,16,shared_core62_v1,group,5,high/spatial_plasma_cells,1.3444604250453511,1.0887949987584677,-0.24681768727586711,7.4,0.8,5,True,0.10744555896397003,0.3838242604486014,1.6937560051248344,1.7897570380075998,2.74751926268175,6,13,6,10,2
nsclc,LUSC,PathoTME-Fusion50,hive_mil,clip-rn50,16,shared_core62_v1,group,6,high/cell_granulocyte,1.2881193456246163,0.8614068051746198,0.15514805156618738,5.2,1.0,5,True,0.13590797070126387,0.9826425485566375,1.2770673370293308,2.506461854567022,1.5385170172688274,4,5,8,3,6
nsclc,LUSC,PathoTME-Fusion50,hive_mil,clip-rn50,16,shared_core62_v1,group,7,high/cell_endothelial_cell,1.2295776075351623,0.905151768361348,0.21592521939340462,5.2,1.0,5,True,0.22322271878449862,0.6990963526949641,1.100470301635183,2.600455405091644,1.5246432594695227,2,6,9,2,7
nsclc,LUSC,PathoTME-Fusion50,hive_mil,clip-rn50,16,shared_core62_v1,group,8,low/tls,1.2284520784391264,1.1123772865727999,-0.031825679422492405,8.0,0.8,5,True,0.12457546406569513,0.2115288029158726,1.0912986050421407,2.103589625985928,2.6112678941859953,5,14,10,8,3
nsclc,LUSC,PathoTME-Fusion50,hive_mil,clip-rn50,16,shared_core62_v1,group,9,high/cell_fibroblast,0.9934889167917949,1.0797957534253566,0.2440807285695552,9.8,0.4,5,True,0.0990440311471584,0.06691365157644975,2.7096326994166975,1.2111740251587768,0.8806801766598924,7,16,2,12,12
nsclc,LUSC,PathoTME-Fusion50,hive_mil,clip-rn50,16,shared_core62_v1,group,10,high/spatial_macrophages,0.8972074225804075,0.8129005144906594,0.04428319672566445,10.0,0.4,5,True,0.0443250946079101,0.48722896958251866,0.8160919961074982,2.2165063685747888,0.9218846840293224,11,9,12,7,11
nsclc,LUSC,PathoTME-Fusion50,hive_mil,plip,16,shared_core62_v1,feature,1,AVG_MIN_DISTANCE_OF_FIBROBLASTS_AROUND_CARCINOMA_CELL_IN_WHOLE_TUMOR_REGION_40,1.1447116939076487,0.9133830788027738,-0.07662428518132124,4.2,0.8,5,True,0.0735969843481592,0.5691719821304724,2.359810093566417,0.9803861050996423,1.7405933043935522,5,1,1,13,1
nsclc,LUSC,PathoTME-Fusion50,hive_mil,plip,16,shared_core62_v1,feature,2,RELATIVE_AREA_EPITHELIAL_TISSUE,0.6940533283398377,0.7859005138809345,0.1605631167094988,22.4,0.4,5,True,0.02681958082797017,0.15743764894989593,0.23187095419988382,1.7877967510755153,1.266341706645923,30,38,40,1,3
nsclc,LUSC,PathoTME-Fusion50,hive_mil,plip,16,shared_core62_v1,feature,3,RELATIVE_AREA_NECROSIS,0.6911537138251939,0.5456891562076338,0.12886457858682543,23.2,0.4,5,True,0.0006999593719945985,0.20098472448202087,1.1288155568973788,1.005313763044322,1.1199545653302534,61,32,6,11,6
nsclc,LUSC,PathoTME-Fusion50,hive_mil,plip,16,shared_core62_v1,feature,4,RELATIVE_AREA_NECROSIS_IN_TUMOR_CORE,0.66366168859385,0.539907455402396,0.2048555593457558,21.0,0.4,5,True,0.020335385982633583,0.1654517811274358,1.0537283289792332,0.8530994565033306,1.2256934903766172,38,36,7,20,4
nsclc,LUSC,PathoTME-Fusion50,hive_mil,plip,16,shared_core62_v1,feature,5,RATIO_OF_FIBROBLASTS_AROUND_CARCINOMA_CELL_IN_WHOLE_TUMOR_REGION_20,0.6518092462305078,0.45245227243182096,-0.04676578753264212,13.6,0.6,5,True,0.03259841173269708,0.36205753752682157,0.9718400341694556,0.7518090424342545,1.1407412052893109,22,7,9,25,5
nsclc,LUSC,PathoTME-Fusion50,hive_mil,plip,16,shared_core62_v1,feature,6,TLS_MATURE_PRESENT,0.5885545437279688,0.5419886281985077,-0.036483327003994315,18.8,0.4,5,True,0.07102383082389843,0.12961262783843752,0.5049680622278776,0.8659068216230216,1.3712613761266086,7,41,26,18,2
nsclc,LUSC,PathoTME-Fusion50,hive_mil,plip,16,shared_core62_v1,feature,7,RATIO_OF_LYMPHOCYTES_AROUND_CARCINOMA_CELL_IN_WHOLE_TUMOR_REGION_20,0.5773283309713408,0.37880809120443687,0.06049436432153684,17.2,0.2,5,True,0.020114944542518717,0.447395566643333,0.5811031037175651,0.9999477259805702,0.8380803139727167,39,4,18,12,13
nsclc,LUSC,PathoTME-Fusion50,hive_mil,plip,16,shared_core62_v1,feature,8,RATIO_OF_PLASMA_CELLS_AROUND_CARCINOMA_CELL_IN_WHOLE_TUMOR_REGION_20,0.5749183819994046,0.4706624173062117,-0.046086447324801175,18.8,0.2,5,True,0.03798584026988367,0.12249711969367183,0.7041655288146795,0.9479001088852549,1.0620433123335333,18,43,12,14,7
nsclc,LUSC,PathoTME-Fusion50,hive_mil,plip,16,shared_core62_v1,feature,9,RATIO_OF_LYMPHOCYTES_AROUND_CARCINOMA_CELL_IN_WHOLE_TUMOR_REGION_40,0.5709157728680548,0.3920665690010397,0.06362635298960309,15.0,0.4,5,True,0.027425026615106037,0.5407680730693062,0.6244486113362356,1.131345853374344,0.5305912999452821,28,2,15,5,25
nsclc,LUSC,PathoTME-Fusion50,hive_mil,plip,16,shared_core62_v1,feature,10,AVG_MIN_DISTANCE_OF_FIBROBLASTS_AROUND_CARCINOMA_CELL_IN_WHOLE_TUMOR_REGION_20,0.5469752769328361,0.5066195079312091,0.024614570838144043,19.2,0.2,5,True,0.0584430595566043,0.26831900610236964,1.2421532012370504,0.24796178964758503,0.9179993281205707,13,19,4,49,11
nsclc,LUSC,PathoTME-Fusion50,hive_mil,plip,16,shared_core62_v1,group,1,high/spatial_fibroblasts,2.382287680325978,1.752526781446996,-0.07734312097497545,2.8,1.0,5,True,0.16585801188837354,1.2591420761430479,4.076922921518652,2.23350039201566,4.176015000064156,3,3,1,6,1
nsclc,LUSC,PathoTME-Fusion50,hive_mil,plip,16,shared_core62_v1,group,2,high/spatial_lymphocytes,1.5485768458213058,0.9072668736379612,0.1216584591747873,5.8,1.0,5,True,0.05051347327311958,1.3488783025005764,1.980648530183933,2.079472164774366,2.283371758374533,9,2,5,9,4
nsclc,LUSC,PathoTME-Fusion50,hive_mil,plip,16,shared_core62_v1,group,3,high/cell_lymphocyte,1.4748947762914637,1.019157535682679,0.10761812388460976,6.4,0.8,5,True,0.025707907663287476,1.455025440792372,1.6492522782610208,2.8922012873085055,1.3522869674321327,15,1,7,1,8
nsclc,LUSC,PathoTME-Fusion50,hive_mil,plip,16,shared_core62_v1,group,4,low/global_tissue,1.346314861346149,1.0546273418974978,0.2711787774819243,7.2,0.6,5,True,0.04239919239842335,0.4302925233200056,2.235346613492784,2.3535494538268513,1.669986523692681,12,12,3,4,5
nsclc,LUSC,PathoTME-Fusion50,hive_mil,plip,16,shared_core62_v1,group,5,high/spatial_plasma_cells,1.3444604250453511,1.0887949987584677,-0.24681768727586711,7.4,0.8,5,True,0.10744555896397003,0.3838242604486014,1.6937560051248344,1.7897570380075998,2.74751926268175,6,13,6,10,2
nsclc,LUSC,PathoTME-Fusion50,hive_mil,plip,16,shared_core62_v1,group,6,high/cell_granulocyte,1.2881193456246163,0.8614068051746198,0.15514805156618738,5.2,1.0,5,True,0.13590797070126387,0.9826425485566375,1.2770673370293308,2.506461854567022,1.5385170172688274,4,5,8,3,6
nsclc,LUSC,PathoTME-Fusion50,hive_mil,plip,16,shared_core62_v1,group,7,high/cell_endothelial_cell,1.2295776075351623,0.905151768361348,0.21592521939340462,5.2,1.0,5,True,0.22322271878449862,0.6990963526949641,1.100470301635183,2.600455405091644,1.5246432594695227,2,6,9,2,7
nsclc,LUSC,PathoTME-Fusion50,hive_mil,plip,16,shared_core62_v1,group,8,low/tls,1.2284520784391264,1.1123772865727999,-0.031825679422492405,8.0,0.8,5,True,0.12457546406569513,0.2115288029158726,1.0912986050421407,2.103589625985928,2.6112678941859953,5,14,10,8,3
nsclc,LUSC,PathoTME-Fusion50,hive_mil,plip,16,shared_core62_v1,group,9,high/cell_fibroblast,0.9934889167917949,1.0797957534253566,0.2440807285695552,9.8,0.4,5,True,0.0990440311471584,0.06691365157644975,2.7096326994166975,1.2111740251587768,0.8806801766598924,7,16,2,12,12
nsclc,LUSC,PathoTME-Fusion50,hive_mil,plip,16,shared_core62_v1,group,10,high/spatial_macrophages,0.8972074225804075,0.8129005144906594,0.04428319672566445,10.0,0.4,5,True,0.0443250946079101,0.48722896958251866,0.8160919961074982,2.2165063685747888,0.9218846840293224,11,9,12,7,11
nsclc,LUSC,PathoTME-Fusion50,mgpath,clip-rn50,16,shared_core62_v1,feature,1,AVG_MIN_DISTANCE_OF_FIBROBLASTS_AROUND_CARCINOMA_CELL_IN_WHOLE_TUMOR_REGION_40,1.1447116939076487,0.9133830788027738,-0.07662428518132124,4.2,0.8,5,True,0.0735969843481592,0.5691719821304724,2.359810093566417,0.9803861050996423,1.7405933043935522,5,1,1,13,1
nsclc,LUSC,PathoTME-Fusion50,mgpath,clip-rn50,16,shared_core62_v1,feature,2,RELATIVE_AREA_EPITHELIAL_TISSUE,0.6940533283398377,0.7859005138809345,0.1605631167094988,22.4,0.4,5,True,0.02681958082797017,0.15743764894989593,0.23187095419988382,1.7877967510755153,1.266341706645923,30,38,40,1,3
nsclc,LUSC,PathoTME-Fusion50,mgpath,clip-rn50,16,shared_core62_v1,feature,3,RELATIVE_AREA_NECROSIS,0.6911537138251939,0.5456891562076338,0.12886457858682543,23.2,0.4,5,True,0.0006999593719945985,0.20098472448202087,1.1288155568973788,1.005313763044322,1.1199545653302534,61,32,6,11,6
nsclc,LUSC,PathoTME-Fusion50,mgpath,clip-rn50,16,shared_core62_v1,feature,4,RELATIVE_AREA_NECROSIS_IN_TUMOR_CORE,0.66366168859385,0.539907455402396,0.2048555593457558,21.0,0.4,5,True,0.020335385982633583,0.1654517811274358,1.0537283289792332,0.8530994565033306,1.2256934903766172,38,36,7,20,4
nsclc,LUSC,PathoTME-Fusion50,mgpath,clip-rn50,16,shared_core62_v1,feature,5,RATIO_OF_FIBROBLASTS_AROUND_CARCINOMA_CELL_IN_WHOLE_TUMOR_REGION_20,0.6518092462305078,0.45245227243182096,-0.04676578753264212,13.6,0.6,5,True,0.03259841173269708,0.36205753752682157,0.9718400341694556,0.7518090424342545,1.1407412052893109,22,7,9,25,5
nsclc,LUSC,PathoTME-Fusion50,mgpath,clip-rn50,16,shared_core62_v1,feature,6,TLS_MATURE_PRESENT,0.5885545437279688,0.5419886281985077,-0.036483327003994315,18.8,0.4,5,True,0.07102383082389843,0.12961262783843752,0.5049680622278776,0.8659068216230216,1.3712613761266086,7,41,26,18,2
nsclc,LUSC,PathoTME-Fusion50,mgpath,clip-rn50,16,shared_core62_v1,feature,7,RATIO_OF_LYMPHOCYTES_AROUND_CARCINOMA_CELL_IN_WHOLE_TUMOR_REGION_20,0.5773283309713408,0.37880809120443687,0.06049436432153684,17.2,0.2,5,True,0.020114944542518717,0.447395566643333,0.5811031037175651,0.9999477259805702,0.8380803139727167,39,4,18,12,13
nsclc,LUSC,PathoTME-Fusion50,mgpath,clip-rn50,16,shared_core62_v1,feature,8,RATIO_OF_PLASMA_CELLS_AROUND_CARCINOMA_CELL_IN_WHOLE_TUMOR_REGION_20,0.5749183819994046,0.4706624173062117,-0.046086447324801175,18.8,0.2,5,True,0.03798584026988367,0.12249711969367183,0.7041655288146795,0.9479001088852549,1.0620433123335333,18,43,12,14,7
nsclc,LUSC,PathoTME-Fusion50,mgpath,clip-rn50,16,shared_core62_v1,feature,9,RATIO_OF_LYMPHOCYTES_AROUND_CARCINOMA_CELL_IN_WHOLE_TUMOR_REGION_40,0.5709157728680548,0.3920665690010397,0.06362635298960309,15.0,0.4,5,True,0.027425026615106037,0.5407680730693062,0.6244486113362356,1.131345853374344,0.5305912999452821,28,2,15,5,25
nsclc,LUSC,PathoTME-Fusion50,mgpath,clip-rn50,16,shared_core62_v1,feature,10,AVG_MIN_DISTANCE_OF_FIBROBLASTS_AROUND_CARCINOMA_CELL_IN_WHOLE_TUMOR_REGION_20,0.5469752769328361,0.5066195079312091,0.024614570838144043,19.2,0.2,5,True,0.0584430595566043,0.26831900610236964,1.2421532012370504,0.24796178964758503,0.9179993281205707,13,19,4,49,11
nsclc,LUSC,PathoTME-Fusion50,mgpath,clip-rn50,16,shared_core62_v1,group,1,high/spatial_fibroblasts,2.382287680325978,1.752526781446996,-0.07734312097497545,2.8,1.0,5,True,0.16585801188837354,1.2591420761430479,4.076922921518652,2.23350039201566,4.176015000064156,3,3,1,6,1
nsclc,LUSC,PathoTME-Fusion50,mgpath,clip-rn50,16,shared_core62_v1,group,2,high/spatial_lymphocytes,1.5485768458213058,0.9072668736379612,0.1216584591747873,5.8,1.0,5,True,0.05051347327311958,1.3488783025005764,1.980648530183933,2.079472164774366,2.283371758374533,9,2,5,9,4
nsclc,LUSC,PathoTME-Fusion50,mgpath,clip-rn50,16,shared_core62_v1,group,3,high/cell_lymphocyte,1.4748947762914637,1.019157535682679,0.10761812388460976,6.4,0.8,5,True,0.025707907663287476,1.455025440792372,1.6492522782610208,2.8922012873085055,1.3522869674321327,15,1,7,1,8
nsclc,LUSC,PathoTME-Fusion50,mgpath,clip-rn50,16,shared_core62_v1,group,4,low/global_tissue,1.346314861346149,1.0546273418974978,0.2711787774819243,7.2,0.6,5,True,0.04239919239842335,0.4302925233200056,2.235346613492784,2.3535494538268513,1.669986523692681,12,12,3,4,5
nsclc,LUSC,PathoTME-Fusion50,mgpath,clip-rn50,16,shared_core62_v1,group,5,high/spatial_plasma_cells,1.3444604250453511,1.0887949987584677,-0.24681768727586711,7.4,0.8,5,True,0.10744555896397003,0.3838242604486014,1.6937560051248344,1.7897570380075998,2.74751926268175,6,13,6,10,2
nsclc,LUSC,PathoTME-Fusion50,mgpath,clip-rn50,16,shared_core62_v1,group,6,high/cell_granulocyte,1.2881193456246163,0.8614068051746198,0.15514805156618738,5.2,1.0,5,True,0.13590797070126387,0.9826425485566375,1.2770673370293308,2.506461854567022,1.5385170172688274,4,5,8,3,6
nsclc,LUSC,PathoTME-Fusion50,mgpath,clip-rn50,16,shared_core62_v1,group,7,high/cell_endothelial_cell,1.2295776075351623,0.905151768361348,0.21592521939340462,5.2,1.0,5,True,0.22322271878449862,0.6990963526949641,1.100470301635183,2.600455405091644,1.5246432594695227,2,6,9,2,7
nsclc,LUSC,PathoTME-Fusion50,mgpath,clip-rn50,16,shared_core62_v1,group,8,low/tls,1.2284520784391264,1.1123772865727999,-0.031825679422492405,8.0,0.8,5,True,0.12457546406569513,0.2115288029158726,1.0912986050421407,2.103589625985928,2.6112678941859953,5,14,10,8,3
nsclc,LUSC,PathoTME-Fusion50,mgpath,clip-rn50,16,shared_core62_v1,group,9,high/cell_fibroblast,0.9934889167917949,1.0797957534253566,0.2440807285695552,9.8,0.4,5,True,0.0990440311471584,0.06691365157644975,2.7096326994166975,1.2111740251587768,0.8806801766598924,7,16,2,12,12
nsclc,LUSC,PathoTME-Fusion50,mgpath,clip-rn50,16,shared_core62_v1,group,10,high/spatial_macrophages,0.8972074225804075,0.8129005144906594,0.04428319672566445,10.0,0.4,5,True,0.0443250946079101,0.48722896958251866,0.8160919961074982,2.2165063685747888,0.9218846840293224,11,9,12,7,11
nsclc,LUSC,PathoTME-Fusion50,mgpath,plip,16,shared_core62_v1,feature,1,AVG_MIN_DISTANCE_OF_FIBROBLASTS_AROUND_CARCINOMA_CELL_IN_WHOLE_TUMOR_REGION_40,1.1447116939076487,0.9133830788027738,-0.07662428518132124,4.2,0.8,5,True,0.0735969843481592,0.5691719821304724,2.359810093566417,0.9803861050996423,1.7405933043935522,5,1,1,13,1
nsclc,LUSC,PathoTME-Fusion50,mgpath,plip,16,shared_core62_v1,feature,2,RELATIVE_AREA_EPITHELIAL_TISSUE,0.6940533283398377,0.7859005138809345,0.1605631167094988,22.4,0.4,5,True,0.02681958082797017,0.15743764894989593,0.23187095419988382,1.7877967510755153,1.266341706645923,30,38,40,1,3
nsclc,LUSC,PathoTME-Fusion50,mgpath,plip,16,shared_core62_v1,feature,3,RELATIVE_AREA_NECROSIS,0.6911537138251939,0.5456891562076338,0.12886457858682543,23.2,0.4,5,True,0.0006999593719945985,0.20098472448202087,1.1288155568973788,1.005313763044322,1.1199545653302534,61,32,6,11,6
nsclc,LUSC,PathoTME-Fusion50,mgpath,plip,16,shared_core62_v1,feature,4,RELATIVE_AREA_NECROSIS_IN_TUMOR_CORE,0.66366168859385,0.539907455402396,0.2048555593457558,21.0,0.4,5,True,0.020335385982633583,0.1654517811274358,1.0537283289792332,0.8530994565033306,1.2256934903766172,38,36,7,20,4
nsclc,LUSC,PathoTME-Fusion50,mgpath,plip,16,shared_core62_v1,feature,5,RATIO_OF_FIBROBLASTS_AROUND_CARCINOMA_CELL_IN_WHOLE_TUMOR_REGION_20,0.6518092462305078,0.45245227243182096,-0.04676578753264212,13.6,0.6,5,True,0.03259841173269708,0.36205753752682157,0.9718400341694556,0.7518090424342545,1.1407412052893109,22,7,9,25,5
nsclc,LUSC,PathoTME-Fusion50,mgpath,plip,16,shared_core62_v1,feature,6,TLS_MATURE_PRESENT,0.5885545437279688,0.5419886281985077,-0.036483327003994315,18.8,0.4,5,True,0.07102383082389843,0.12961262783843752,0.5049680622278776,0.8659068216230216,1.3712613761266086,7,41,26,18,2
nsclc,LUSC,PathoTME-Fusion50,mgpath,plip,16,shared_core62_v1,feature,7,RATIO_OF_LYMPHOCYTES_AROUND_CARCINOMA_CELL_IN_WHOLE_TUMOR_REGION_20,0.5773283309713408,0.37880809120443687,0.06049436432153684,17.2,0.2,5,True,0.020114944542518717,0.447395566643333,0.5811031037175651,0.9999477259805702,0.8380803139727167,39,4,18,12,13
nsclc,LUSC,PathoTME-Fusion50,mgpath,plip,16,shared_core62_v1,feature,8,RATIO_OF_PLASMA_CELLS_AROUND_CARCINOMA_CELL_IN_WHOLE_TUMOR_REGION_20,0.5749183819994046,0.4706624173062117,-0.046086447324801175,18.8,0.2,5,True,0.03798584026988367,0.12249711969367183,0.7041655288146795,0.9479001088852549,1.0620433123335333,18,43,12,14,7
nsclc,LUSC,PathoTME-Fusion50,mgpath,plip,16,shared_core62_v1,feature,9,RATIO_OF_LYMPHOCYTES_AROUND_CARCINOMA_CELL_IN_WHOLE_TUMOR_REGION_40,0.5709157728680548,0.3920665690010397,0.06362635298960309,15.0,0.4,5,True,0.027425026615106037,0.5407680730693062,0.6244486113362356,1.131345853374344,0.5305912999452821,28,2,15,5,25
nsclc,LUSC,PathoTME-Fusion50,mgpath,plip,16,shared_core62_v1,feature,10,AVG_MIN_DISTANCE_OF_FIBROBLASTS_AROUND_CARCINOMA_CELL_IN_WHOLE_TUMOR_REGION_20,0.5469752769328361,0.5066195079312091,0.024614570838144043,19.2,0.2,5,True,0.0584430595566043,0.26831900610236964,1.2421532012370504,0.24796178964758503,0.9179993281205707,13,19,4,49,11
nsclc,LUSC,PathoTME-Fusion50,mgpath,plip,16,shared_core62_v1,group,1,high/spatial_fibroblasts,2.382287680325978,1.752526781446996,-0.07734312097497545,2.8,1.0,5,True,0.16585801188837354,1.2591420761430479,4.076922921518652,2.23350039201566,4.176015000064156,3,3,1,6,1
nsclc,LUSC,PathoTME-Fusion50,mgpath,plip,16,shared_core62_v1,group,2,high/spatial_lymphocytes,1.5485768458213058,0.9072668736379612,0.1216584591747873,5.8,1.0,5,True,0.05051347327311958,1.3488783025005764,1.980648530183933,2.079472164774366,2.283371758374533,9,2,5,9,4
nsclc,LUSC,PathoTME-Fusion50,mgpath,plip,16,shared_core62_v1,group,3,high/cell_lymphocyte,1.4748947762914637,1.019157535682679,0.10761812388460976,6.4,0.8,5,True,0.025707907663287476,1.455025440792372,1.6492522782610208,2.8922012873085055,1.3522869674321327,15,1,7,1,8
nsclc,LUSC,PathoTME-Fusion50,mgpath,plip,16,shared_core62_v1,group,4,low/global_tissue,1.346314861346149,1.0546273418974978,0.2711787774819243,7.2,0.6,5,True,0.04239919239842335,0.4302925233200056,2.235346613492784,2.3535494538268513,1.669986523692681,12,12,3,4,5
nsclc,LUSC,PathoTME-Fusion50,mgpath,plip,16,shared_core62_v1,group,5,high/spatial_plasma_cells,1.3444604250453511,1.0887949987584677,-0.24681768727586711,7.4,0.8,5,True,0.10744555896397003,0.3838242604486014,1.6937560051248344,1.7897570380075998,2.74751926268175,6,13,6,10,2
nsclc,LUSC,PathoTME-Fusion50,mgpath,plip,16,shared_core62_v1,group,6,high/cell_granulocyte,1.2881193456246163,0.8614068051746198,0.15514805156618738,5.2,1.0,5,True,0.13590797070126387,0.9826425485566375,1.2770673370293308,2.506461854567022,1.5385170172688274,4,5,8,3,6
nsclc,LUSC,PathoTME-Fusion50,mgpath,plip,16,shared_core62_v1,group,7,high/cell_endothelial_cell,1.2295776075351623,0.905151768361348,0.21592521939340462,5.2,1.0,5,True,0.22322271878449862,0.6990963526949641,1.100470301635183,2.600455405091644,1.5246432594695227,2,6,9,2,7
nsclc,LUSC,PathoTME-Fusion50,mgpath,plip,16,shared_core62_v1,group,8,low/tls,1.2284520784391264,1.1123772865727999,-0.031825679422492405,8.0,0.8,5,True,0.12457546406569513,0.2115288029158726,1.0912986050421407,2.103589625985928,2.6112678941859953,5,14,10,8,3
nsclc,LUSC,PathoTME-Fusion50,mgpath,plip,16,shared_core62_v1,group,9,high/cell_fibroblast,0.9934889167917949,1.0797957534253566,0.2440807285695552,9.8,0.4,5,True,0.0990440311471584,0.06691365157644975,2.7096326994166975,1.2111740251587768,0.8806801766598924,7,16,2,12,12
nsclc,LUSC,PathoTME-Fusion50,mgpath,plip,16,shared_core62_v1,group,10,high/spatial_macrophages,0.8972074225804075,0.8129005144906594,0.04428319672566445,10.0,0.4,5,True,0.0443250946079101,0.48722896958251866,0.8160919961074982,2.2165063685747888,0.9218846840293224,11,9,12,7,11
nsclc,LUSC,PathoTME-Fusion50,mscpt,clip-rn50,16,shared_core62_v1,feature,1,AVG_MIN_DISTANCE_OF_FIBROBLASTS_AROUND_CARCINOMA_CELL_IN_WHOLE_TUMOR_REGION_40,1.1447116939076487,0.9133830788027738,-0.07662428518132124,4.2,0.8,5,True,0.0735969843481592,0.5691719821304724,2.359810093566417,0.9803861050996423,1.7405933043935522,5,1,1,13,1
nsclc,LUSC,PathoTME-Fusion50,mscpt,clip-rn50,16,shared_core62_v1,feature,2,RELATIVE_AREA_EPITHELIAL_TISSUE,0.6940533283398377,0.7859005138809345,0.1605631167094988,22.4,0.4,5,True,0.02681958082797017,0.15743764894989593,0.23187095419988382,1.7877967510755153,1.266341706645923,30,38,40,1,3
nsclc,LUSC,PathoTME-Fusion50,mscpt,clip-rn50,16,shared_core62_v1,feature,3,RELATIVE_AREA_NECROSIS,0.6911537138251939,0.5456891562076338,0.12886457858682543,23.2,0.4,5,True,0.0006999593719945985,0.20098472448202087,1.1288155568973788,1.005313763044322,1.1199545653302534,61,32,6,11,6
nsclc,LUSC,PathoTME-Fusion50,mscpt,clip-rn50,16,shared_core62_v1,feature,4,RELATIVE_AREA_NECROSIS_IN_TUMOR_CORE,0.66366168859385,0.539907455402396,0.2048555593457558,21.0,0.4,5,True,0.020335385982633583,0.1654517811274358,1.0537283289792332,0.8530994565033306,1.2256934903766172,38,36,7,20,4
nsclc,LUSC,PathoTME-Fusion50,mscpt,clip-rn50,16,shared_core62_v1,feature,5,RATIO_OF_FIBROBLASTS_AROUND_CARCINOMA_CELL_IN_WHOLE_TUMOR_REGION_20,0.6518092462305078,0.45245227243182096,-0.04676578753264212,13.6,0.6,5,True,0.03259841173269708,0.36205753752682157,0.9718400341694556,0.7518090424342545,1.1407412052893109,22,7,9,25,5
nsclc,LUSC,PathoTME-Fusion50,mscpt,clip-rn50,16,shared_core62_v1,feature,6,TLS_MATURE_PRESENT,0.5885545437279688,0.5419886281985077,-0.036483327003994315,18.8,0.4,5,True,0.07102383082389843,0.12961262783843752,0.5049680622278776,0.8659068216230216,1.3712613761266086,7,41,26,18,2
nsclc,LUSC,PathoTME-Fusion50,mscpt,clip-rn50,16,shared_core62_v1,feature,7,RATIO_OF_LYMPHOCYTES_AROUND_CARCINOMA_CELL_IN_WHOLE_TUMOR_REGION_20,0.5773283309713408,0.37880809120443687,0.06049436432153684,17.2,0.2,5,True,0.020114944542518717,0.447395566643333,0.5811031037175651,0.9999477259805702,0.8380803139727167,39,4,18,12,13
nsclc,LUSC,PathoTME-Fusion50,mscpt,clip-rn50,16,shared_core62_v1,feature,8,RATIO_OF_PLASMA_CELLS_AROUND_CARCINOMA_CELL_IN_WHOLE_TUMOR_REGION_20,0.5749183819994046,0.4706624173062117,-0.046086447324801175,18.8,0.2,5,True,0.03798584026988367,0.12249711969367183,0.7041655288146795,0.9479001088852549,1.0620433123335333,18,43,12,14,7
nsclc,LUSC,PathoTME-Fusion50,mscpt,clip-rn50,16,shared_core62_v1,feature,9,RATIO_OF_LYMPHOCYTES_AROUND_CARCINOMA_CELL_IN_WHOLE_TUMOR_REGION_40,0.5709157728680548,0.3920665690010397,0.06362635298960309,15.0,0.4,5,True,0.027425026615106037,0.5407680730693062,0.6244486113362356,1.131345853374344,0.5305912999452821,28,2,15,5,25
nsclc,LUSC,PathoTME-Fusion50,mscpt,clip-rn50,16,shared_core62_v1,feature,10,AVG_MIN_DISTANCE_OF_FIBROBLASTS_AROUND_CARCINOMA_CELL_IN_WHOLE_TUMOR_REGION_20,0.5469752769328361,0.5066195079312091,0.024614570838144043,19.2,0.2,5,True,0.0584430595566043,0.26831900610236964,1.2421532012370504,0.24796178964758503,0.9179993281205707,13,19,4,49,11
nsclc,LUSC,PathoTME-Fusion50,mscpt,clip-rn50,16,shared_core62_v1,group,1,high/spatial_fibroblasts,2.382287680325978,1.752526781446996,-0.07734312097497545,2.8,1.0,5,True,0.16585801188837354,1.2591420761430479,4.076922921518652,2.23350039201566,4.176015000064156,3,3,1,6,1
nsclc,LUSC,PathoTME-Fusion50,mscpt,clip-rn50,16,shared_core62_v1,group,2,high/spatial_lymphocytes,1.5485768458213058,0.9072668736379612,0.1216584591747873,5.8,1.0,5,True,0.05051347327311958,1.3488783025005764,1.980648530183933,2.079472164774366,2.283371758374533,9,2,5,9,4
nsclc,LUSC,PathoTME-Fusion50,mscpt,clip-rn50,16,shared_core62_v1,group,3,high/cell_lymphocyte,1.4748947762914637,1.019157535682679,0.10761812388460976,6.4,0.8,5,True,0.025707907663287476,1.455025440792372,1.6492522782610208,2.8922012873085055,1.3522869674321327,15,1,7,1,8
nsclc,LUSC,PathoTME-Fusion50,mscpt,clip-rn50,16,shared_core62_v1,group,4,low/global_tissue,1.346314861346149,1.0546273418974978,0.2711787774819243,7.2,0.6,5,True,0.04239919239842335,0.4302925233200056,2.235346613492784,2.3535494538268513,1.669986523692681,12,12,3,4,5
nsclc,LUSC,PathoTME-Fusion50,mscpt,clip-rn50,16,shared_core62_v1,group,5,high/spatial_plasma_cells,1.3444604250453511,1.0887949987584677,-0.24681768727586711,7.4,0.8,5,True,0.10744555896397003,0.3838242604486014,1.6937560051248344,1.7897570380075998,2.74751926268175,6,13,6,10,2
nsclc,LUSC,PathoTME-Fusion50,mscpt,clip-rn50,16,shared_core62_v1,group,6,high/cell_granulocyte,1.2881193456246163,0.8614068051746198,0.15514805156618738,5.2,1.0,5,True,0.13590797070126387,0.9826425485566375,1.2770673370293308,2.506461854567022,1.5385170172688274,4,5,8,3,6
nsclc,LUSC,PathoTME-Fusion50,mscpt,clip-rn50,16,shared_core62_v1,group,7,high/cell_endothelial_cell,1.2295776075351623,0.905151768361348,0.21592521939340462,5.2,1.0,5,True,0.22322271878449862,0.6990963526949641,1.100470301635183,2.600455405091644,1.5246432594695227,2,6,9,2,7
nsclc,LUSC,PathoTME-Fusion50,mscpt,clip-rn50,16,shared_core62_v1,group,8,low/tls,1.2284520784391264,1.1123772865727999,-0.031825679422492405,8.0,0.8,5,True,0.12457546406569513,0.2115288029158726,1.0912986050421407,2.103589625985928,2.6112678941859953,5,14,10,8,3
nsclc,LUSC,PathoTME-Fusion50,mscpt,clip-rn50,16,shared_core62_v1,group,9,high/cell_fibroblast,0.9934889167917949,1.0797957534253566,0.2440807285695552,9.8,0.4,5,True,0.0990440311471584,0.06691365157644975,2.7096326994166975,1.2111740251587768,0.8806801766598924,7,16,2,12,12
nsclc,LUSC,PathoTME-Fusion50,mscpt,clip-rn50,16,shared_core62_v1,group,10,high/spatial_macrophages,0.8972074225804075,0.8129005144906594,0.04428319672566445,10.0,0.4,5,True,0.0443250946079101,0.48722896958251866,0.8160919961074982,2.2165063685747888,0.9218846840293224,11,9,12,7,11
nsclc,LUSC,PathoTME-Fusion50,mscpt,plip,16,shared_core62_v1,feature,1,AVG_MIN_DISTANCE_OF_FIBROBLASTS_AROUND_CARCINOMA_CELL_IN_WHOLE_TUMOR_REGION_40,1.1447116939076487,0.9133830788027738,-0.07662428518132124,4.2,0.8,5,True,0.0735969843481592,0.5691719821304724,2.359810093566417,0.9803861050996423,1.7405933043935522,5,1,1,13,1
nsclc,LUSC,PathoTME-Fusion50,mscpt,plip,16,shared_core62_v1,feature,2,RELATIVE_AREA_EPITHELIAL_TISSUE,0.6940533283398377,0.7859005138809345,0.1605631167094988,22.4,0.4,5,True,0.02681958082797017,0.15743764894989593,0.23187095419988382,1.7877967510755153,1.266341706645923,30,38,40,1,3
nsclc,LUSC,PathoTME-Fusion50,mscpt,plip,16,shared_core62_v1,feature,3,RELATIVE_AREA_NECROSIS,0.6911537138251939,0.5456891562076338,0.12886457858682543,23.2,0.4,5,True,0.0006999593719945985,0.20098472448202087,1.1288155568973788,1.005313763044322,1.1199545653302534,61,32,6,11,6
nsclc,LUSC,PathoTME-Fusion50,mscpt,plip,16,shared_core62_v1,feature,4,RELATIVE_AREA_NECROSIS_IN_TUMOR_CORE,0.66366168859385,0.539907455402396,0.2048555593457558,21.0,0.4,5,True,0.020335385982633583,0.1654517811274358,1.0537283289792332,0.8530994565033306,1.2256934903766172,38,36,7,20,4
nsclc,LUSC,PathoTME-Fusion50,mscpt,plip,16,shared_core62_v1,feature,5,RATIO_OF_FIBROBLASTS_AROUND_CARCINOMA_CELL_IN_WHOLE_TUMOR_REGION_20,0.6518092462305078,0.45245227243182096,-0.04676578753264212,13.6,0.6,5,True,0.03259841173269708,0.36205753752682157,0.9718400341694556,0.7518090424342545,1.1407412052893109,22,7,9,25,5
nsclc,LUSC,PathoTME-Fusion50,mscpt,plip,16,shared_core62_v1,feature,6,TLS_MATURE_PRESENT,0.5885545437279688,0.5419886281985077,-0.036483327003994315,18.8,0.4,5,True,0.07102383082389843,0.12961262783843752,0.5049680622278776,0.8659068216230216,1.3712613761266086,7,41,26,18,2
nsclc,LUSC,PathoTME-Fusion50,mscpt,plip,16,shared_core62_v1,feature,7,RATIO_OF_LYMPHOCYTES_AROUND_CARCINOMA_CELL_IN_WHOLE_TUMOR_REGION_20,0.5773283309713408,0.37880809120443687,0.06049436432153684,17.2,0.2,5,True,0.020114944542518717,0.447395566643333,0.5811031037175651,0.9999477259805702,0.8380803139727167,39,4,18,12,13
nsclc,LUSC,PathoTME-Fusion50,mscpt,plip,16,shared_core62_v1,feature,8,RATIO_OF_PLASMA_CELLS_AROUND_CARCINOMA_CELL_IN_WHOLE_TUMOR_REGION_20,0.5749183819994046,0.4706624173062117,-0.046086447324801175,18.8,0.2,5,True,0.03798584026988367,0.12249711969367183,0.7041655288146795,0.9479001088852549,1.0620433123335333,18,43,12,14,7
nsclc,LUSC,PathoTME-Fusion50,mscpt,plip,16,shared_core62_v1,feature,9,RATIO_OF_LYMPHOCYTES_AROUND_CARCINOMA_CELL_IN_WHOLE_TUMOR_REGION_40,0.5709157728680548,0.3920665690010397,0.06362635298960309,15.0,0.4,5,True,0.027425026615106037,0.5407680730693062,0.6244486113362356,1.131345853374344,0.5305912999452821,28,2,15,5,25
nsclc,LUSC,PathoTME-Fusion50,mscpt,plip,16,shared_core62_v1,feature,10,AVG_MIN_DISTANCE_OF_FIBROBLASTS_AROUND_CARCINOMA_CELL_IN_WHOLE_TUMOR_REGION_20,0.5469752769328361,0.5066195079312091,0.024614570838144043,19.2,0.2,5,True,0.0584430595566043,0.26831900610236964,1.2421532012370504,0.24796178964758503,0.9179993281205707,13,19,4,49,11
nsclc,LUSC,PathoTME-Fusion50,mscpt,plip,16,shared_core62_v1,group,1,high/spatial_fibroblasts,2.382287680325978,1.752526781446996,-0.07734312097497545,2.8,1.0,5,True,0.16585801188837354,1.2591420761430479,4.076922921518652,2.23350039201566,4.176015000064156,3,3,1,6,1
nsclc,LUSC,PathoTME-Fusion50,mscpt,plip,16,shared_core62_v1,group,2,high/spatial_lymphocytes,1.5485768458213058,0.9072668736379612,0.1216584591747873,5.8,1.0,5,True,0.05051347327311958,1.3488783025005764,1.980648530183933,2.079472164774366,2.283371758374533,9,2,5,9,4
nsclc,LUSC,PathoTME-Fusion50,mscpt,plip,16,shared_core62_v1,group,3,high/cell_lymphocyte,1.4748947762914637,1.019157535682679,0.10761812388460976,6.4,0.8,5,True,0.025707907663287476,1.455025440792372,1.6492522782610208,2.8922012873085055,1.3522869674321327,15,1,7,1,8
nsclc,LUSC,PathoTME-Fusion50,mscpt,plip,16,shared_core62_v1,group,4,low/global_tissue,1.346314861346149,1.0546273418974978,0.2711787774819243,7.2,0.6,5,True,0.04239919239842335,0.4302925233200056,2.235346613492784,2.3535494538268513,1.669986523692681,12,12,3,4,5
nsclc,LUSC,PathoTME-Fusion50,mscpt,plip,16,shared_core62_v1,group,5,high/spatial_plasma_cells,1.3444604250453511,1.0887949987584677,-0.24681768727586711,7.4,0.8,5,True,0.10744555896397003,0.3838242604486014,1.6937560051248344,1.7897570380075998,2.74751926268175,6,13,6,10,2
nsclc,LUSC,PathoTME-Fusion50,mscpt,plip,16,shared_core62_v1,group,6,high/cell_granulocyte,1.2881193456246163,0.8614068051746198,0.15514805156618738,5.2,1.0,5,True,0.13590797070126387,0.9826425485566375,1.2770673370293308,2.506461854567022,1.5385170172688274,4,5,8,3,6
nsclc,LUSC,PathoTME-Fusion50,mscpt,plip,16,shared_core62_v1,group,7,high/cell_endothelial_cell,1.2295776075351623,0.905151768361348,0.21592521939340462,5.2,1.0,5,True,0.22322271878449862,0.6990963526949641,1.100470301635183,2.600455405091644,1.5246432594695227,2,6,9,2,7
nsclc,LUSC,PathoTME-Fusion50,mscpt,plip,16,shared_core62_v1,group,8,low/tls,1.2284520784391264,1.1123772865727999,-0.031825679422492405,8.0,0.8,5,True,0.12457546406569513,0.2115288029158726,1.0912986050421407,2.103589625985928,2.6112678941859953,5,14,10,8,3
nsclc,LUSC,PathoTME-Fusion50,mscpt,plip,16,shared_core62_v1,group,9,high/cell_fibroblast,0.9934889167917949,1.0797957534253566,0.2440807285695552,9.8,0.4,5,True,0.0990440311471584,0.06691365157644975,2.7096326994166975,1.2111740251587768,0.8806801766598924,7,16,2,12,12
nsclc,LUSC,PathoTME-Fusion50,mscpt,plip,16,shared_core62_v1,group,10,high/spatial_macrophages,0.8972074225804075,0.8129005144906594,0.04428319672566445,10.0,0.4,5,True,0.0443250946079101,0.48722896958251866,0.8160919961074982,2.2165063685747888,0.9218846840293224,11,9,12,7,11
nsclc,LUSC,PathoTME-Fusion50,muse,clip-rn50,16,shared_core62_v1,feature,1,AVG_MIN_DISTANCE_OF_FIBROBLASTS_AROUND_CARCINOMA_CELL_IN_WHOLE_TUMOR_REGION_40,1.1447116939076487,0.9133830788027738,-0.07662428518132124,4.2,0.8,5,True,0.0735969843481592,0.5691719821304724,2.359810093566417,0.9803861050996423,1.7405933043935522,5,1,1,13,1
nsclc,LUSC,PathoTME-Fusion50,muse,clip-rn50,16,shared_core62_v1,feature,2,RELATIVE_AREA_EPITHELIAL_TISSUE,0.6940533283398377,0.7859005138809345,0.1605631167094988,22.4,0.4,5,True,0.02681958082797017,0.15743764894989593,0.23187095419988382,1.7877967510755153,1.266341706645923,30,38,40,1,3
nsclc,LUSC,PathoTME-Fusion50,muse,clip-rn50,16,shared_core62_v1,feature,3,RELATIVE_AREA_NECROSIS,0.6911537138251939,0.5456891562076338,0.12886457858682543,23.2,0.4,5,True,0.0006999593719945985,0.20098472448202087,1.1288155568973788,1.005313763044322,1.1199545653302534,61,32,6,11,6
nsclc,LUSC,PathoTME-Fusion50,muse,clip-rn50,16,shared_core62_v1,feature,4,RELATIVE_AREA_NECROSIS_IN_TUMOR_CORE,0.66366168859385,0.539907455402396,0.2048555593457558,21.0,0.4,5,True,0.020335385982633583,0.1654517811274358,1.0537283289792332,0.8530994565033306,1.2256934903766172,38,36,7,20,4
nsclc,LUSC,PathoTME-Fusion50,muse,clip-rn50,16,shared_core62_v1,feature,5,RATIO_OF_FIBROBLASTS_AROUND_CARCINOMA_CELL_IN_WHOLE_TUMOR_REGION_20,0.6518092462305078,0.45245227243182096,-0.04676578753264212,13.6,0.6,5,True,0.03259841173269708,0.36205753752682157,0.9718400341694556,0.7518090424342545,1.1407412052893109,22,7,9,25,5
nsclc,LUSC,PathoTME-Fusion50,muse,clip-rn50,16,shared_core62_v1,feature,6,TLS_MATURE_PRESENT,0.5885545437279688,0.5419886281985077,-0.036483327003994315,18.8,0.4,5,True,0.07102383082389843,0.12961262783843752,0.5049680622278776,0.8659068216230216,1.3712613761266086,7,41,26,18,2
nsclc,LUSC,PathoTME-Fusion50,muse,clip-rn50,16,shared_core62_v1,feature,7,RATIO_OF_LYMPHOCYTES_AROUND_CARCINOMA_CELL_IN_WHOLE_TUMOR_REGION_20,0.5773283309713408,0.37880809120443687,0.06049436432153684,17.2,0.2,5,True,0.020114944542518717,0.447395566643333,0.5811031037175651,0.9999477259805702,0.8380803139727167,39,4,18,12,13
nsclc,LUSC,PathoTME-Fusion50,muse,clip-rn50,16,shared_core62_v1,feature,8,RATIO_OF_PLASMA_CELLS_AROUND_CARCINOMA_CELL_IN_WHOLE_TUMOR_REGION_20,0.5749183819994046,0.4706624173062117,-0.046086447324801175,18.8,0.2,5,True,0.03798584026988367,0.12249711969367183,0.7041655288146795,0.9479001088852549,1.0620433123335333,18,43,12,14,7
nsclc,LUSC,PathoTME-Fusion50,muse,clip-rn50,16,shared_core62_v1,feature,9,RATIO_OF_LYMPHOCYTES_AROUND_CARCINOMA_CELL_IN_WHOLE_TUMOR_REGION_40,0.5709157728680548,0.3920665690010397,0.06362635298960309,15.0,0.4,5,True,0.027425026615106037,0.5407680730693062,0.6244486113362356,1.131345853374344,0.5305912999452821,28,2,15,5,25
nsclc,LUSC,PathoTME-Fusion50,muse,clip-rn50,16,shared_core62_v1,feature,10,AVG_MIN_DISTANCE_OF_FIBROBLASTS_AROUND_CARCINOMA_CELL_IN_WHOLE_TUMOR_REGION_20,0.5469752769328361,0.5066195079312091,0.024614570838144043,19.2,0.2,5,True,0.0584430595566043,0.26831900610236964,1.2421532012370504,0.24796178964758503,0.9179993281205707,13,19,4,49,11
nsclc,LUSC,PathoTME-Fusion50,muse,clip-rn50,16,shared_core62_v1,group,1,high/spatial_fibroblasts,2.382287680325978,1.752526781446996,-0.07734312097497545,2.8,1.0,5,True,0.16585801188837354,1.2591420761430479,4.076922921518652,2.23350039201566,4.176015000064156,3,3,1,6,1
nsclc,LUSC,PathoTME-Fusion50,muse,clip-rn50,16,shared_core62_v1,group,2,high/spatial_lymphocytes,1.5485768458213058,0.9072668736379612,0.1216584591747873,5.8,1.0,5,True,0.05051347327311958,1.3488783025005764,1.980648530183933,2.079472164774366,2.283371758374533,9,2,5,9,4
nsclc,LUSC,PathoTME-Fusion50,muse,clip-rn50,16,shared_core62_v1,group,3,high/cell_lymphocyte,1.4748947762914637,1.019157535682679,0.10761812388460976,6.4,0.8,5,True,0.025707907663287476,1.455025440792372,1.6492522782610208,2.8922012873085055,1.3522869674321327,15,1,7,1,8
nsclc,LUSC,PathoTME-Fusion50,muse,clip-rn50,16,shared_core62_v1,group,4,low/global_tissue,1.346314861346149,1.0546273418974978,0.2711787774819243,7.2,0.6,5,True,0.04239919239842335,0.4302925233200056,2.235346613492784,2.3535494538268513,1.669986523692681,12,12,3,4,5
nsclc,LUSC,PathoTME-Fusion50,muse,clip-rn50,16,shared_core62_v1,group,5,high/spatial_plasma_cells,1.3444604250453511,1.0887949987584677,-0.24681768727586711,7.4,0.8,5,True,0.10744555896397003,0.3838242604486014,1.6937560051248344,1.7897570380075998,2.74751926268175,6,13,6,10,2
nsclc,LUSC,PathoTME-Fusion50,muse,clip-rn50,16,shared_core62_v1,group,6,high/cell_granulocyte,1.2881193456246163,0.8614068051746198,0.15514805156618738,5.2,1.0,5,True,0.13590797070126387,0.9826425485566375,1.2770673370293308,2.506461854567022,1.5385170172688274,4,5,8,3,6
nsclc,LUSC,PathoTME-Fusion50,muse,clip-rn50,16,shared_core62_v1,group,7,high/cell_endothelial_cell,1.2295776075351623,0.905151768361348,0.21592521939340462,5.2,1.0,5,True,0.22322271878449862,0.6990963526949641,1.100470301635183,2.600455405091644,1.5246432594695227,2,6,9,2,7
nsclc,LUSC,PathoTME-Fusion50,muse,clip-rn50,16,shared_core62_v1,group,8,low/tls,1.2284520784391264,1.1123772865727999,-0.031825679422492405,8.0,0.8,5,True,0.12457546406569513,0.2115288029158726,1.0912986050421407,2.103589625985928,2.6112678941859953,5,14,10,8,3
nsclc,LUSC,PathoTME-Fusion50,muse,clip-rn50,16,shared_core62_v1,group,9,high/cell_fibroblast,0.9934889167917949,1.0797957534253566,0.2440807285695552,9.8,0.4,5,True,0.0990440311471584,0.06691365157644975,2.7096326994166975,1.2111740251587768,0.8806801766598924,7,16,2,12,12
nsclc,LUSC,PathoTME-Fusion50,muse,clip-rn50,16,shared_core62_v1,group,10,high/spatial_macrophages,0.8972074225804075,0.8129005144906594,0.04428319672566445,10.0,0.4,5,True,0.0443250946079101,0.48722896958251866,0.8160919961074982,2.2165063685747888,0.9218846840293224,11,9,12,7,11
nsclc,LUSC,PathoTME-Fusion50,muse,plip,16,shared_core62_v1,feature,1,AVG_MIN_DISTANCE_OF_FIBROBLASTS_AROUND_CARCINOMA_CELL_IN_WHOLE_TUMOR_REGION_40,1.1447116939076487,0.9133830788027738,-0.07662428518132124,4.2,0.8,5,True,0.0735969843481592,0.5691719821304724,2.359810093566417,0.9803861050996423,1.7405933043935522,5,1,1,13,1
nsclc,LUSC,PathoTME-Fusion50,muse,plip,16,shared_core62_v1,feature,2,RELATIVE_AREA_EPITHELIAL_TISSUE,0.6940533283398377,0.7859005138809345,0.1605631167094988,22.4,0.4,5,True,0.02681958082797017,0.15743764894989593,0.23187095419988382,1.7877967510755153,1.266341706645923,30,38,40,1,3
nsclc,LUSC,PathoTME-Fusion50,muse,plip,16,shared_core62_v1,feature,3,RELATIVE_AREA_NECROSIS,0.6911537138251939,0.5456891562076338,0.12886457858682543,23.2,0.4,5,True,0.0006999593719945985,0.20098472448202087,1.1288155568973788,1.005313763044322,1.1199545653302534,61,32,6,11,6
nsclc,LUSC,PathoTME-Fusion50,muse,plip,16,shared_core62_v1,feature,4,RELATIVE_AREA_NECROSIS_IN_TUMOR_CORE,0.66366168859385,0.539907455402396,0.2048555593457558,21.0,0.4,5,True,0.020335385982633583,0.1654517811274358,1.0537283289792332,0.8530994565033306,1.2256934903766172,38,36,7,20,4
nsclc,LUSC,PathoTME-Fusion50,muse,plip,16,shared_core62_v1,feature,5,RATIO_OF_FIBROBLASTS_AROUND_CARCINOMA_CELL_IN_WHOLE_TUMOR_REGION_20,0.6518092462305078,0.45245227243182096,-0.04676578753264212,13.6,0.6,5,True,0.03259841173269708,0.36205753752682157,0.9718400341694556,0.7518090424342545,1.1407412052893109,22,7,9,25,5
nsclc,LUSC,PathoTME-Fusion50,muse,plip,16,shared_core62_v1,feature,6,TLS_MATURE_PRESENT,0.5885545437279688,0.5419886281985077,-0.036483327003994315,18.8,0.4,5,True,0.07102383082389843,0.12961262783843752,0.5049680622278776,0.8659068216230216,1.3712613761266086,7,41,26,18,2
nsclc,LUSC,PathoTME-Fusion50,muse,plip,16,shared_core62_v1,feature,7,RATIO_OF_LYMPHOCYTES_AROUND_CARCINOMA_CELL_IN_WHOLE_TUMOR_REGION_20,0.5773283309713408,0.37880809120443687,0.06049436432153684,17.2,0.2,5,True,0.020114944542518717,0.447395566643333,0.5811031037175651,0.9999477259805702,0.8380803139727167,39,4,18,12,13
nsclc,LUSC,PathoTME-Fusion50,muse,plip,16,shared_core62_v1,feature,8,RATIO_OF_PLASMA_CELLS_AROUND_CARCINOMA_CELL_IN_WHOLE_TUMOR_REGION_20,0.5749183819994046,0.4706624173062117,-0.046086447324801175,18.8,0.2,5,True,0.03798584026988367,0.12249711969367183,0.7041655288146795,0.9479001088852549,1.0620433123335333,18,43,12,14,7
nsclc,LUSC,PathoTME-Fusion50,muse,plip,16,shared_core62_v1,feature,9,RATIO_OF_LYMPHOCYTES_AROUND_CARCINOMA_CELL_IN_WHOLE_TUMOR_REGION_40,0.5709157728680548,0.3920665690010397,0.06362635298960309,15.0,0.4,5,True,0.027425026615106037,0.5407680730693062,0.6244486113362356,1.131345853374344,0.5305912999452821,28,2,15,5,25
nsclc,LUSC,PathoTME-Fusion50,muse,plip,16,shared_core62_v1,feature,10,AVG_MIN_DISTANCE_OF_FIBROBLASTS_AROUND_CARCINOMA_CELL_IN_WHOLE_TUMOR_REGION_20,0.5469752769328361,0.5066195079312091,0.024614570838144043,19.2,0.2,5,True,0.0584430595566043,0.26831900610236964,1.2421532012370504,0.24796178964758503,0.9179993281205707,13,19,4,49,11
nsclc,LUSC,PathoTME-Fusion50,muse,plip,16,shared_core62_v1,group,1,high/spatial_fibroblasts,2.382287680325978,1.752526781446996,-0.07734312097497545,2.8,1.0,5,True,0.16585801188837354,1.2591420761430479,4.076922921518652,2.23350039201566,4.176015000064156,3,3,1,6,1
nsclc,LUSC,PathoTME-Fusion50,muse,plip,16,shared_core62_v1,group,2,high/spatial_lymphocytes,1.5485768458213058,0.9072668736379612,0.1216584591747873,5.8,1.0,5,True,0.05051347327311958,1.3488783025005764,1.980648530183933,2.079472164774366,2.283371758374533,9,2,5,9,4
nsclc,LUSC,PathoTME-Fusion50,muse,plip,16,shared_core62_v1,group,3,high/cell_lymphocyte,1.4748947762914637,1.019157535682679,0.10761812388460976,6.4,0.8,5,True,0.025707907663287476,1.455025440792372,1.6492522782610208,2.8922012873085055,1.3522869674321327,15,1,7,1,8
nsclc,LUSC,PathoTME-Fusion50,muse,plip,16,shared_core62_v1,group,4,low/global_tissue,1.346314861346149,1.0546273418974978,0.2711787774819243,7.2,0.6,5,True,0.04239919239842335,0.4302925233200056,2.235346613492784,2.3535494538268513,1.669986523692681,12,12,3,4,5
nsclc,LUSC,PathoTME-Fusion50,muse,plip,16,shared_core62_v1,group,5,high/spatial_plasma_cells,1.3444604250453511,1.0887949987584677,-0.24681768727586711,7.4,0.8,5,True,0.10744555896397003,0.3838242604486014,1.6937560051248344,1.7897570380075998,2.74751926268175,6,13,6,10,2
nsclc,LUSC,PathoTME-Fusion50,muse,plip,16,shared_core62_v1,group,6,high/cell_granulocyte,1.2881193456246163,0.8614068051746198,0.15514805156618738,5.2,1.0,5,True,0.13590797070126387,0.9826425485566375,1.2770673370293308,2.506461854567022,1.5385170172688274,4,5,8,3,6
nsclc,LUSC,PathoTME-Fusion50,muse,plip,16,shared_core62_v1,group,7,high/cell_endothelial_cell,1.2295776075351623,0.905151768361348,0.21592521939340462,5.2,1.0,5,True,0.22322271878449862,0.6990963526949641,1.100470301635183,2.600455405091644,1.5246432594695227,2,6,9,2,7
nsclc,LUSC,PathoTME-Fusion50,muse,plip,16,shared_core62_v1,group,8,low/tls,1.2284520784391264,1.1123772865727999,-0.031825679422492405,8.0,0.8,5,True,0.12457546406569513,0.2115288029158726,1.0912986050421407,2.103589625985928,2.6112678941859953,5,14,10,8,3
nsclc,LUSC,PathoTME-Fusion50,muse,plip,16,shared_core62_v1,group,9,high/cell_fibroblast,0.9934889167917949,1.0797957534253566,0.2440807285695552,9.8,0.4,5,True,0.0990440311471584,0.06691365157644975,2.7096326994166975,1.2111740251587768,0.8806801766598924,7,16,2,12,12
nsclc,LUSC,PathoTME-Fusion50,muse,plip,16,shared_core62_v1,group,10,high/spatial_macrophages,0.8972074225804075,0.8129005144906594,0.04428319672566445,10.0,0.4,5,True,0.0443250946079101,0.48722896958251866,0.8160919961074982,2.2165063685747888,0.9218846840293224,11,9,12,7,11
nsclc,LUSC,PathoTME-Fusion50,vila_mil,clip-rn50,16,shared_core62_v1,feature,1,AVG_MIN_DISTANCE_OF_FIBROBLASTS_AROUND_CARCINOMA_CELL_IN_WHOLE_TUMOR_REGION_40,1.1447116939076487,0.9133830788027738,-0.07662428518132124,4.2,0.8,5,True,0.0735969843481592,0.5691719821304724,2.359810093566417,0.9803861050996423,1.7405933043935522,5,1,1,13,1
nsclc,LUSC,PathoTME-Fusion50,vila_mil,clip-rn50,16,shared_core62_v1,feature,2,RELATIVE_AREA_EPITHELIAL_TISSUE,0.6940533283398377,0.7859005138809345,0.1605631167094988,22.4,0.4,5,True,0.02681958082797017,0.15743764894989593,0.23187095419988382,1.7877967510755153,1.266341706645923,30,38,40,1,3
nsclc,LUSC,PathoTME-Fusion50,vila_mil,clip-rn50,16,shared_core62_v1,feature,3,RELATIVE_AREA_NECROSIS,0.6911537138251939,0.5456891562076338,0.12886457858682543,23.2,0.4,5,True,0.0006999593719945985,0.20098472448202087,1.1288155568973788,1.005313763044322,1.1199545653302534,61,32,6,11,6
nsclc,LUSC,PathoTME-Fusion50,vila_mil,clip-rn50,16,shared_core62_v1,feature,4,RELATIVE_AREA_NECROSIS_IN_TUMOR_CORE,0.66366168859385,0.539907455402396,0.2048555593457558,21.0,0.4,5,True,0.020335385982633583,0.1654517811274358,1.0537283289792332,0.8530994565033306,1.2256934903766172,38,36,7,20,4
nsclc,LUSC,PathoTME-Fusion50,vila_mil,clip-rn50,16,shared_core62_v1,feature,5,RATIO_OF_FIBROBLASTS_AROUND_CARCINOMA_CELL_IN_WHOLE_TUMOR_REGION_20,0.6518092462305078,0.45245227243182096,-0.04676578753264212,13.6,0.6,5,True,0.03259841173269708,0.36205753752682157,0.9718400341694556,0.7518090424342545,1.1407412052893109,22,7,9,25,5
nsclc,LUSC,PathoTME-Fusion50,vila_mil,clip-rn50,16,shared_core62_v1,feature,6,TLS_MATURE_PRESENT,0.5885545437279688,0.5419886281985077,-0.036483327003994315,18.8,0.4,5,True,0.07102383082389843,0.12961262783843752,0.5049680622278776,0.8659068216230216,1.3712613761266086,7,41,26,18,2
nsclc,LUSC,PathoTME-Fusion50,vila_mil,clip-rn50,16,shared_core62_v1,feature,7,RATIO_OF_LYMPHOCYTES_AROUND_CARCINOMA_CELL_IN_WHOLE_TUMOR_REGION_20,0.5773283309713408,0.37880809120443687,0.06049436432153684,17.2,0.2,5,True,0.020114944542518717,0.447395566643333,0.5811031037175651,0.9999477259805702,0.8380803139727167,39,4,18,12,13
nsclc,LUSC,PathoTME-Fusion50,vila_mil,clip-rn50,16,shared_core62_v1,feature,8,RATIO_OF_PLASMA_CELLS_AROUND_CARCINOMA_CELL_IN_WHOLE_TUMOR_REGION_20,0.5749183819994046,0.4706624173062117,-0.046086447324801175,18.8,0.2,5,True,0.03798584026988367,0.12249711969367183,0.7041655288146795,0.9479001088852549,1.0620433123335333,18,43,12,14,7
nsclc,LUSC,PathoTME-Fusion50,vila_mil,clip-rn50,16,shared_core62_v1,feature,9,RATIO_OF_LYMPHOCYTES_AROUND_CARCINOMA_CELL_IN_WHOLE_TUMOR_REGION_40,0.5709157728680548,0.3920665690010397,0.06362635298960309,15.0,0.4,5,True,0.027425026615106037,0.5407680730693062,0.6244486113362356,1.131345853374344,0.5305912999452821,28,2,15,5,25
nsclc,LUSC,PathoTME-Fusion50,vila_mil,clip-rn50,16,shared_core62_v1,feature,10,AVG_MIN_DISTANCE_OF_FIBROBLASTS_AROUND_CARCINOMA_CELL_IN_WHOLE_TUMOR_REGION_20,0.5469752769328361,0.5066195079312091,0.024614570838144043,19.2,0.2,5,True,0.0584430595566043,0.26831900610236964,1.2421532012370504,0.24796178964758503,0.9179993281205707,13,19,4,49,11
nsclc,LUSC,PathoTME-Fusion50,vila_mil,clip-rn50,16,shared_core62_v1,group,1,high/spatial_fibroblasts,2.382287680325978,1.752526781446996,-0.07734312097497545,2.8,1.0,5,True,0.16585801188837354,1.2591420761430479,4.076922921518652,2.23350039201566,4.176015000064156,3,3,1,6,1
nsclc,LUSC,PathoTME-Fusion50,vila_mil,clip-rn50,16,shared_core62_v1,group,2,high/spatial_lymphocytes,1.5485768458213058,0.9072668736379612,0.1216584591747873,5.8,1.0,5,True,0.05051347327311958,1.3488783025005764,1.980648530183933,2.079472164774366,2.283371758374533,9,2,5,9,4
nsclc,LUSC,PathoTME-Fusion50,vila_mil,clip-rn50,16,shared_core62_v1,group,3,high/cell_lymphocyte,1.4748947762914637,1.019157535682679,0.10761812388460976,6.4,0.8,5,True,0.025707907663287476,1.455025440792372,1.6492522782610208,2.8922012873085055,1.3522869674321327,15,1,7,1,8
nsclc,LUSC,PathoTME-Fusion50,vila_mil,clip-rn50,16,shared_core62_v1,group,4,low/global_tissue,1.346314861346149,1.0546273418974978,0.2711787774819243,7.2,0.6,5,True,0.04239919239842335,0.4302925233200056,2.235346613492784,2.3535494538268513,1.669986523692681,12,12,3,4,5
nsclc,LUSC,PathoTME-Fusion50,vila_mil,clip-rn50,16,shared_core62_v1,group,5,high/spatial_plasma_cells,1.3444604250453511,1.0887949987584677,-0.24681768727586711,7.4,0.8,5,True,0.10744555896397003,0.3838242604486014,1.6937560051248344,1.7897570380075998,2.74751926268175,6,13,6,10,2
nsclc,LUSC,PathoTME-Fusion50,vila_mil,clip-rn50,16,shared_core62_v1,group,6,high/cell_granulocyte,1.2881193456246163,0.8614068051746198,0.15514805156618738,5.2,1.0,5,True,0.13590797070126387,0.9826425485566375,1.2770673370293308,2.506461854567022,1.5385170172688274,4,5,8,3,6
nsclc,LUSC,PathoTME-Fusion50,vila_mil,clip-rn50,16,shared_core62_v1,group,7,high/cell_endothelial_cell,1.2295776075351623,0.905151768361348,0.21592521939340462,5.2,1.0,5,True,0.22322271878449862,0.6990963526949641,1.100470301635183,2.600455405091644,1.5246432594695227,2,6,9,2,7
nsclc,LUSC,PathoTME-Fusion50,vila_mil,clip-rn50,16,shared_core62_v1,group,8,low/tls,1.2284520784391264,1.1123772865727999,-0.031825679422492405,8.0,0.8,5,True,0.12457546406569513,0.2115288029158726,1.0912986050421407,2.103589625985928,2.6112678941859953,5,14,10,8,3
nsclc,LUSC,PathoTME-Fusion50,vila_mil,clip-rn50,16,shared_core62_v1,group,9,high/cell_fibroblast,0.9934889167917949,1.0797957534253566,0.2440807285695552,9.8,0.4,5,True,0.0990440311471584,0.06691365157644975,2.7096326994166975,1.2111740251587768,0.8806801766598924,7,16,2,12,12
nsclc,LUSC,PathoTME-Fusion50,vila_mil,clip-rn50,16,shared_core62_v1,group,10,high/spatial_macrophages,0.8972074225804075,0.8129005144906594,0.04428319672566445,10.0,0.4,5,True,0.0443250946079101,0.48722896958251866,0.8160919961074982,2.2165063685747888,0.9218846840293224,11,9,12,7,11
nsclc,LUSC,PathoTME-Fusion50,vila_mil,plip,16,shared_core62_v1,feature,1,AVG_MIN_DISTANCE_OF_FIBROBLASTS_AROUND_CARCINOMA_CELL_IN_WHOLE_TUMOR_REGION_40,1.1447116939076487,0.9133830788027738,-0.07662428518132124,4.2,0.8,5,True,0.0735969843481592,0.5691719821304724,2.359810093566417,0.9803861050996423,1.7405933043935522,5,1,1,13,1
nsclc,LUSC,PathoTME-Fusion50,vila_mil,plip,16,shared_core62_v1,feature,2,RELATIVE_AREA_EPITHELIAL_TISSUE,0.6940533283398377,0.7859005138809345,0.1605631167094988,22.4,0.4,5,True,0.02681958082797017,0.15743764894989593,0.23187095419988382,1.7877967510755153,1.266341706645923,30,38,40,1,3
nsclc,LUSC,PathoTME-Fusion50,vila_mil,plip,16,shared_core62_v1,feature,3,RELATIVE_AREA_NECROSIS,0.6911537138251939,0.5456891562076338,0.12886457858682543,23.2,0.4,5,True,0.0006999593719945985,0.20098472448202087,1.1288155568973788,1.005313763044322,1.1199545653302534,61,32,6,11,6
nsclc,LUSC,PathoTME-Fusion50,vila_mil,plip,16,shared_core62_v1,feature,4,RELATIVE_AREA_NECROSIS_IN_TUMOR_CORE,0.66366168859385,0.539907455402396,0.2048555593457558,21.0,0.4,5,True,0.020335385982633583,0.1654517811274358,1.0537283289792332,0.8530994565033306,1.2256934903766172,38,36,7,20,4
nsclc,LUSC,PathoTME-Fusion50,vila_mil,plip,16,shared_core62_v1,feature,5,RATIO_OF_FIBROBLASTS_AROUND_CARCINOMA_CELL_IN_WHOLE_TUMOR_REGION_20,0.6518092462305078,0.45245227243182096,-0.04676578753264212,13.6,0.6,5,True,0.03259841173269708,0.36205753752682157,0.9718400341694556,0.7518090424342545,1.1407412052893109,22,7,9,25,5
nsclc,LUSC,PathoTME-Fusion50,vila_mil,plip,16,shared_core62_v1,feature,6,TLS_MATURE_PRESENT,0.5885545437279688,0.5419886281985077,-0.036483327003994315,18.8,0.4,5,True,0.07102383082389843,0.12961262783843752,0.5049680622278776,0.8659068216230216,1.3712613761266086,7,41,26,18,2
nsclc,LUSC,PathoTME-Fusion50,vila_mil,plip,16,shared_core62_v1,feature,7,RATIO_OF_LYMPHOCYTES_AROUND_CARCINOMA_CELL_IN_WHOLE_TUMOR_REGION_20,0.5773283309713408,0.37880809120443687,0.06049436432153684,17.2,0.2,5,True,0.020114944542518717,0.447395566643333,0.5811031037175651,0.9999477259805702,0.8380803139727167,39,4,18,12,13
nsclc,LUSC,PathoTME-Fusion50,vila_mil,plip,16,shared_core62_v1,feature,8,RATIO_OF_PLASMA_CELLS_AROUND_CARCINOMA_CELL_IN_WHOLE_TUMOR_REGION_20,0.5749183819994046,0.4706624173062117,-0.046086447324801175,18.8,0.2,5,True,0.03798584026988367,0.12249711969367183,0.7041655288146795,0.9479001088852549,1.0620433123335333,18,43,12,14,7
nsclc,LUSC,PathoTME-Fusion50,vila_mil,plip,16,shared_core62_v1,feature,9,RATIO_OF_LYMPHOCYTES_AROUND_CARCINOMA_CELL_IN_WHOLE_TUMOR_REGION_40,0.5709157728680548,0.3920665690010397,0.06362635298960309,15.0,0.4,5,True,0.027425026615106037,0.5407680730693062,0.6244486113362356,1.131345853374344,0.5305912999452821,28,2,15,5,25
nsclc,LUSC,PathoTME-Fusion50,vila_mil,plip,16,shared_core62_v1,feature,10,AVG_MIN_DISTANCE_OF_FIBROBLASTS_AROUND_CARCINOMA_CELL_IN_WHOLE_TUMOR_REGION_20,0.5469752769328361,0.5066195079312091,0.024614570838144043,19.2,0.2,5,True,0.0584430595566043,0.26831900610236964,1.2421532012370504,0.24796178964758503,0.9179993281205707,13,19,4,49,11
nsclc,LUSC,PathoTME-Fusion50,vila_mil,plip,16,shared_core62_v1,group,1,high/spatial_fibroblasts,2.382287680325978,1.752526781446996,-0.07734312097497545,2.8,1.0,5,True,0.16585801188837354,1.2591420761430479,4.076922921518652,2.23350039201566,4.176015000064156,3,3,1,6,1
nsclc,LUSC,PathoTME-Fusion50,vila_mil,plip,16,shared_core62_v1,group,2,high/spatial_lymphocytes,1.5485768458213058,0.9072668736379612,0.1216584591747873,5.8,1.0,5,True,0.05051347327311958,1.3488783025005764,1.980648530183933,2.079472164774366,2.283371758374533,9,2,5,9,4
nsclc,LUSC,PathoTME-Fusion50,vila_mil,plip,16,shared_core62_v1,group,3,high/cell_lymphocyte,1.4748947762914637,1.019157535682679,0.10761812388460976,6.4,0.8,5,True,0.025707907663287476,1.455025440792372,1.6492522782610208,2.8922012873085055,1.3522869674321327,15,1,7,1,8
nsclc,LUSC,PathoTME-Fusion50,vila_mil,plip,16,shared_core62_v1,group,4,low/global_tissue,1.346314861346149,1.0546273418974978,0.2711787774819243,7.2,0.6,5,True,0.04239919239842335,0.4302925233200056,2.235346613492784,2.3535494538268513,1.669986523692681,12,12,3,4,5
nsclc,LUSC,PathoTME-Fusion50,vila_mil,plip,16,shared_core62_v1,group,5,high/spatial_plasma_cells,1.3444604250453511,1.0887949987584677,-0.24681768727586711,7.4,0.8,5,True,0.10744555896397003,0.3838242604486014,1.6937560051248344,1.7897570380075998,2.74751926268175,6,13,6,10,2
nsclc,LUSC,PathoTME-Fusion50,vila_mil,plip,16,shared_core62_v1,group,6,high/cell_granulocyte,1.2881193456246163,0.8614068051746198,0.15514805156618738,5.2,1.0,5,True,0.13590797070126387,0.9826425485566375,1.2770673370293308,2.506461854567022,1.5385170172688274,4,5,8,3,6
nsclc,LUSC,PathoTME-Fusion50,vila_mil,plip,16,shared_core62_v1,group,7,high/cell_endothelial_cell,1.2295776075351623,0.905151768361348,0.21592521939340462,5.2,1.0,5,True,0.22322271878449862,0.6990963526949641,1.100470301635183,2.600455405091644,1.5246432594695227,2,6,9,2,7
nsclc,LUSC,PathoTME-Fusion50,vila_mil,plip,16,shared_core62_v1,group,8,low/tls,1.2284520784391264,1.1123772865727999,-0.031825679422492405,8.0,0.8,5,True,0.12457546406569513,0.2115288029158726,1.0912986050421407,2.103589625985928,2.6112678941859953,5,14,10,8,3
nsclc,LUSC,PathoTME-Fusion50,vila_mil,plip,16,shared_core62_v1,group,9,high/cell_fibroblast,0.9934889167917949,1.0797957534253566,0.2440807285695552,9.8,0.4,5,True,0.0990440311471584,0.06691365157644975,2.7096326994166975,1.2111740251587768,0.8806801766598924,7,16,2,12,12
nsclc,LUSC,PathoTME-Fusion50,vila_mil,plip,16,shared_core62_v1,group,10,high/spatial_macrophages,0.8972074225804075,0.8129005144906594,0.04428319672566445,10.0,0.4,5,True,0.0443250946079101,0.48722896958251866,0.8160919961074982,2.2165063685747888,0.9218846840293224,11,9,12,7,11
nsclc,LUSC,PathoTME-FusionVal,dyko,clip-rn50,16,shared_core62_v1,feature,1,AVG_MIN_DISTANCE_OF_FIBROBLASTS_AROUND_CARCINOMA_CELL_IN_WHOLE_TUMOR_REGION_40,1.8101016706671977,1.2705968474137832,-0.03952001253848627,4.2,0.8,5,True,0.11039547652223877,1.1383439642609448,2.359810093566417,1.9607722101992846,3.4811866087871044,5,1,1,13,1
nsclc,LUSC,PathoTME-FusionVal,dyko,clip-rn50,16,shared_core62_v1,feature,2,RELATIVE_AREA_EPITHELIAL_TISSUE,1.3390505077569013,1.611567703193679,0.3400306208817282,22.4,0.4,5,True,0.040229371241955254,0.31487529789979185,0.23187095419988382,3.5755935021510306,2.532683413291846,30,38,40,1,3
nsclc,LUSC,PathoTME-FusionVal,dyko,clip-rn50,16,shared_core62_v1,feature,3,RELATIVE_AREA_NECROSIS,1.1564743203337127,0.9757633929507521,0.1598827340220414,23.2,0.4,5,True,0.001049939057991898,0.40196944896404174,1.1288155568973788,2.010627526088644,2.239909130660507,61,32,6,11,6
nsclc,LUSC,PathoTME-FusionVal,dyko,clip-rn50,16,shared_core62_v1,feature,4,RELATIVE_AREA_NECROSIS_IN_TUMOR_CORE,1.11454417279359,0.9912290718148923,0.3540894954315284,21.0,0.4,5,True,0.03050307897395037,0.3309035622548716,1.0537283289792332,1.7061989130066613,2.4513869807532345,38,36,7,20,4
nsclc,LUSC,PathoTME-FusionVal,dyko,clip-rn50,16,shared_core62_v1,feature,5,RATIO_OF_FIBROBLASTS_AROUND_CARCINOMA_CELL_IN_WHOLE_TUMOR_REGION_20,1.1059906444538552,0.8398153781884605,-0.0028046988092585877,13.6,0.6,5,True,0.048897617599045616,0.7241150750536431,0.9718400341694556,1.503618084868509,2.2814824105786218,22,7,9,25,5
nsclc,LUSC,PathoTME-FusionVal,dyko,clip-rn50,16,shared_core62_v1,feature,6,TLS_MATURE_PRESENT,1.0690130919279721,1.1336010023669734,-0.04707575784159488,18.8,0.4,5,True,0.10653574623584762,0.25922525567687504,0.5049680622278776,1.7318136432460431,2.742522752253217,7,41,26,18,2
nsclc,LUSC,PathoTME-FusionVal,dyko,clip-rn50,16,shared_core62_v1,feature,7,RATIO_OF_LYMPHOCYTES_AROUND_CARCINOMA_CELL_IN_WHOLE_TUMOR_REGION_20,1.0364245467449167,0.8027234000680531,0.08826213730152037,17.2,0.2,5,True,0.030172416813778073,0.894791133286666,0.5811031037175651,1.9998954519611405,1.6761606279454333,39,4,18,12,13
nsclc,LUSC,PathoTME-FusionVal,dyko,clip-rn50,16,shared_core62_v1,feature,8,LOG1P_COUNT_TLS_MATURE,1.0218881153722141,1.1854345660619776,0.02542344491866514,21.2,0.4,5,True,0.09614347984179389,0.2406540087521422,0.28248915226383736,2.7994224455960888,1.690731490407208,10,44,37,3,12
nsclc,LUSC,PathoTME-FusionVal,dyko,clip-rn50,16,shared_core62_v1,feature,9,RATIO_OF_LYMPHOCYTES_AROUND_CARCINOMA_CELL_IN_WHOLE_TUMOR_REGION_40,1.0141993208073519,0.8161234219259244,0.09080900986958554,15.0,0.4,5,True,0.04113753992265905,1.0815361461386124,0.6244486113362356,2.262691706748688,1.0611825998905642,28,2,15,5,25
nsclc,LUSC,PathoTME-FusionVal,dyko,clip-rn50,16,shared_core62_v1,feature,10,RATIO_OF_PLASMA_CELLS_AROUND_CARCINOMA_CELL_IN_WHOLE_TUMOR_REGION_20,1.005205074208885,0.9503596815354838,-0.11308602517771363,18.8,0.2,5,True,0.05697876040482551,0.24499423938734366,0.7041655288146795,1.8958002177705098,2.1240866246670667,18,43,12,14,7
nsclc,LUSC,PathoTME-FusionVal,dyko,clip-rn50,16,shared_core62_v1,group,1,high/spatial_fibroblasts,3.9326049751593883,2.975253864556746,-0.021401424532487966,2.8,1.0,5,True,0.24878701783256027,2.5182841522860957,4.076922921518652,4.46700078403132,8.352030000128313,3,3,1,6,1
nsclc,LUSC,PathoTME-FusionVal,dyko,clip-rn50,16,shared_core62_v1,group,2,high/spatial_lymphocytes,2.695972638278513,1.8039693994757808,0.11611775776299918,5.8,1.0,5,True,0.07577020990967935,2.6977566050011528,1.980648530183933,4.158944329548732,4.566743516749066,9,2,5,9,4
nsclc,LUSC,PathoTME-FusionVal,dyko,clip-rn50,16,shared_core62_v1,group,3,high/cell_lymphocyte,2.6173683061643946,2.1042139441925216,0.2226593306488442,6.4,0.8,5,True,0.03856186149493122,2.910050881584744,1.6492522782610208,5.784402574617011,2.7045739348642654,15,1,7,1,8
nsclc,LUSC,PathoTME-FusionVal,dyko,clip-rn50,16,shared_core62_v1,group,4,high/spatial_plasma_cells,2.3394250931693383,2.186772134489423,-0.4977249804987169,7.4,0.8,5,True,0.16116833844595507,0.7676485208972028,1.6937560051248344,3.5795140760151996,5.4950385253635,6,13,6,10,2
nsclc,LUSC,PathoTME-FusionVal,dyko,clip-rn50,16,shared_core62_v1,group,5,high/cell_granulocyte,2.3072344267732396,1.8381849237924293,0.33861972989788347,5.2,1.0,5,True,0.2038619560518958,1.965285097113275,1.2770673370293308,5.012923709134044,3.077034034537655,4,5,8,3,6
nsclc,LUSC,PathoTME-FusionVal,dyko,clip-rn50,16,shared_core62_v1,group,6,low/global_tissue,2.241320480753899,1.866550194029485,0.412356453507514,7.2,0.6,5,True,0.06359878859763504,0.8605850466400112,2.235346613492784,4.707098907653703,3.339973047385362,12,12,3,4,5
nsclc,LUSC,PathoTME-FusionVal,dyko,clip-rn50,16,shared_core62_v1,group,7,low/tls,2.226186889463255,2.32381826001053,0.005444497956623384,8.0,0.8,5,True,0.1868631960985427,0.4230576058317452,1.0912986050421407,4.207179251971856,5.2225357883719905,5,14,10,8,3
nsclc,LUSC,PathoTME-FusionVal,dyko,clip-rn50,16,shared_core62_v1,group,8,high/cell_endothelial_cell,2.2167388828648384,1.94010674591217,0.3989511992224699,5.2,1.0,5,True,0.33483407817674793,1.3981927053899281,1.100470301635183,5.200910810183288,3.0492865189390455,2,6,9,2,7
nsclc,LUSC,PathoTME-FusionVal,dyko,clip-rn50,16,shared_core62_v1,group,9,high/spatial_macrophages,1.6267639364785247,1.6911000793141822,0.16812384038642644,10.0,0.4,5,True,0.06648764191186514,0.9744579391650373,0.8160919961074982,4.4330127371495776,1.8437693680586449,11,9,12,7,11
nsclc,LUSC,PathoTME-FusionVal,dyko,clip-rn50,16,shared_core62_v1,group,10,high/cell_fibroblast,1.4351468905855347,1.2302457443934762,0.20843027222265334,9.8,0.4,5,True,0.1485660467207376,0.1338273031528995,2.7096326994166975,2.4223480503175536,1.7613603533197848,7,16,2,12,12
nsclc,LUSC,PathoTME-FusionVal,dyko,plip,16,shared_core62_v1,feature,1,AVG_MIN_DISTANCE_OF_FIBROBLASTS_AROUND_CARCINOMA_CELL_IN_WHOLE_TUMOR_REGION_40,2.0015296609498474,1.8201103419750853,-0.18532598337183553,4.2,0.8,5,True,0.1471939686963184,0.5691719821304724,4.719620187132834,1.9607722101992846,2.6108899565903285,5,1,1,13,1
nsclc,LUSC,PathoTME-FusionVal,dyko,plip,16,shared_core62_v1,feature,2,RELATIVE_AREA_NECROSIS,1.2301150262209586,1.053111371024372,0.22700561354453472,23.2,0.4,5,True,0.001399918743989197,0.20098472448202087,2.2576311137947576,2.010627526088644,1.6799318479953802,61,32,6,11,6
nsclc,LUSC,PathoTME-FusionVal,dyko,plip,16,shared_core62_v1,feature,3,RELATIVE_AREA_EPITHELIAL_TISSUE,1.2299849562251037,1.5059400906062088,0.2760698435448231,22.4,0.4,5,True,0.05363916165594034,0.15743764894989593,0.46374190839976764,3.5755935021510306,1.8995125599688842,30,38,40,1,3
nsclc,LUSC,PathoTME-FusionVal,dyko,plip,16,shared_core62_v1,feature,4,RELATIVE_AREA_NECROSIS_IN_TUMOR_CORE,1.1716636719245512,0.9871383004348468,0.3415980345670862,21.0,0.4,5,True,0.040670771965267166,0.1654517811274358,2.1074566579584664,1.7061989130066613,1.838540235564926,38,36,7,20,4
nsclc,LUSC,PathoTME-FusionVal,dyko,plip,16,shared_core62_v1,feature,5,RATIO_OF_FIBROBLASTS_AROUND_CARCINOMA_CELL_IN_WHOLE_TUMOR_REGION_20,1.1171328644267207,0.8458827156898528,-0.12078679800016864,13.6,0.6,5,True,0.06519682346539415,0.36205753752682157,1.9436800683389113,1.503618084868509,1.7111118079339669,22,7,9,25,5
nsclc,LUSC,PathoTME-FusionVal,dyko,plip,16,shared_core62_v1,feature,6,RATIO_OF_PLASMA_CELLS_AROUND_CARCINOMA_CELL_IN_WHOLE_TUMOR_REGION_20,1.0191330088267214,0.8577481593715681,-0.06188622398494512,18.8,0.2,5,True,0.07597168053976734,0.12249711969367183,1.408331057629359,1.8958002177705098,1.5930649685002998,18,43,12,14,7
nsclc,LUSC,PathoTME-FusionVal,dyko,plip,16,shared_core62_v1,feature,7,TLS_MATURE_PRESENT,1.0140604242755888,0.8867551360446321,-0.07343887629163368,18.8,0.4,5,True,0.14204766164779686,0.12961262783843752,1.0099361244557552,1.7318136432460431,2.056892064189912,7,41,26,18,2
nsclc,LUSC,PathoTME-FusionVal,dyko,plip,16,shared_core62_v1,feature,8,RATIO_OF_LYMPHOCYTES_AROUND_CARCINOMA_CELL_IN_WHOLE_TUMOR_REGION_20,0.9813695172167434,0.7610859932190245,0.12211511923967562,17.2,0.2,5,True,0.04022988908503743,0.447395566643333,1.1622062074351303,1.9998954519611405,1.2571204709590753,39,4,18,12,13
nsclc,LUSC,PathoTME-FusionVal,dyko,plip,16,shared_core62_v1,feature,9,RATIO_OF_LYMPHOCYTES_AROUND_CARCINOMA_CELL_IN_WHOLE_TUMOR_REGION_40,0.98061880112772,0.8367088115351974,0.12786211635632375,15.0,0.4,5,True,0.054850053230212074,0.5407680730693062,1.2488972226724713,2.262691706748688,0.7958869499179232,28,2,15,5,25
nsclc,LUSC,PathoTME-FusionVal,dyko,plip,16,shared_core62_v1,feature,10,LOG1P_COUNT_TLS_MATURE,0.9761935357521931,1.121389351811343,0.00709188592140369,21.2,0.4,5,True,0.12819130645572518,0.1203270043760711,0.5649783045276747,2.7994224455960888,1.2680486178054058,10,44,37,3,12
nsclc,LUSC,PathoTME-FusionVal,dyko,plip,16,shared_core62_v1,group,1,high/spatial_fibroblasts,4.0951454454169305,3.298547752838132,-0.20893776717956639,2.8,1.0,5,True,0.3317160237767471,1.2591420761430479,8.153845843037304,4.46700078403132,6.264022500096235,3,3,1,6,1
nsclc,LUSC,PathoTME-FusionVal,dyko,plip,16,shared_core62_v1,group,2,high/spatial_lymphocytes,2.599040855305043,1.787059346982251,0.26159987785855787,5.8,1.0,5,True,0.10102694654623916,1.3488783025005764,3.961297060367866,4.158944329548732,3.4250576375617996,9,2,5,9,4
nsclc,LUSC,PathoTME-FusionVal,dyko,plip,16,shared_core62_v1,group,3,high/cell_lymphocyte,2.52355576768124,2.1640268948311583,0.2059148548653424,6.4,0.8,5,True,0.05141581532657495,1.455025440792372,3.2985045565220417,5.784402574617011,2.0284304511481994,15,1,7,1,8
nsclc,LUSC,PathoTME-FusionVal,dyko,plip,16,shared_core62_v1,group,4,low/global_tissue,2.4395725656590286,2.1710350462577064,0.5071982551235523,7.2,0.6,5,True,0.0847983847968467,0.4302925233200056,4.470693226985568,4.707098907653703,2.504979785539022,12,12,3,4,5
nsclc,LUSC,PathoTME-FusionVal,dyko,plip,16,shared_core62_v1,group,5,high/spatial_plasma_cells,2.337404071732807,1.8807783392123034,-0.3903389934152114,7.4,0.8,5,True,0.21489111792794005,0.3838242604486014,3.3875120102496687,3.5795140760151996,4.121278894022625,6,13,6,10,2
nsclc,LUSC,PathoTME-FusionVal,dyko,plip,16,shared_core62_v1,group,6,high/cell_granulocyte,2.2258584798110226,1.8197579748613684,0.21834518595610125,5.2,1.0,5,True,0.27181594140252774,0.9826425485566375,2.5541346740586617,5.012923709134044,2.3077755259032413,4,5,8,3,6
nsclc,LUSC,PathoTME-FusionVal,dyko,plip,16,shared_core62_v1,group,7,high/cell_endothelial_cell,2.1668716185843797,1.893093195078084,0.37301632313565963,5.2,1.0,5,True,0.44644543756899724,0.6990963526949641,2.200940603270366,5.200910810183288,2.286964889204284,2,6,9,2,7
nsclc,LUSC,PathoTME-FusionVal,dyko,plip,16,shared_core62_v1,group,8,low/tls,2.1534716068764785,1.9187123732623956,-0.06913937601626817,8.0,0.8,5,True,0.24915092813139025,0.2115288029158726,2.1825972100842814,4.207179251971856,3.9169018412789933,5,14,10,8,3
nsclc,LUSC,PathoTME-FusionVal,dyko,plip,16,shared_core62_v1,group,9,high/cell_fibroblast,1.8855270856023107,2.1936816339703356,0.5016260316542116,9.8,0.4,5,True,0.1980880622943168,0.06691365157644975,5.419265398833395,2.4223480503175536,1.3210202649898384,7,16,2,12,12
nsclc,LUSC,PathoTME-FusionVal,dyko,plip,16,shared_core62_v1,group,10,high/spatial_macrophages,1.6047805828413793,1.7026805649956613,0.03866427923329071,10.0,0.4,5,True,0.0886501892158202,0.48722896958251866,1.6321839922149963,4.4330127371495776,1.3828270260439839,11,9,12,7,11
nsclc,LUSC,PathoTME-FusionVal,focus,clip-rn50,16,shared_core62_v1,feature,1,AVG_MIN_DISTANCE_OF_FIBROBLASTS_AROUND_CARCINOMA_CELL_IN_WHOLE_TUMOR_REGION_40,2.053442378458655,1.4770947987053005,-0.0965523525007902,4.2,0.8,5,True,0.1471939686963184,1.1383439642609448,3.539715140349625,1.9607722101992846,3.4811866087871044,5,1,1,13,1
nsclc,LUSC,PathoTME-FusionVal,focus,clip-rn50,16,shared_core62_v1,feature,2,RELATIVE_AREA_EPITHELIAL_TISSUE,1.364919561259687,1.5896005825038078,0.3307511610042424,22.4,0.4,5,True,0.05363916165594034,0.31487529789979185,0.3478064312998258,3.5755935021510306,2.532683413291846,30,38,40,1,3
nsclc,LUSC,PathoTME-FusionVal,focus,clip-rn50,16,shared_core62_v1,feature,3,RELATIVE_AREA_NECROSIS,1.2694258719606502,1.0038914783605566,0.2088038015892984,23.2,0.4,5,True,0.001399918743989197,0.40196944896404174,1.6932233353460682,2.010627526088644,2.239909130660507,61,32,6,11,6
nsclc,LUSC,PathoTME-FusionVal,focus,clip-rn50,16,shared_core62_v1,feature,4,RELATIVE_AREA_NECROSIS_IN_TUMOR_CORE,1.221950544289777,1.0079708708981192,0.3818476932468351,21.0,0.4,5,True,0.040670771965267166,0.3309035622548716,1.5805924934688498,1.7061989130066613,2.4513869807532345,38,36,7,20,4
nsclc,LUSC,PathoTME-FusionVal,focus,clip-rn50,16,shared_core62_v1,feature,5,RATIO_OF_FIBROBLASTS_AROUND_CARCINOMA_CELL_IN_WHOLE_TUMOR_REGION_20,1.2064344890440704,0.8429510792286032,-0.04838696208219073,13.6,0.6,5,True,0.06519682346539415,0.7241150750536431,1.4577600512541835,1.503618084868509,2.2814824105786218,22,7,9,25,5
nsclc,LUSC,PathoTME-FusionVal,focus,clip-rn50,16,shared_core62_v1,feature,6,TLS_MATURE_PRESENT,1.1266122812331498,1.0994819604592354,-0.060089328239262385,18.8,0.4,5,True,0.14204766164779686,0.25922525567687504,0.7574520933418164,1.7318136432460431,2.742522752253217,7,41,26,18,2
nsclc,LUSC,PathoTME-FusionVal,focus,clip-rn50,16,shared_core62_v1,feature,7,RATIO_OF_LYMPHOCYTES_AROUND_CARCINOMA_CELL_IN_WHOLE_TUMOR_REGION_20,1.0965463515709248,0.7679645529749245,0.1046057552953263,17.2,0.2,5,True,0.04022988908503743,0.894791133286666,0.8716546555763478,1.9998954519611405,1.6761606279454333,39,4,18,12,13
nsclc,LUSC,PathoTME-FusionVal,focus,clip-rn50,16,shared_core62_v1,feature,8,RATIO_OF_PLASMA_CELLS_AROUND_CARCINOMA_CELL_IN_WHOLE_TUMOR_REGION_20,1.0794202111173414,0.9302576020190138,-0.10303126775932694,18.8,0.2,5,True,0.07597168053976734,0.24499423938734366,1.0562482932220194,1.8958002177705098,2.1240866246670667,18,43,12,14,7
nsclc,LUSC,PathoTME-FusionVal,focus,clip-rn50,16,shared_core62_v1,feature,9,RATIO_OF_LYMPHOCYTES_AROUND_CARCINOMA_CELL_IN_WHOLE_TUMOR_REGION_40,1.079386684602486,0.7859054193742429,0.1089831127206176,15.0,0.4,5,True,0.054850053230212074,1.0815361461386124,0.9366729170043534,2.262691706748688,1.0611825998905642,28,2,15,5,25
nsclc,LUSC,PathoTME-FusionVal,focus,clip-rn50,16,shared_core62_v1,feature,10,LOG1P_COUNT_TLS_MATURE,1.056546595921384,1.1584238311554966,0.017250566208647004,21.2,0.4,5,True,0.12819130645572518,0.2406540087521422,0.423733728395756,2.7994224455960888,1.690731490407208,10,44,37,3,12
nsclc,LUSC,PathoTME-FusionVal,focus,clip-rn50,16,shared_core62_v1,group,1,high/spatial_fibroblasts,4.356883068500091,3.108378496087667,-0.0888470892881541,2.8,1.0,5,True,0.3317160237767471,2.5182841522860957,6.115384382277979,4.46700078403132,8.352030000128313,3,3,1,6,1
nsclc,LUSC,PathoTME-FusionVal,focus,clip-rn50,16,shared_core62_v1,group,2,high/spatial_lymphocytes,2.8990888386242184,1.749511382279556,0.17968030899644205,5.8,1.0,5,True,0.10102694654623916,2.6977566050011528,2.9709727952758986,4.158944329548732,4.566743516749066,9,2,5,9,4
nsclc,LUSC,PathoTME-FusionVal,focus,clip-rn50,16,shared_core62_v1,group,3,high/cell_lymphocyte,2.7848643247568257,2.0364062046519664,0.2189230634510409,6.4,0.8,5,True,0.05141581532657495,2.910050881584744,2.4738784173915316,5.784402574617011,2.7045739348642654,15,1,7,1,8
nsclc,LUSC,PathoTME-FusionVal,focus,clip-rn50,16,shared_core62_v1,group,4,high/spatial_plasma_cells,2.5195452495782193,2.142318352712555,-0.49730735299263734,7.4,0.8,5,True,0.21489111792794005,0.7676485208972028,2.5406340076872516,3.5795140760151996,5.4950385253635,6,13,6,10,2
nsclc,LUSC,PathoTME-FusionVal,focus,clip-rn50,16,shared_core62_v1,group,5,low/global_tissue,2.46909506134302,1.924875836777412,0.4778129854508671,7.2,0.6,5,True,0.0847983847968467,0.8605850466400112,3.353019920239176,4.707098907653703,3.339973047385362,12,12,3,4,5
nsclc,LUSC,PathoTME-FusionVal,focus,clip-rn50,16,shared_core62_v1,group,6,high/cell_granulocyte,2.4485319575462996,1.748338887276361,0.3246987453308344,5.2,1.0,5,True,0.27181594140252774,1.965285097113275,1.915601005543996,5.012923709134044,3.077034034537655,4,5,8,3,6
nsclc,LUSC,PathoTME-FusionVal,focus,clip-rn50,16,shared_core62_v1,group,7,high/cell_endothelial_cell,2.3491081849068065,1.8462908809944552,0.4127926180739953,5.2,1.0,5,True,0.44644543756899724,1.3981927053899281,1.6507054524527742,5.200910810183288,3.0492865189390455,2,6,9,2,7
nsclc,LUSC,PathoTME-FusionVal,focus,clip-rn50,16,shared_core62_v1,group,8,low/tls,2.3477742963740384,2.254754363583318,-0.028726432652322074,8.0,0.8,5,True,0.24915092813139025,0.4230576058317452,1.6369479075632107,4.207179251971856,5.2225357883719905,5,14,10,8,3
nsclc,LUSC,PathoTME-FusionVal,focus,clip-rn50,16,shared_core62_v1,group,9,high/cell_fibroblast,1.7160145636419202,1.6449563184469664,0.34767819037285186,9.8,0.4,5,True,0.1980880622943168,0.1338273031528995,4.064449049125046,2.4223480503175536,1.7613603533197848,7,16,2,12,12
nsclc,LUSC,PathoTME-FusionVal,focus,clip-rn50,16,shared_core62_v1,group,10,high/spatial_macrophages,1.7128056455500655,1.646094808416254,0.12871895509840034,10.0,0.4,5,True,0.0886501892158202,0.9744579391650373,1.2241379941612474,4.4330127371495776,1.8437693680586449,11,9,12,7,11
nsclc,LUSC,PathoTME-FusionVal,focus,plip,16,shared_core62_v1,feature,1,AVG_MIN_DISTANCE_OF_FIBROBLASTS_AROUND_CARCINOMA_CELL_IN_WHOLE_TUMOR_REGION_40,2.0510871607280787,1.7778136762622057,-0.183671896519863,4.2,0.8,5,True,0.11039547652223877,0.8537579731957086,4.719620187132834,1.9607722101992846,2.6108899565903285,5,1,1,13,1
nsclc,LUSC,PathoTME-FusionVal,focus,plip,16,shared_core62_v1,feature,2,RELATIVE_AREA_NECROSIS,1.250143502731961,1.029355132792495,0.23258204372391228,23.2,0.4,5,True,0.001049939057991898,0.3014770867230313,2.2576311137947576,2.010627526088644,1.6799318479953802,61,32,6,11,6
nsclc,LUSC,PathoTME-FusionVal,focus,plip,16,shared_core62_v1,feature,3,RELATIVE_AREA_EPITHELIAL_TISSUE,1.2430467630372963,1.4949611552205926,0.2720528876456244,22.4,0.4,5,True,0.040229371241955254,0.23615647342484394,0.46374190839976764,3.5755935021510306,1.8995125599688842,30,38,40,1,3
nsclc,LUSC,PathoTME-FusionVal,focus,plip,16,shared_core62_v1,feature,4,RELATIVE_AREA_NECROSIS_IN_TUMOR_CORE,1.1861753114390314,0.9695594026315806,0.33992101360008836,21.0,0.4,5,True,0.03050307897395037,0.24817767169115376,2.1074566579584664,1.7061989130066613,1.838540235564926,38,36,7,20,4
nsclc,LUSC,PathoTME-FusionVal,focus,plip,16,shared_core62_v1,feature,5,RATIO_OF_FIBROBLASTS_AROUND_CARCINOMA_CELL_IN_WHOLE_TUMOR_REGION_20,1.150078777006133,0.8140317744013227,-0.11502473606984305,13.6,0.6,5,True,0.048897617599045616,0.5430863062902322,1.9436800683389113,1.503618084868509,1.7111118079339669,22,7,9,25,5
nsclc,LUSC,PathoTME-FusionVal,focus,plip,16,shared_core62_v1,feature,6,RATIO_OF_LYMPHOCYTES_AROUND_CARCINOMA_CELL_IN_WHOLE_TUMOR_REGION_40,1.0319531057731401,0.8136304519205342,0.13284565775265278,15.0,0.4,5,True,0.04113753992265905,0.8111521096039593,1.2488972226724713,2.262691706748688,0.7958869499179232,28,2,15,5,25
nsclc,LUSC,PathoTME-FusionVal,focus,plip,16,shared_core62_v1,feature,7,RATIO_OF_PLASMA_CELLS_AROUND_CARCINOMA_CELL_IN_WHOLE_TUMOR_REGION_20,1.0275841367691003,0.8474482418759551,-0.06320483296267455,18.8,0.2,5,True,0.05697876040482551,0.18374567954050777,1.408331057629359,1.8958002177705098,1.5930649685002998,18,43,12,14,7
nsclc,LUSC,PathoTME-FusionVal,focus,plip,16,shared_core62_v1,feature,8,RATIO_OF_LYMPHOCYTES_AROUND_CARCINOMA_CELL_IN_WHOLE_TUMOR_REGION_20,1.0240975794268248,0.7311043639666283,0.12803198920467201,17.2,0.2,5,True,0.030172416813778073,0.6710933499649996,1.1622062074351303,1.9998954519611405,1.2571204709590753,39,4,18,12,13
nsclc,LUSC,PathoTME-FusionVal,focus,plip,16,shared_core62_v1,feature,9,TLS_MATURE_PRESENT,1.019919303977043,0.8800463185475522,-0.0755824064577694,18.8,0.4,5,True,0.10653574623584762,0.1944189417576562,1.0099361244557552,1.7318136432460431,2.056892064189912,7,41,26,18,2
nsclc,LUSC,PathoTME-FusionVal,focus,plip,16,shared_core62_v1,feature,10,LOG1P_COUNT_TLS_MATURE,0.9818166708670141,1.1164580518683043,0.0023524216990301215,21.2,0.4,5,True,0.09614347984179389,0.1804905065641067,0.5649783045276747,2.7994224455960888,1.2680486178054058,10,44,37,3,12
nsclc,LUSC,PathoTME-FusionVal,focus,plip,16,shared_core62_v1,group,1,high/spatial_fibroblasts,4.2044738518423985,3.198374832324258,-0.19639109889854517,2.8,1.0,5,True,0.24878701783256027,1.888713114214572,8.153845843037304,4.46700078403132,6.264022500096235,3,3,1,6,1
nsclc,LUSC,PathoTME-FusionVal,focus,plip,16,shared_core62_v1,group,2,high/spatial_lymphocytes,2.728877338227788,1.7018672954494578,0.27432620435382216,5.8,1.0,5,True,0.07577020990967935,2.0233174537508645,3.961297060367866,4.158944329548732,3.4250576375617996,9,2,5,9,4
nsclc,LUSC,PathoTME-FusionVal,focus,plip,16,shared_core62_v1,group,3,high/cell_lymphocyte,2.6664875209941483,2.1016753373140533,0.22704119373326956,6.4,0.8,5,True,0.03856186149493122,2.1825381611885577,3.2985045565220417,5.784402574617011,2.0284304511481994,15,1,7,1,8
nsclc,LUSC,PathoTME-FusionVal,focus,plip,16,shared_core62_v1,group,4,low/global_tissue,2.4783618987511873,2.1288523497044154,0.4956201730585164,7.2,0.6,5,True,0.06359878859763504,0.6454387849800085,4.470693226985568,4.707098907653703,2.504979785539022,12,12,3,4,5
nsclc,LUSC,PathoTME-FusionVal,focus,plip,16,shared_core62_v1,group,5,high/spatial_plasma_cells,2.36504194188127,1.848203793745964,-0.3948949563725036,7.4,0.8,5,True,0.16116833844595507,0.5757363906729019,3.3875120102496687,3.5795140760151996,4.121278894022625,6,13,6,10,2
nsclc,LUSC,PathoTME-FusionVal,focus,plip,16,shared_core62_v1,group,6,high/cell_granulocyte,2.31053193759656,1.7677793838363942,0.2353702375175087,5.2,1.0,5,True,0.2038619560518958,1.4739638228349563,2.5541346740586617,5.012923709134044,2.3077755259032413,4,5,8,3,6
nsclc,LUSC,PathoTME-FusionVal,focus,plip,16,shared_core62_v1,group,7,high/cell_endothelial_cell,2.214458981975427,1.8585241115600024,0.4004922714793854,5.2,1.0,5,True,0.33483407817674793,1.0486445290424462,2.200940603270366,5.200910810183288,2.286964889204284,2,6,9,2,7
nsclc,LUSC,PathoTME-FusionVal,focus,plip,16,shared_core62_v1,group,8,low/tls,2.1621669407614967,1.90833509288157,-0.07380663464312537,8.0,0.8,5,True,0.1868631960985427,0.3172932043738089,2.1825972100842814,4.207179251971856,3.9169018412789933,5,14,10,8,3
nsclc,LUSC,PathoTME-FusionVal,focus,plip,16,shared_core62_v1,group,9,high/cell_fibroblast,1.8823140476452398,2.196469742196302,0.5030010347210397,9.8,0.4,5,True,0.1485660467207376,0.10037047736467464,5.419265398833395,2.4223480503175536,1.3210202649898384,7,16,2,12,12
nsclc,LUSC,PathoTME-FusionVal,focus,plip,16,shared_core62_v1,group,10,high/spatial_macrophages,1.64907097033884,1.6710187410220374,0.04592744845366069,10.0,0.4,5,True,0.06648764191186514,0.730843454373778,1.6321839922149963,4.4330127371495776,1.3828270260439839,11,9,12,7,11
nsclc,LUSC,PathoTME-FusionVal,hive_mil,clip-rn50,16,shared_core62_v1,feature,1,AVG_MIN_DISTANCE_OF_FIBROBLASTS_AROUND_CARCINOMA_CELL_IN_WHOLE_TUMOR_REGION_40,1.7372474516243153,1.6655006963303005,-0.05942623354134844,4.2,0.8,5,True,0.0367984921740796,1.1383439642609448,3.539715140349625,0.49019305254982115,3.4811866087871044,5,1,1,13,1
nsclc,LUSC,PathoTME-FusionVal,hive_mil,clip-rn50,16,shared_core62_v1,feature,2,RATIO_OF_FIBROBLASTS_AROUND_CARCINOMA_CELL_IN_WHOLE_TUMOR_REGION_20,0.9711122527939849,0.9056549887074121,-0.04787968584931572,13.6,0.6,5,True,0.01629920586634854,0.7241150750536431,1.4577600512541835,0.37590452121712725,2.2814824105786218,22,7,9,25,5
nsclc,LUSC,PathoTME-FusionVal,hive_mil,clip-rn50,16,shared_core62_v1,feature,3,RELATIVE_AREA_NECROSIS,0.9676217552357549,0.9509182893231382,0.23773720486261993,23.2,0.4,5,True,0.00034997968599729927,0.40196944896404174,1.6932233353460682,0.502656881522161,2.239909130660507,61,32,6,11,6
nsclc,LUSC,PathoTME-FusionVal,hive_mil,clip-rn50,16,shared_core62_v1,feature,4,RELATIVE_AREA_NECROSIS_IN_TUMOR_CORE,0.9599200915439876,1.0237044335686871,0.36784062872460965,21.0,0.4,5,True,0.010167692991316792,0.3309035622548716,1.5805924934688498,0.4265497282516653,2.4513869807532345,38,36,7,20,4
nsclc,LUSC,PathoTME-FusionVal,hive_mil,clip-rn50,16,shared_core62_v1,feature,5,AVG_MIN_DISTANCE_OF_FIBROBLASTS_AROUND_CARCINOMA_CELL_IN_WHOLE_TUMOR_REGION_20,0.8778137789807102,0.9074602916418734,0.030179610820659248,19.2,0.2,5,True,0.02922152977830215,0.5366380122047393,1.863229801855576,0.12398089482379251,1.8359986562411414,13,19,4,49,11
nsclc,LUSC,PathoTME-FusionVal,hive_mil,clip-rn50,16,shared_core62_v1,feature,6,TLS_MATURE_PRESENT,0.8455330854990738,1.0927535417715228,-0.035740323803283444,18.8,0.4,5,True,0.035511915411949216,0.25922525567687504,0.7574520933418164,0.4329534108115108,2.742522752253217,7,41,26,18,2
nsclc,LUSC,PathoTME-FusionVal,hive_mil,clip-rn50,16,shared_core62_v1,feature,7,RELATIVE_AREA_EPITHELIAL_TISSUE,0.8205346616886413,1.008395943063805,0.20721533738110204,22.4,0.4,5,True,0.013409790413985085,0.31487529789979185,0.3478064312998258,0.8938983755377576,2.532683413291846,30,38,40,1,3
nsclc,LUSC,PathoTME-FusionVal,hive_mil,clip-rn50,16,shared_core62_v1,feature,8,RATIO_OF_LYMPHOCYTES_AROUND_CARCINOMA_CELL_IN_WHOLE_TUMOR_REGION_20,0.7905275504139984,0.6114232245496811,0.042001413233292706,17.2,0.2,5,True,0.010057472271259358,0.894791133286666,0.8716546555763478,0.4999738629902851,1.6761606279454333,39,4,18,12,13
nsclc,LUSC,PathoTME-FusionVal,hive_mil,clip-rn50,16,shared_core62_v1,feature,9,RATIO_OF_PLASMA_CELLS_AROUND_CARCINOMA_CELL_IN_WHOLE_TUMOR_REGION_20,0.7836544263707997,0.8428885911888992,-0.08581981542972097,18.8,0.2,5,True,0.018992920134941835,0.24499423938734366,1.0562482932220194,0.47395005444262744,2.1240866246670667,18,43,12,14,7
nsclc,LUSC,PathoTME-FusionVal,hive_mil,clip-rn50,16,shared_core62_v1,feature,10,RELATIVE_AREA_TUMOR_CORE,0.7497811702454259,0.9174794985226656,-0.12817439139265577,31.4,0.2,5,True,0.007167675833601,0.11905761816520788,2.1150391206848083,0.22759566543223092,1.2800457711112811,44,52,3,38,20
nsclc,LUSC,PathoTME-FusionVal,hive_mil,clip-rn50,16,shared_core62_v1,group,1,high/spatial_fibroblasts,3.637075547328881,3.4859898835599794,-0.04041575868368998,2.8,1.0,5,True,0.08292900594418677,2.5182841522860957,6.115384382277979,1.11675019600783,8.352030000128313,3,3,1,6,1
nsclc,LUSC,PathoTME-FusionVal,hive_mil,clip-rn50,16,shared_core62_v1,group,2,high/spatial_lymphocytes,2.2600931472099726,1.7678588922268694,0.09529676463998538,5.8,1.0,5,True,0.02525673663655979,2.6977566050011528,2.9709727952758986,1.039736082387183,4.566743516749066,9,2,5,9,4
nsclc,LUSC,PathoTME-FusionVal,hive_mil,clip-rn50,16,shared_core62_v1,group,3,high/spatial_plasma_cells,1.950384470486748,2.1807825198258572,-0.4025230884893486,7.4,0.8,5,True,0.05372277948198501,0.7676485208972028,2.5406340076872516,0.8948785190037999,5.4950385253635,6,13,6,10,2
nsclc,LUSC,PathoTME-FusionVal,hive_mil,clip-rn50,16,shared_core62_v1,group,4,high/cell_lymphocyte,1.9094915662652876,1.2003929371366275,0.011168947234458448,6.4,0.8,5,True,0.012853953831643738,2.910050881584744,2.4738784173915316,1.4461006436542527,2.7045739348642654,15,1,7,1,8
nsclc,LUSC,PathoTME-FusionVal,hive_mil,clip-rn50,16,shared_core62_v1,group,5,low/global_tissue,1.7503104674754373,1.5170764386882867,0.40215478619180683,7.2,0.6,5,True,0.021199596199211676,0.8605850466400112,3.353019920239176,1.1767747269134257,3.339973047385362,12,12,3,4,5
nsclc,LUSC,PathoTME-FusionVal,hive_mil,clip-rn50,16,shared_core62_v1,group,6,low/tls,1.6793247693585514,2.0702022809407326,-0.05755885145330224,8.0,0.8,5,True,0.06228773203284756,0.4230576058317452,1.6369479075632107,1.051794812992964,5.2225357883719905,5,14,10,8,3
nsclc,LUSC,PathoTME-FusionVal,hive_mil,clip-rn50,16,shared_core62_v1,group,7,high/cell_granulocyte,1.6558210099658137,1.1030073199081303,0.27210136533654017,5.2,1.0,5,True,0.06795398535063193,1.965285097113275,1.915601005543996,1.253230927283511,3.077034034537655,4,5,8,3,6
nsclc,LUSC,PathoTME-FusionVal,hive_mil,clip-rn50,16,shared_core62_v1,group,8,high/cell_endothelial_cell,1.5020047477439635,1.0489134222532688,0.2558019586284675,5.2,1.0,5,True,0.11161135939224931,1.3981927053899281,1.6507054524527742,1.300227702545822,3.0492865189390455,2,6,9,2,7
nsclc,LUSC,PathoTME-FusionVal,hive_mil,clip-rn50,16,shared_core62_v1,group,9,high/cell_fibroblast,1.3229491467501395,1.6776666794722777,0.362194210919687,9.8,0.4,5,True,0.0495220155735792,0.1338273031528995,4.064449049125046,0.6055870125793884,1.7613603533197848,7,16,2,12,12
nsclc,LUSC,PathoTME-FusionVal,hive_mil,clip-rn50,16,shared_core62_v1,group,10,low/compartment_extent,1.1417123366412967,1.4022968102910607,-0.13609181512063,11.4,0.4,5,True,0.020263461839499262,0.26263231798427367,3.074074019703269,0.15135193161736135,2.2002399520620792,13,15,4,15,10
nsclc,LUSC,PathoTME-FusionVal,hive_mil,plip,16,shared_core62_v1,feature,1,AVG_MIN_DISTANCE_OF_FIBROBLASTS_AROUND_CARCINOMA_CELL_IN_WHOLE_TUMOR_REGION_40,0.8062467444704563,0.8241497619804542,-0.10123544925185693,5.0,0.6,5,True,0.0367984921740796,0.8537579731957086,1.1799050467832084,1.9607722101992846,0.0,5,1,1,13,
nsclc,LUSC,PathoTME-FusionVal,hive_mil,plip,16,shared_core62_v1,feature,2,RELATIVE_AREA_EPITHELIAL_TISSUE,0.7882190486179603,1.5610744126140703,0.14303863621467983,27.25,0.2,5,True,0.013409790413985085,0.23615647342484394,0.11593547709994191,3.5755935021510306,0.0,30,38,40,1,
nsclc,LUSC,PathoTME-FusionVal,hive_mil,plip,16,shared_core62_v1,feature,3,CELL_DENSITY_MACROPHAGE_IN_TUMOR_CORE,0.7231868822204041,1.4377474457020927,-0.23591465193729913,35.25,0.2,5,True,0.0005821277375995929,0.2085724187091344,0.11642901791596766,3.2903508467393188,0.0,60,40,39,2,
nsclc,LUSC,PathoTME-FusionVal,hive_mil,plip,16,shared_core62_v1,feature,4,RATIO_OF_LYMPHOCYTES_AROUND_CARCINOMA_CELL_IN_WHOLE_TUMOR_REGION_40,0.6799561270656636,0.9438898083336724,0.10938439585598769,12.5,0.4,5,True,0.013712513307553019,0.8111521096039593,0.3122243056681178,2.262691706748688,0.0,28,2,15,5,
nsclc,LUSC,PathoTME-FusionVal,hive_mil,plip,16,shared_core62_v1,feature,5,CELL_PERCENTAGE_LYMPHOCYTE_IN_INNER_INVASIVE_MARGIN,0.6574075150789652,1.1154424605537696,0.1520767325648135,26.0,0.4,5,True,0.003923687147438842,0.5793947584798095,0.09746559012422186,2.606253539643356,0.0,51,6,43,4,
nsclc,LUSC,PathoTME-FusionVal,hive_mil,plip,16,shared_core62_v1,feature,6,LOG1P_COUNT_TLS_MATURE,0.6306410709812091,1.2146788817731504,-0.001737482764271181,23.5,0.4,5,True,0.032047826613931296,0.1804905065641067,0.14124457613191868,2.7994224455960888,0.0,10,44,37,3,
nsclc,LUSC,PathoTME-FusionVal,hive_mil,plip,16,shared_core62_v1,feature,7,RATIO_OF_LYMPHOCYTES_AROUND_CARCINOMA_CELL_IN_WHOLE_TUMOR_REGION_20,0.5943195652112363,0.8319240849100609,0.11760603932544803,18.25,0.2,5,True,0.010057472271259358,0.6710933499649996,0.29055155185878256,1.9998954519611405,0.0,39,4,18,12,
nsclc,LUSC,PathoTME-FusionVal,hive_mil,plip,16,shared_core62_v1,feature,8,RATIO_OF_MACROPHAGES_AROUND_CARCINOMA_CELL_IN_WHOLE_TUMOR_REGION_20,0.5776846674169593,0.892541629845836,0.06445974725318684,17.75,0.2,5,True,0.01238226249887371,0.4581689157055298,0.2810365280913397,2.136835630789054,0.0,31,12,20,8,
nsclc,LUSC,PathoTME-FusionVal,hive_mil,plip,16,shared_core62_v1,feature,9,RELATIVE_AREA_NECROSIS,0.5753724741892724,0.8361818470090833,0.027076775091389716,27.5,0.2,5,True,0.00034997968599729927,0.3014770867230313,0.5644077784486894,2.010627526088644,0.0,61,32,6,11,
nsclc,LUSC,PathoTME-FusionVal,hive_mil,plip,16,shared_core62_v1,feature,10,CELL_PERCENTAGE_LYMPHOCYTE_IN_TUMOR_CORE,0.5603688170699126,0.7523258949263186,0.11544478209658918,13.75,0.2,5,True,0.01845187064100817,0.6757954066923568,0.2935283833536813,1.8140684246625165,0.0,19,3,17,16,
nsclc,LUSC,PathoTME-FusionVal,hive_mil,plip,16,shared_core62_v1,group,1,high/cell_lymphocyte,1.7608841657535446,2.4186460178030833,0.3366976892107367,6.0,0.6,5,True,0.012853953831643738,2.1825381611885577,0.8246261391305104,5.784402574617011,0.0,15,1,7,1,
nsclc,LUSC,PathoTME-FusionVal,hive_mil,plip,16,shared_core62_v1,group,2,high/spatial_fibroblasts,1.695420872989881,1.824231063799322,-0.09277425529135201,3.25,0.8,5,True,0.08292900594418677,1.888713114214572,2.038461460759326,4.46700078403132,0.0,3,3,1,6,
nsclc,LUSC,PathoTME-FusionVal,hive_mil,plip,16,shared_core62_v1,group,3,high/spatial_lymphocytes,1.4395685570056247,1.7327884576685657,0.21432698131420094,6.25,0.8,5,True,0.02525673663655979,2.0233174537508645,0.9903242650919665,4.158944329548732,0.0,9,2,5,9,
nsclc,LUSC,PathoTME-FusionVal,hive_mil,plip,16,shared_core62_v1,group,4,high/cell_granulocyte,1.4386750371668593,2.083589879375315,0.10680235247815514,5.0,0.8,5,True,0.06795398535063193,1.4739638228349563,0.6385336685146654,5.012923709134044,0.0,4,5,8,3,
nsclc,LUSC,PathoTME-FusionVal,hive_mil,plip,16,shared_core62_v1,group,5,high/cell_endothelial_cell,1.382280369887115,2.174330317341203,0.31080654500469507,4.75,0.8,5,True,0.11161135939224931,1.0486445290424462,0.5502351508175914,5.200910810183288,0.0,2,6,9,2,
nsclc,LUSC,PathoTME-FusionVal,hive_mil,plip,16,shared_core62_v1,group,6,low/global_tissue,1.2982821191158629,1.9618442911584302,0.13068792232995385,7.75,0.4,5,True,0.021199596199211676,0.6454387849800085,1.117673306746392,4.707098907653703,0.0,12,12,3,4,
nsclc,LUSC,PathoTME-FusionVal,hive_mil,plip,16,shared_core62_v1,group,7,high/spatial_macrophages,1.1188129473762118,1.8770998069814266,0.06324851149916247,9.75,0.4,5,True,0.02216254730395505,0.730843454373778,0.4080459980537491,4.4330127371495776,0.0,11,9,12,7,
nsclc,LUSC,PathoTME-FusionVal,hive_mil,plip,16,shared_core62_v1,group,8,high/cell_macrophage,1.0873914460432363,1.9933605391565787,-0.31631999024130686,11.75,0.2,5,True,0.00511433502973138,0.696962072097997,0.11902816619028528,4.615852656898168,0.0,16,11,15,5,
nsclc,LUSC,PathoTME-FusionVal,hive_mil,plip,16,shared_core62_v1,group,9,low/tls,1.0264818981799164,1.7912509401401975,-0.010483477005260866,9.25,0.6,5,True,0.06228773203284756,0.3172932043738089,0.5456493025210704,4.207179251971856,0.0,5,14,10,8,
nsclc,LUSC,PathoTME-FusionVal,hive_mil,plip,16,shared_core62_v1,group,10,high/spatial_plasma_cells,1.0111702497465007,1.4792021101199613,-0.13637492976869198,8.75,0.6,5,True,0.05372277948198501,0.5757363906729019,0.8468780025624172,3.5795140760151996,0.0,6,13,6,10,
nsclc,LUSC,PathoTME-FusionVal,mgpath,clip-rn50,16,shared_core62_v1,feature,1,AVG_MIN_DISTANCE_OF_FIBROBLASTS_AROUND_CARCINOMA_CELL_IN_WHOLE_TUMOR_REGION_40,1.9818057833759766,1.5483393941653154,-0.0971980730514076,4.2,0.8,5,True,0.0735969843481592,0.8537579731957086,3.539715140349625,1.9607722101992846,3.4811866087871044,5,1,1,13,1
nsclc,LUSC,PathoTME-FusionVal,mgpath,clip-rn50,16,shared_core62_v1,feature,2,RELATIVE_AREA_EPITHELIAL_TISSUE,1.3438118801991035,1.6083890077711946,0.3337317137801639,22.4,0.4,5,True,0.02681958082797017,0.23615647342484394,0.3478064312998258,3.5755935021510306,2.532683413291846,30,38,40,1,3
nsclc,LUSC,PathoTME-FusionVal,mgpath,clip-rn50,16,shared_core62_v1,feature,3,RELATIVE_AREA_NECROSIS,1.2491874076380491,1.0265676125317922,0.20324023546120734,23.2,0.4,5,True,0.0006999593719945985,0.3014770867230313,1.6932233353460682,2.010627526088644,2.239909130660507,61,32,6,11,6
nsclc,LUSC,PathoTME-FusionVal,mgpath,clip-rn50,16,shared_core62_v1,feature,4,RELATIVE_AREA_NECROSIS_IN_TUMOR_CORE,1.2013382889805064,1.0325481529156033,0.3838403971019421,21.0,0.4,5,True,0.020335385982633583,0.24817767169115376,1.5805924934688498,1.7061989130066613,2.4513869807532345,38,36,7,20,4
nsclc,LUSC,PathoTME-FusionVal,mgpath,clip-rn50,16,shared_core62_v1,feature,5,RATIO_OF_FIBROBLASTS_AROUND_CARCINOMA_CELL_IN_WHOLE_TUMOR_REGION_20,1.1637090529448488,0.8826105164445923,-0.05283607314300036,13.6,0.6,5,True,0.03259841173269708,0.5430863062902322,1.4577600512541835,1.503618084868509,2.2814824105786218,22,7,9,25,5
nsclc,LUSC,PathoTME-FusionVal,mgpath,clip-rn50,16,shared_core62_v1,feature,6,TLS_MATURE_PRESENT,1.0994462522845263,1.128414376062071,-0.05753706418630281,18.8,0.4,5,True,0.07102383082389843,0.1944189417576562,0.7574520933418164,1.7318136432460431,2.742522752253217,7,41,26,18,2
nsclc,LUSC,PathoTME-FusionVal,mgpath,clip-rn50,16,shared_core62_v1,feature,7,RATIO_OF_PLASMA_CELLS_AROUND_CARCINOMA_CELL_IN_WHOLE_TUMOR_REGION_20,1.0595733310939974,0.9543571253342922,-0.09930181170758376,18.8,0.2,5,True,0.03798584026988367,0.18374567954050777,1.0562482932220194,1.8958002177705098,2.1240866246670667,18,43,12,14,7
nsclc,LUSC,PathoTME-FusionVal,mgpath,clip-rn50,16,shared_core62_v1,feature,8,RATIO_OF_LYMPHOCYTES_AROUND_CARCINOMA_CELL_IN_WHOLE_TUMOR_REGION_20,1.047783805998088,0.7953606859216775,0.09880695139215437,17.2,0.2,5,True,0.020114944542518717,0.6710933499649996,0.8716546555763478,1.9998954519611405,1.6761606279454333,39,4,18,12,13
nsclc,LUSC,PathoTME-FusionVal,mgpath,clip-rn50,16,shared_core62_v1,feature,9,LOG1P_COUNT_TLS_MATURE,1.0316947648382044,1.182117159051041,0.020254335589252187,21.2,0.4,5,True,0.06409565322786259,0.1804905065641067,0.423733728395756,2.7994224455960888,1.690731490407208,10,44,37,3,12
nsclc,LUSC,PathoTME-FusionVal,mgpath,clip-rn50,16,shared_core62_v1,feature,10,RATIO_OF_LYMPHOCYTES_AROUND_CARCINOMA_CELL_IN_WHOLE_TUMOR_REGION_40,1.0198248719725342,0.803390386592976,0.1042860425469582,15.0,0.4,5,True,0.027425026615106037,0.8111521096039593,0.9366729170043534,2.262691706748688,1.0611825998905642,28,2,15,5,25
nsclc,LUSC,PathoTME-FusionVal,mgpath,clip-rn50,16,shared_core62_v1,group,1,high/spatial_fibroblasts,4.197797258508112,3.263267697447291,-0.09657422128756706,2.8,1.0,5,True,0.16585801188837354,1.888713114214572,6.115384382277979,4.46700078403132,8.352030000128313,3,3,1,6,1
nsclc,LUSC,PathoTME-FusionVal,mgpath,clip-rn50,16,shared_core62_v1,group,2,high/spatial_lymphocytes,2.754098313719536,1.8131272125664337,0.16717615686024684,5.8,1.0,5,True,0.05051347327311958,2.0233174537508645,2.9709727952758986,4.158944329548732,4.566743516749066,9,2,5,9,4
nsclc,LUSC,PathoTME-FusionVal,mgpath,clip-rn50,16,shared_core62_v1,group,3,high/cell_lymphocyte,2.6342201991449303,2.0592875692860186,0.19794507913105985,6.4,0.8,5,True,0.025707907663287476,2.1825381611885577,2.4738784173915316,5.784402574617011,2.7045739348642654,15,1,7,1,8
nsclc,LUSC,PathoTME-FusionVal,mgpath,clip-rn50,16,shared_core62_v1,group,4,high/spatial_plasma_cells,2.4596737117405647,2.2111215296306708,-0.48298833723087464,7.4,0.8,5,True,0.10744555896397003,0.5757363906729019,2.5406340076872516,3.5795140760151996,5.4950385253635,6,13,6,10,2
nsclc,LUSC,PathoTME-FusionVal,mgpath,clip-rn50,16,shared_core62_v1,group,5,low/global_tissue,2.4175859705313347,1.9842959684318078,0.4866551802247881,7.2,0.6,5,True,0.04239919239842335,0.6454387849800085,3.353019920239176,4.707098907653703,3.339973047385362,12,12,3,4,5
nsclc,LUSC,PathoTME-FusionVal,mgpath,clip-rn50,16,shared_core62_v1,group,6,high/cell_granulocyte,2.3230861085503824,1.835379032010148,0.30622872087519487,5.2,1.0,5,True,0.13590797070126387,1.4739638228349563,1.915601005543996,5.012923709134044,3.077034034537655,4,5,8,3,6
nsclc,LUSC,PathoTME-FusionVal,mgpath,clip-rn50,16,shared_core62_v1,group,7,low/tls,2.301706323269312,2.3066084302511984,-0.02632116077661687,8.0,0.8,5,True,0.12457546406569513,0.3172932043738089,1.6369479075632107,4.207179251971856,5.2225357883719905,5,14,10,8,3
nsclc,LUSC,PathoTME-FusionVal,mgpath,clip-rn50,16,shared_core62_v1,group,8,high/cell_endothelial_cell,2.2345540058804105,1.9529321368978334,0.4009658753141353,5.2,1.0,5,True,0.22322271878449862,1.0486445290424462,1.6507054524527742,5.200910810183288,3.0492865189390455,2,6,9,2,7
nsclc,LUSC,PathoTME-FusionVal,mgpath,clip-rn50,16,shared_core62_v1,group,9,high/cell_fibroblast,1.6895143922548435,1.676118730035895,0.35000923315420385,9.8,0.4,5,True,0.0990440311471584,0.10037047736467464,4.064449049125046,2.4223480503175536,1.7613603533197848,7,16,2,12,12
nsclc,LUSC,PathoTME-FusionVal,mgpath,clip-rn50,16,shared_core62_v1,group,10,high/spatial_macrophages,1.6552177296702315,1.687229196405345,0.11921275680089397,10.0,0.4,5,True,0.0443250946079101,0.730843454373778,1.2241379941612474,4.4330127371495776,1.8437693680586449,11,9,12,7,11
nsclc,LUSC,PathoTME-FusionVal,mgpath,plip,16,shared_core62_v1,feature,1,AVG_MIN_DISTANCE_OF_FIBROBLASTS_AROUND_CARCINOMA_CELL_IN_WHOLE_TUMOR_REGION_40,1.8770278302887236,1.751715579226624,-0.21311338002601432,4.2,0.8,5,True,0.11039547652223877,0.8537579731957086,4.719620187132834,1.9607722101992846,1.7405933043935522,5,1,1,13,1
nsclc,LUSC,PathoTME-FusionVal,mgpath,plip,16,shared_core62_v1,feature,2,RELATIVE_AREA_NECROSIS,1.1381480461989357,1.0009750476288526,0.2130027844193602,23.2,0.4,5,True,0.001049939057991898,0.3014770867230313,2.2576311137947576,2.010627526088644,1.1199545653302534,61,32,6,11,6
nsclc,LUSC,PathoTME-FusionVal,mgpath,plip,16,shared_core62_v1,feature,3,RELATIVE_AREA_EPITHELIAL_TISSUE,1.116412592372704,1.451641283894812,0.21965352138857078,22.4,0.4,5,True,0.040229371241955254,0.23615647342484394,0.46374190839976764,3.5755935021510306,1.266341706645923,30,38,40,1,3
nsclc,LUSC,PathoTME-FusionVal,mgpath,plip,16,shared_core62_v1,feature,4,RELATIVE_AREA_NECROSIS_IN_TUMOR_CORE,1.0636059624013696,0.9029184911364381,0.26824343228292785,21.0,0.4,5,True,0.03050307897395037,0.24817767169115376,2.1074566579584664,1.7061989130066613,1.2256934903766172,38,36,7,20,4
nsclc,LUSC,PathoTME-FusionVal,mgpath,plip,16,shared_core62_v1,feature,5,RATIO_OF_FIBROBLASTS_AROUND_CARCINOMA_CELL_IN_WHOLE_TUMOR_REGION_20,1.0360046564772019,0.7534679028533852,-0.13163113572375354,13.6,0.6,5,True,0.048897617599045616,0.5430863062902322,1.9436800683389113,1.503618084868509,1.1407412052893109,22,7,9,25,5
nsclc,LUSC,PathoTME-FusionVal,mgpath,plip,16,shared_core62_v1,feature,6,RATIO_OF_LYMPHOCYTES_AROUND_CARCINOMA_CELL_IN_WHOLE_TUMOR_REGION_40,0.9788939757786119,0.841061549946477,0.14323117010731531,15.0,0.4,5,True,0.04113753992265905,0.8111521096039593,1.2488972226724713,2.262691706748688,0.5305912999452821,28,2,15,5,25
nsclc,LUSC,PathoTME-FusionVal,mgpath,plip,16,shared_core62_v1,feature,7,RATIO_OF_LYMPHOCYTES_AROUND_CARCINOMA_CELL_IN_WHOLE_TUMOR_REGION_20,0.940289548029553,0.7216713567268234,0.14091340902338376,17.2,0.2,5,True,0.030172416813778073,0.6710933499649996,1.1622062074351303,1.9998954519611405,0.8380803139727167,39,4,18,12,13
nsclc,LUSC,PathoTME-FusionVal,mgpath,plip,16,shared_core62_v1,feature,8,RELATIVE_AREA_VALID_TISSUE,0.9232824496327261,1.2701735187414793,-0.016337339711914513,31.8,0.2,5,True,0.006007576329732046,0.45610419980211286,3.114653087780803,0.884550404051387,0.15509698019959545,55,14,2,39,49
nsclc,LUSC,PathoTME-FusionVal,mgpath,plip,16,shared_core62_v1,feature,9,RATIO_OF_PLASMA_CELLS_AROUND_CARCINOMA_CELL_IN_WHOLE_TUMOR_REGION_20,0.921379805535747,0.7902050611227668,-0.03716261163615207,18.8,0.2,5,True,0.05697876040482551,0.18374567954050777,1.408331057629359,1.8958002177705098,1.0620433123335333,18,43,12,14,7
nsclc,LUSC,PathoTME-FusionVal,mgpath,plip,16,shared_core62_v1,feature,10,LOG1P_COUNT_TLS_MATURE,0.8972800963466536,1.1053135631840354,-0.007376613481173818,21.2,0.4,5,True,0.09614347984179389,0.1804905065641067,0.5649783045276747,2.7994224455960888,0.845365745203604,10,44,37,3,12
nsclc,LUSC,PathoTME-FusionVal,mgpath,plip,16,shared_core62_v1,group,1,high/spatial_fibroblasts,3.786872351835983,2.9918857130521874,-0.22876231175385717,2.8,1.0,5,True,0.24878701783256027,1.888713114214572,8.153845843037304,4.46700078403132,4.176015000064156,3,3,1,6,1
nsclc,LUSC,PathoTME-FusionVal,mgpath,plip,16,shared_core62_v1,group,2,high/cell_lymphocyte,2.531258824250935,2.1735184127575575,0.2598735755332826,6.4,0.8,5,True,0.03856186149493122,2.1825381611885577,3.2985045565220417,5.784402574617011,1.3522869674321327,15,1,7,1,8
nsclc,LUSC,PathoTME-FusionVal,mgpath,plip,16,shared_core62_v1,group,3,high/spatial_lymphocytes,2.500540162390335,1.6612140175511914,0.3179137006139545,5.8,1.0,5,True,0.07577020990967935,2.0233174537508645,3.961297060367866,4.158944329548732,2.283371758374533,9,2,5,9,4
nsclc,LUSC,PathoTME-FusionVal,mgpath,plip,16,shared_core62_v1,group,4,low/global_tissue,2.3113632463819194,2.1587825731767323,0.43912863394889146,7.2,0.6,5,True,0.06359878859763504,0.6454387849800085,4.470693226985568,4.707098907653703,1.669986523692681,12,12,3,4,5
nsclc,LUSC,PathoTME-FusionVal,mgpath,plip,16,shared_core62_v1,group,5,high/cell_granulocyte,2.156680235869677,1.8012373183765826,0.17843273872687163,5.2,1.0,5,True,0.2038619560518958,1.4739638228349563,2.5541346740586617,5.012923709134044,1.5385170172688274,4,5,8,3,6
nsclc,LUSC,PathoTME-FusionVal,mgpath,plip,16,shared_core62_v1,group,6,high/spatial_plasma_cells,2.0902900156130952,1.6084081118288582,-0.3072192030202124,7.4,0.8,5,True,0.16116833844595507,0.5757363906729019,3.3875120102496687,3.5795140760151996,2.74751926268175,6,13,6,10,2
nsclc,LUSC,PathoTME-FusionVal,mgpath,plip,16,shared_core62_v1,group,7,high/cell_endothelial_cell,2.061994656028474,1.8822067676002385,0.3861772487931102,5.2,1.0,5,True,0.33483407817674793,1.0486445290424462,2.200940603270366,5.200910810183288,1.5246432594695227,2,6,9,2,7
nsclc,LUSC,PathoTME-FusionVal,mgpath,plip,16,shared_core62_v1,group,8,low/tls,1.9010401513428967,1.6843865649996705,-0.08712117790068839,8.0,0.8,5,True,0.1868631960985427,0.3172932043738089,2.1825972100842814,4.207179251971856,2.6112678941859953,5,14,10,8,3
nsclc,LUSC,PathoTME-FusionVal,mgpath,plip,16,shared_core62_v1,group,9,high/cell_fibroblast,1.7942460299792504,2.2331232128968477,0.516744918137677,9.8,0.4,5,True,0.1485660467207376,0.10037047736467464,5.419265398833395,2.4223480503175536,0.8806801766598924,7,16,2,12,12
nsclc,LUSC,PathoTME-FusionVal,mgpath,plip,16,shared_core62_v1,group,10,high/spatial_macrophages,1.5568825019359078,1.7018104345062977,0.012047025394453426,10.0,0.4,5,True,0.06648764191186514,0.730843454373778,1.6321839922149963,4.4330127371495776,0.9218846840293224,11,9,12,7,11
nsclc,LUSC,PathoTME-FusionVal,mscpt,clip-rn50,16,shared_core62_v1,feature,1,AVG_MIN_DISTANCE_OF_FIBROBLASTS_AROUND_CARCINOMA_CELL_IN_WHOLE_TUMOR_REGION_40,2.0584468591628946,1.7678192864185585,-0.1840080186203147,4.2,0.8,5,True,0.1471939686963184,0.8537579731957086,4.719620187132834,1.9607722101992846,2.6108899565903285,5,1,1,13,1
nsclc,LUSC,PathoTME-FusionVal,mscpt,clip-rn50,16,shared_core62_v1,feature,2,RELATIVE_AREA_NECROSIS,1.2502134986691604,1.029248966585254,0.2325777557068168,23.2,0.4,5,True,0.001399918743989197,0.3014770867230313,2.2576311137947576,2.010627526088644,1.6799318479953802,61,32,6,11,6
nsclc,LUSC,PathoTME-FusionVal,mscpt,clip-rn50,16,shared_core62_v1,feature,3,RELATIVE_AREA_EPITHELIAL_TISSUE,1.2457287211200934,1.4922734520017242,0.27239835535338347,22.4,0.4,5,True,0.05363916165594034,0.23615647342484394,0.46374190839976764,3.5755935021510306,1.8995125599688842,30,38,40,1,3
nsclc,LUSC,PathoTME-FusionVal,mscpt,clip-rn50,16,shared_core62_v1,feature,4,RELATIVE_AREA_NECROSIS_IN_TUMOR_CORE,1.1882088500372947,0.9665354889492228,0.3398157859707186,21.0,0.4,5,True,0.040670771965267166,0.24817767169115376,2.1074566579584664,1.7061989130066613,1.838540235564926,38,36,7,20,4
nsclc,LUSC,PathoTME-FusionVal,mscpt,clip-rn50,16,shared_core62_v1,feature,5,RATIO_OF_FIBROBLASTS_AROUND_CARCINOMA_CELL_IN_WHOLE_TUMOR_REGION_20,1.1533386181794028,0.8085336562881476,-0.11546238635968169,13.6,0.6,5,True,0.06519682346539415,0.5430863062902322,1.9436800683389113,1.503618084868509,1.7111118079339669,22,7,9,25,5
nsclc,LUSC,PathoTME-FusionVal,mscpt,clip-rn50,16,shared_core62_v1,feature,6,RATIO_OF_LYMPHOCYTES_AROUND_CARCINOMA_CELL_IN_WHOLE_TUMOR_REGION_40,1.0346956084346508,0.8094682409339027,0.13275016734509623,15.0,0.4,5,True,0.054850053230212074,0.8111521096039593,1.2488972226724713,2.262691706748688,0.7958869499179232,28,2,15,5,25
nsclc,LUSC,PathoTME-FusionVal,mscpt,clip-rn50,16,shared_core62_v1,feature,7,RATIO_OF_PLASMA_CELLS_AROUND_CARCINOMA_CELL_IN_WHOLE_TUMOR_REGION_20,1.0313827207960888,0.8420352449059255,-0.06400844865401245,18.8,0.2,5,True,0.07597168053976734,0.18374567954050777,1.408331057629359,1.8958002177705098,1.5930649685002998,18,43,12,14,7
nsclc,LUSC,PathoTME-FusionVal,mscpt,clip-rn50,16,shared_core62_v1,feature,8,TLS_MATURE_PRESENT,1.0270216870594326,0.8709280924368898,-0.07571865108671069,18.8,0.4,5,True,0.14204766164779686,0.1944189417576562,1.0099361244557552,1.7318136432460431,2.056892064189912,7,41,26,18,2
nsclc,LUSC,PathoTME-FusionVal,mscpt,clip-rn50,16,shared_core62_v1,feature,9,RATIO_OF_LYMPHOCYTES_AROUND_CARCINOMA_CELL_IN_WHOLE_TUMOR_REGION_20,1.0261090738810765,0.7276919912843631,0.1279926338507305,17.2,0.2,5,True,0.04022988908503743,0.6710933499649996,1.1622062074351303,1.9998954519611405,1.2571204709590753,39,4,18,12,13
nsclc,LUSC,PathoTME-FusionVal,mscpt,clip-rn50,16,shared_core62_v1,feature,10,LOG1P_COUNT_TLS_MATURE,0.9882262361898002,1.1101765822554595,0.002930986646286249,21.2,0.4,5,True,0.12819130645572518,0.1804905065641067,0.5649783045276747,2.7994224455960888,1.2680486178054058,10,44,37,3,12
nsclc,LUSC,PathoTME-FusionVal,mscpt,clip-rn50,16,shared_core62_v1,group,1,high/spatial_fibroblasts,4.221059653031236,3.1728467381147065,-0.19799761099241459,2.8,1.0,5,True,0.3317160237767471,1.888713114214572,8.153845843037304,4.46700078403132,6.264022500096235,3,3,1,6,1
nsclc,LUSC,PathoTME-FusionVal,mscpt,clip-rn50,16,shared_core62_v1,group,2,high/spatial_lymphocytes,2.7339286855551004,1.6920329364008557,0.2742521462341324,5.8,1.0,5,True,0.10102694654623916,2.0233174537508645,3.961297060367866,4.158944329548732,3.4250576375617996,9,2,5,9,4
nsclc,LUSC,PathoTME-FusionVal,mscpt,clip-rn50,16,shared_core62_v1,group,3,high/cell_lymphocyte,2.669058311760477,2.0976612335527065,0.2269917422172875,6.4,0.8,5,True,0.05141581532657495,2.1825381611885577,3.2985045565220417,5.784402574617011,2.0284304511481994,15,1,7,1,8
nsclc,LUSC,PathoTME-FusionVal,mscpt,clip-rn50,16,shared_core62_v1,group,4,low/global_tissue,2.4826018179910294,2.1228533180584592,0.496532135488888,7.2,0.6,5,True,0.0847983847968467,0.6454387849800085,4.470693226985568,4.707098907653703,2.504979785539022,12,12,3,4,5
nsclc,LUSC,PathoTME-FusionVal,mscpt,clip-rn50,16,shared_core62_v1,group,5,high/spatial_plasma_cells,2.375786497777667,1.8322760116375116,-0.3981493073073271,7.4,0.8,5,True,0.21489111792794005,0.5757363906729019,3.3875120102496687,3.5795140760151996,4.121278894022625,6,13,6,10,2
nsclc,LUSC,PathoTME-FusionVal,mscpt,clip-rn50,16,shared_core62_v1,group,6,high/cell_granulocyte,2.324122734666686,1.7476810888173326,0.2358518951489194,5.2,1.0,5,True,0.27181594140252774,1.4739638228349563,2.5541346740586617,5.012923709134044,2.3077755259032413,4,5,8,3,6
nsclc,LUSC,PathoTME-FusionVal,mscpt,clip-rn50,16,shared_core62_v1,group,7,high/cell_endothelial_cell,2.2367812538538763,1.8307674748664087,0.3952758696180968,5.2,1.0,5,True,0.44644543756899724,1.0486445290424462,2.200940603270366,5.200910810183288,2.286964889204284,2,6,9,2,7
nsclc,LUSC,PathoTME-FusionVal,mscpt,clip-rn50,16,shared_core62_v1,group,8,low/tls,2.174624487168066,1.8923530811849427,-0.07305263905940804,8.0,0.8,5,True,0.24915092813139025,0.3172932043738089,2.1825972100842814,4.207179251971856,3.9169018412789933,5,14,10,8,3
nsclc,LUSC,PathoTME-FusionVal,mscpt,clip-rn50,16,shared_core62_v1,group,9,high/cell_fibroblast,1.8922184507599558,2.18678770497686,0.5017656861049796,9.8,0.4,5,True,0.1980880622943168,0.10037047736467464,5.419265398833395,2.4223480503175536,1.3210202649898384,7,16,2,12,12
nsclc,LUSC,PathoTME-FusionVal,mscpt,clip-rn50,16,shared_core62_v1,group,10,high/spatial_macrophages,1.653503479799631,1.6657925529933548,0.04667512481270616,10.0,0.4,5,True,0.0886501892158202,0.730843454373778,1.6321839922149963,4.4330127371495776,1.3828270260439839,11,9,12,7,11
nsclc,LUSC,PathoTME-FusionVal,mscpt,plip,16,shared_core62_v1,feature,1,AVG_MIN_DISTANCE_OF_FIBROBLASTS_AROUND_CARCINOMA_CELL_IN_WHOLE_TUMOR_REGION_40,1.2162870842664533,0.9359798408442386,-0.12849018360755776,4.2,0.8,5,True,0.0367984921740796,0.8537579731957086,2.359810093566417,1.9607722101992846,0.8702966521967761,5,1,1,13,1
nsclc,LUSC,PathoTME-FusionVal,mscpt,plip,16,shared_core62_v1,feature,2,RELATIVE_AREA_EPITHELIAL_TISSUE,0.938040314702541,1.4912989224085123,0.18581307488648868,22.4,0.4,5,True,0.013409790413985085,0.23615647342484394,0.23187095419988382,3.5755935021510306,0.6331708533229615,30,38,40,1,3
nsclc,LUSC,PathoTME-FusionVal,mscpt,plip,16,shared_core62_v1,feature,3,RELATIVE_AREA_NECROSIS,0.8002494864120356,0.7936174331897978,0.09558138998029422,23.2,0.4,5,True,0.00034997968599729927,0.3014770867230313,1.1288155568973788,2.010627526088644,0.5599772826651267,61,32,6,11,6
nsclc,LUSC,PathoTME-FusionVal,mscpt,plip,16,shared_core62_v1,feature,4,RATIO_OF_LYMPHOCYTES_AROUND_CARCINOMA_CELL_IN_WHOLE_TUMOR_REGION_40,0.7954601181938153,0.8767073898449554,0.11726847675991374,15.0,0.4,5,True,0.013712513307553019,0.8111521096039593,0.6244486113362356,2.262691706748688,0.26529564997264105,28,2,15,5,25
nsclc,LUSC,PathoTME-FusionVal,mscpt,plip,16,shared_core62_v1,feature,5,CELL_DENSITY_MACROPHAGE_IN_TUMOR_CORE,0.7737092174802018,1.4097473446138917,-0.24742178037565413,35.2,0.2,5,True,0.0005821277375995929,0.2085724187091344,0.23285803583193532,3.2903508467393188,0.13618265838302063,60,40,39,2,35
nsclc,LUSC,PathoTME-FusionVal,mscpt,plip,16,shared_core62_v1,feature,6,LOG1P_COUNT_TLS_MATURE,0.7434265607279532,1.1581683373992226,-0.0007598912413414996,21.2,0.4,5,True,0.032047826613931296,0.1804905065641067,0.28248915226383736,2.7994224455960888,0.422682872601802,10,44,37,3,12
nsclc,LUSC,PathoTME-FusionVal,mscpt,plip,16,shared_core62_v1,feature,7,RATIO_OF_LYMPHOCYTES_AROUND_CARCINOMA_CELL_IN_WHOLE_TUMOR_REGION_20,0.7362379069802646,0.7505153975493312,0.12110759285448369,17.2,0.2,5,True,0.010057472271259358,0.6710933499649996,0.5811031037175651,1.9998954519611405,0.4190401569863583,39,4,18,12,13
nsclc,LUSC,PathoTME-FusionVal,mscpt,plip,16,shared_core62_v1,feature,8,RELATIVE_AREA_NECROSIS_IN_TUMOR_CORE,0.7262238703713347,0.6748572523777872,0.14104945533515384,21.0,0.4,5,True,0.010167692991316792,0.24817767169115376,1.0537283289792332,1.7061989130066613,0.6128467451883086,38,36,7,20,4
nsclc,LUSC,PathoTME-FusionVal,mscpt,plip,16,shared_core62_v1,feature,9,RATIO_OF_FIBROBLASTS_AROUND_CARCINOMA_CELL_IN_WHOLE_TUMOR_REGION_20,0.7210428467678403,0.5537051307636234,-0.05707300883179971,13.6,0.6,5,True,0.01629920586634854,0.5430863062902322,0.9718400341694556,1.503618084868509,0.5703706026446554,22,7,9,25,5
nsclc,LUSC,PathoTME-FusionVal,mscpt,plip,16,shared_core62_v1,feature,10,CELL_PERCENTAGE_LYMPHOCYTE_IN_INNER_INVASIVE_MARGIN,0.6848315205170727,1.0980517720401095,0.15356601619858545,31.6,0.4,5,True,0.003923687147438842,0.5793947584798095,0.19493118024844372,2.606253539643356,0.03965443706631619,51,6,43,4,54
nsclc,LUSC,PathoTME-FusionVal,mscpt,plip,16,shared_core62_v1,group,1,high/spatial_fibroblasts,2.5207146651481613,1.7846059904849283,-0.1262421950978368,2.8,1.0,5,True,0.08292900594418677,1.888713114214572,4.076922921518652,4.46700078403132,2.088007500032078,3,3,1,6,1
nsclc,LUSC,PathoTME-FusionVal,mscpt,plip,16,shared_core62_v1,group,2,high/cell_lymphocyte,2.06103809032286,2.2450369837444604,0.3001784917289024,6.4,0.8,5,True,0.012853953831643738,2.1825381611885577,1.6492522782610208,5.784402574617011,0.6761434837160664,15,1,7,1,8
nsclc,LUSC,PathoTME-FusionVal,mscpt,plip,16,shared_core62_v1,group,3,high/spatial_lymphocytes,1.865970585861471,1.51727168529884,0.23437609440720114,5.8,1.0,5,True,0.02525673663655979,2.0233174537508645,1.980648530183933,4.158944329548732,1.1416858791872666,9,2,5,9,4
nsclc,LUSC,PathoTME-FusionVal,mscpt,plip,16,shared_core62_v1,group,4,high/cell_granulocyte,1.7202334725966755,1.919194807982832,0.14933720907033254,5.2,1.0,5,True,0.06795398535063193,1.4739638228349563,1.2770673370293308,5.012923709134044,0.7692585086344137,4,5,8,3,6
nsclc,LUSC,PathoTME-FusionVal,mscpt,plip,16,shared_core62_v1,group,5,low/global_tissue,1.6888154328344094,1.871317795923119,0.25172403095256024,7.2,0.6,5,True,0.021199596199211676,0.6454387849800085,2.235346613492784,4.707098907653703,0.8349932618463405,12,12,3,4,5
nsclc,LUSC,PathoTME-FusionVal,mscpt,plip,16,shared_core62_v1,group,6,high/cell_endothelial_cell,1.6447917259975857,2.026515219638711,0.3441793884037843,5.2,1.0,5,True,0.11161135939224931,1.0486445290424462,1.100470301635183,5.200910810183288,0.7623216297347614,2,6,9,2,7
nsclc,LUSC,PathoTME-FusionVal,mscpt,plip,16,shared_core62_v1,group,7,high/spatial_plasma_cells,1.4552977765271593,1.3522061960685827,-0.2203787046800802,7.4,0.8,5,True,0.05372277948198501,0.5757363906729019,1.6937560051248344,3.5795140760151996,1.373759631340875,6,13,6,10,2
nsclc,LUSC,PathoTME-FusionVal,mscpt,plip,16,shared_core62_v1,group,8,low/tls,1.39673854810273,1.6542469425477269,-0.03209385994036058,8.0,0.8,5,True,0.06228773203284756,0.3172932043738089,1.0912986050421407,4.207179251971856,1.3056339470929976,5,14,10,8,3
nsclc,LUSC,PathoTME-FusionVal,mscpt,plip,16,shared_core62_v1,group,9,high/spatial_macrophages,1.292610615389894,1.7825885836834214,0.05697637291129824,10.0,0.4,5,True,0.02216254730395505,0.730843454373778,0.8160919961074982,4.4330127371495776,0.4609423420146612,11,9,12,7,11
nsclc,LUSC,PathoTME-FusionVal,mscpt,plip,16,shared_core62_v1,group,10,high/cell_macrophage,1.1563442824476653,1.9502464655167888,-0.32603963383926143,12.4,0.2,5,True,0.00511433502973138,0.696962072097997,0.23805633238057056,4.615852656898168,0.22573601583185915,16,11,15,5,15
nsclc,LUSC,PathoTME-FusionVal,muse,clip-rn50,16,shared_core62_v1,feature,1,AVG_MIN_DISTANCE_OF_FIBROBLASTS_AROUND_CARCINOMA_CELL_IN_WHOLE_TUMOR_REGION_40,1.996525180245608,1.5258502469730475,-0.09787031725231106,4.2,0.8,5,True,0.1471939686963184,0.8537579731957086,3.539715140349625,1.9607722101992846,3.4811866087871044,5,1,1,13,1
nsclc,LUSC,PathoTME-FusionVal,muse,clip-rn50,16,shared_core62_v1,feature,2,RELATIVE_AREA_EPITHELIAL_TISSUE,1.349175796364697,1.6029343304050125,0.334422649195682,22.4,0.4,5,True,0.05363916165594034,0.23615647342484394,0.3478064312998258,3.5755935021510306,2.532683413291846,30,38,40,1,3
nsclc,LUSC,PathoTME-FusionVal,muse,clip-rn50,16,shared_core62_v1,feature,3,RELATIVE_AREA_NECROSIS,1.2493273995124479,1.0263548196616668,0.20323165942701635,23.2,0.4,5,True,0.001399918743989197,0.3014770867230313,1.6932233353460682,2.010627526088644,2.239909130660507,61,32,6,11,6
nsclc,LUSC,PathoTME-FusionVal,muse,clip-rn50,16,shared_core62_v1,feature,4,RELATIVE_AREA_NECROSIS_IN_TUMOR_CORE,1.2054053661770332,1.0267571858694247,0.3836299418432027,21.0,0.4,5,True,0.040670771965267166,0.24817767169115376,1.5805924934688498,1.7061989130066613,2.4513869807532345,38,36,7,20,4
nsclc,LUSC,PathoTME-FusionVal,muse,clip-rn50,16,shared_core62_v1,feature,5,RATIO_OF_FIBROBLASTS_AROUND_CARCINOMA_CELL_IN_WHOLE_TUMOR_REGION_20,1.170228735291388,0.8722256874395266,-0.05371137372267767,13.6,0.6,5,True,0.06519682346539415,0.5430863062902322,1.4577600512541835,1.503618084868509,2.2814824105786218,22,7,9,25,5
nsclc,LUSC,PathoTME-FusionVal,muse,clip-rn50,16,shared_core62_v1,feature,6,TLS_MATURE_PRESENT,1.113651018449306,1.1125675849016416,-0.05780955344418539,18.8,0.4,5,True,0.14204766164779686,0.1944189417576562,0.7574520933418164,1.7318136432460431,2.742522752253217,7,41,26,18,2
nsclc,LUSC,PathoTME-FusionVal,muse,clip-rn50,16,shared_core62_v1,feature,7,RATIO_OF_PLASMA_CELLS_AROUND_CARCINOMA_CELL_IN_WHOLE_TUMOR_REGION_20,1.0671704991479742,0.9442897743089553,-0.10090904309025958,18.8,0.2,5,True,0.07597168053976734,0.18374567954050777,1.0562482932220194,1.8958002177705098,2.1240866246670667,18,43,12,14,7
nsclc,LUSC,PathoTME-FusionVal,muse,clip-rn50,16,shared_core62_v1,feature,8,RATIO_OF_LYMPHOCYTES_AROUND_CARCINOMA_CELL_IN_WHOLE_TUMOR_REGION_20,1.0518067949065917,0.7888876927867902,0.0987282406842714,17.2,0.2,5,True,0.04022988908503743,0.6710933499649996,0.8716546555763478,1.9998954519611405,1.6761606279454333,39,4,18,12,13
nsclc,LUSC,PathoTME-FusionVal,muse,clip-rn50,16,shared_core62_v1,feature,9,LOG1P_COUNT_TLS_MATURE,1.044513895483777,1.1692789144232285,0.021411465483764446,21.2,0.4,5,True,0.12819130645572518,0.1804905065641067,0.423733728395756,2.7994224455960888,1.690731490407208,10,44,37,3,12
nsclc,LUSC,PathoTME-FusionVal,muse,clip-rn50,16,shared_core62_v1,feature,10,RATIO_OF_LYMPHOCYTES_AROUND_CARCINOMA_CELL_IN_WHOLE_TUMOR_REGION_40,1.0253098772955553,0.794970592915928,0.1040950617318451,15.0,0.4,5,True,0.054850053230212074,0.8111521096039593,0.9366729170043534,2.262691706748688,1.0611825998905642,28,2,15,5,25
nsclc,LUSC,PathoTME-FusionVal,muse,clip-rn50,16,shared_core62_v1,group,1,high/spatial_fibroblasts,4.2309688608857865,3.21248394976145,-0.09978724547530589,2.8,1.0,5,True,0.3317160237767471,1.888713114214572,6.115384382277979,4.46700078403132,8.352030000128313,3,3,1,6,1
nsclc,LUSC,PathoTME-FusionVal,muse,clip-rn50,16,shared_core62_v1,group,2,high/spatial_lymphocytes,2.7642010083741604,1.7943402355338292,0.16702804062086746,5.8,1.0,5,True,0.10102694654623916,2.0233174537508645,2.9709727952758986,4.158944329548732,4.566743516749066,9,2,5,9,4
nsclc,LUSC,PathoTME-FusionVal,muse,clip-rn50,16,shared_core62_v1,group,3,high/cell_lymphocyte,2.6393617806775884,2.0511625425000384,0.19784617609909577,6.4,0.8,5,True,0.05141581532657495,2.1825381611885577,2.4738784173915316,5.784402574617011,2.7045739348642654,15,1,7,1,8
nsclc,LUSC,PathoTME-FusionVal,muse,clip-rn50,16,shared_core62_v1,group,4,high/spatial_plasma_cells,2.4811628235333587,2.1828877877897344,-0.48949703910052167,7.4,0.8,5,True,0.21489111792794005,0.5757363906729019,2.5406340076872516,3.5795140760151996,5.4950385253635,6,13,6,10,2
nsclc,LUSC,PathoTME-FusionVal,muse,clip-rn50,16,shared_core62_v1,group,5,low/global_tissue,2.4260658090110194,1.971658446091465,0.48847910508553144,7.2,0.6,5,True,0.0847983847968467,0.6454387849800085,3.353019920239176,4.707098907653703,3.339973047385362,12,12,3,4,5
nsclc,LUSC,PathoTME-FusionVal,muse,clip-rn50,16,shared_core62_v1,group,6,high/cell_granulocyte,2.3502677026906356,1.795461755455658,0.30719203613801627,5.2,1.0,5,True,0.27181594140252774,1.4739638228349563,1.915601005543996,5.012923709134044,3.077034034537655,4,5,8,3,6
nsclc,LUSC,PathoTME-FusionVal,muse,clip-rn50,16,shared_core62_v1,group,7,low/tls,2.326621416082451,2.277704483947998,-0.024813169609182194,8.0,0.8,5,True,0.24915092813139025,0.3172932043738089,1.6369479075632107,4.207179251971856,5.2225357883719905,5,14,10,8,3
nsclc,LUSC,PathoTME-FusionVal,muse,clip-rn50,16,shared_core62_v1,group,8,high/cell_endothelial_cell,2.27919854963731,1.8972143233234642,0.3905330715915581,5.2,1.0,5,True,0.44644543756899724,1.0486445290424462,1.6507054524527742,5.200910810183288,3.0492865189390455,2,6,9,2,7
nsclc,LUSC,PathoTME-FusionVal,muse,clip-rn50,16,shared_core62_v1,group,9,high/cell_fibroblast,1.7093231984842752,1.6530494981113624,0.3475385359220837,9.8,0.4,5,True,0.1980880622943168,0.10037047736467464,4.064449049125046,2.4223480503175536,1.7613603533197848,7,16,2,12,12
nsclc,LUSC,PathoTME-FusionVal,muse,clip-rn50,16,shared_core62_v1,group,10,high/spatial_macrophages,1.6640827485918137,1.6767330794669926,0.12070810951898489,10.0,0.4,5,True,0.0886501892158202,0.730843454373778,1.2241379941612474,4.4330127371495776,1.8437693680586449,11,9,12,7,11
nsclc,LUSC,PathoTME-FusionVal,muse,plip,16,shared_core62_v1,feature,1,AVG_MIN_DISTANCE_OF_FIBROBLASTS_AROUND_CARCINOMA_CELL_IN_WHOLE_TUMOR_REGION_40,2.0510871607280787,1.7778136762622057,-0.183671896519863,4.2,0.8,5,True,0.11039547652223877,0.8537579731957086,4.719620187132834,1.9607722101992846,2.6108899565903285,5,1,1,13,1
nsclc,LUSC,PathoTME-FusionVal,muse,plip,16,shared_core62_v1,feature,2,RELATIVE_AREA_NECROSIS,1.250143502731961,1.029355132792495,0.23258204372391228,23.2,0.4,5,True,0.001049939057991898,0.3014770867230313,2.2576311137947576,2.010627526088644,1.6799318479953802,61,32,6,11,6
nsclc,LUSC,PathoTME-FusionVal,muse,plip,16,shared_core62_v1,feature,3,RELATIVE_AREA_EPITHELIAL_TISSUE,1.2430467630372963,1.4949611552205926,0.2720528876456244,22.4,0.4,5,True,0.040229371241955254,0.23615647342484394,0.46374190839976764,3.5755935021510306,1.8995125599688842,30,38,40,1,3
nsclc,LUSC,PathoTME-FusionVal,muse,plip,16,shared_core62_v1,feature,4,RELATIVE_AREA_NECROSIS_IN_TUMOR_CORE,1.1861753114390314,0.9695594026315806,0.33992101360008836,21.0,0.4,5,True,0.03050307897395037,0.24817767169115376,2.1074566579584664,1.7061989130066613,1.838540235564926,38,36,7,20,4
nsclc,LUSC,PathoTME-FusionVal,muse,plip,16,shared_core62_v1,feature,5,RATIO_OF_FIBROBLASTS_AROUND_CARCINOMA_CELL_IN_WHOLE_TUMOR_REGION_20,1.150078777006133,0.8140317744013227,-0.11502473606984305,13.6,0.6,5,True,0.048897617599045616,0.5430863062902322,1.9436800683389113,1.503618084868509,1.7111118079339669,22,7,9,25,5
nsclc,LUSC,PathoTME-FusionVal,muse,plip,16,shared_core62_v1,feature,6,RATIO_OF_LYMPHOCYTES_AROUND_CARCINOMA_CELL_IN_WHOLE_TUMOR_REGION_40,1.0319531057731401,0.8136304519205342,0.13284565775265278,15.0,0.4,5,True,0.04113753992265905,0.8111521096039593,1.2488972226724713,2.262691706748688,0.7958869499179232,28,2,15,5,25
nsclc,LUSC,PathoTME-FusionVal,muse,plip,16,shared_core62_v1,feature,7,RATIO_OF_PLASMA_CELLS_AROUND_CARCINOMA_CELL_IN_WHOLE_TUMOR_REGION_20,1.0275841367691003,0.8474482418759551,-0.06320483296267455,18.8,0.2,5,True,0.05697876040482551,0.18374567954050777,1.408331057629359,1.8958002177705098,1.5930649685002998,18,43,12,14,7
nsclc,LUSC,PathoTME-FusionVal,muse,plip,16,shared_core62_v1,feature,8,RATIO_OF_LYMPHOCYTES_AROUND_CARCINOMA_CELL_IN_WHOLE_TUMOR_REGION_20,1.0240975794268248,0.7311043639666283,0.12803198920467201,17.2,0.2,5,True,0.030172416813778073,0.6710933499649996,1.1622062074351303,1.9998954519611405,1.2571204709590753,39,4,18,12,13
nsclc,LUSC,PathoTME-FusionVal,muse,plip,16,shared_core62_v1,feature,9,TLS_MATURE_PRESENT,1.019919303977043,0.8800463185475522,-0.0755824064577694,18.8,0.4,5,True,0.10653574623584762,0.1944189417576562,1.0099361244557552,1.7318136432460431,2.056892064189912,7,41,26,18,2
nsclc,LUSC,PathoTME-FusionVal,muse,plip,16,shared_core62_v1,feature,10,LOG1P_COUNT_TLS_MATURE,0.9818166708670141,1.1164580518683043,0.0023524216990301215,21.2,0.4,5,True,0.09614347984179389,0.1804905065641067,0.5649783045276747,2.7994224455960888,1.2680486178054058,10,44,37,3,12
nsclc,LUSC,PathoTME-FusionVal,muse,plip,16,shared_core62_v1,group,1,high/spatial_fibroblasts,4.2044738518423985,3.198374832324258,-0.19639109889854517,2.8,1.0,5,True,0.24878701783256027,1.888713114214572,8.153845843037304,4.46700078403132,6.264022500096235,3,3,1,6,1
nsclc,LUSC,PathoTME-FusionVal,muse,plip,16,shared_core62_v1,group,2,high/spatial_lymphocytes,2.728877338227788,1.7018672954494578,0.27432620435382216,5.8,1.0,5,True,0.07577020990967935,2.0233174537508645,3.961297060367866,4.158944329548732,3.4250576375617996,9,2,5,9,4
nsclc,LUSC,PathoTME-FusionVal,muse,plip,16,shared_core62_v1,group,3,high/cell_lymphocyte,2.6664875209941483,2.1016753373140533,0.22704119373326956,6.4,0.8,5,True,0.03856186149493122,2.1825381611885577,3.2985045565220417,5.784402574617011,2.0284304511481994,15,1,7,1,8
nsclc,LUSC,PathoTME-FusionVal,muse,plip,16,shared_core62_v1,group,4,low/global_tissue,2.4783618987511873,2.1288523497044154,0.4956201730585164,7.2,0.6,5,True,0.06359878859763504,0.6454387849800085,4.470693226985568,4.707098907653703,2.504979785539022,12,12,3,4,5
nsclc,LUSC,PathoTME-FusionVal,muse,plip,16,shared_core62_v1,group,5,high/spatial_plasma_cells,2.36504194188127,1.848203793745964,-0.3948949563725036,7.4,0.8,5,True,0.16116833844595507,0.5757363906729019,3.3875120102496687,3.5795140760151996,4.121278894022625,6,13,6,10,2
nsclc,LUSC,PathoTME-FusionVal,muse,plip,16,shared_core62_v1,group,6,high/cell_granulocyte,2.31053193759656,1.7677793838363942,0.2353702375175087,5.2,1.0,5,True,0.2038619560518958,1.4739638228349563,2.5541346740586617,5.012923709134044,2.3077755259032413,4,5,8,3,6
nsclc,LUSC,PathoTME-FusionVal,muse,plip,16,shared_core62_v1,group,7,high/cell_endothelial_cell,2.214458981975427,1.8585241115600024,0.4004922714793854,5.2,1.0,5,True,0.33483407817674793,1.0486445290424462,2.200940603270366,5.200910810183288,2.286964889204284,2,6,9,2,7
nsclc,LUSC,PathoTME-FusionVal,muse,plip,16,shared_core62_v1,group,8,low/tls,2.1621669407614967,1.90833509288157,-0.07380663464312537,8.0,0.8,5,True,0.1868631960985427,0.3172932043738089,2.1825972100842814,4.207179251971856,3.9169018412789933,5,14,10,8,3
nsclc,LUSC,PathoTME-FusionVal,muse,plip,16,shared_core62_v1,group,9,high/cell_fibroblast,1.8823140476452398,2.196469742196302,0.5030010347210397,9.8,0.4,5,True,0.1485660467207376,0.10037047736467464,5.419265398833395,2.4223480503175536,1.3210202649898384,7,16,2,12,12
nsclc,LUSC,PathoTME-FusionVal,muse,plip,16,shared_core62_v1,group,10,high/spatial_macrophages,1.64907097033884,1.6710187410220374,0.04592744845366069,10.0,0.4,5,True,0.06648764191186514,0.730843454373778,1.6321839922149963,4.4330127371495776,1.3828270260439839,11,9,12,7,11
nsclc,LUSC,PathoTME-FusionVal,vila_mil,clip-rn50,16,shared_core62_v1,feature,1,AVG_MIN_DISTANCE_OF_FIBROBLASTS_AROUND_CARCINOMA_CELL_IN_WHOLE_TUMOR_REGION_40,2.225146491167434,1.8856569066600046,-0.15423041301371157,4.2,0.8,5,True,0.11039547652223877,0.8537579731957086,4.719620187132834,1.9607722101992846,3.4811866087871044,5,1,1,13,1
nsclc,LUSC,PathoTME-FusionVal,vila_mil,clip-rn50,16,shared_core62_v1,feature,2,RELATIVE_AREA_EPITHELIAL_TISSUE,1.3696809337018887,1.58836942363176,0.3244522539026781,22.4,0.4,5,True,0.040229371241955254,0.23615647342484394,0.46374190839976764,3.5755935021510306,2.532683413291846,30,38,40,1,3
nsclc,LUSC,PathoTME-FusionVal,vila_mil,clip-rn50,16,shared_core62_v1,feature,3,RELATIVE_AREA_NECROSIS,1.3621389592649862,1.114729902567135,0.2521613030284643,23.2,0.4,5,True,0.001049939057991898,0.3014770867230313,2.2576311137947576,2.010627526088644,2.239909130660507,61,32,6,11,6
nsclc,LUSC,PathoTME-FusionVal,vila_mil,clip-rn50,16,shared_core62_v1,feature,4,RELATIVE_AREA_NECROSIS_IN_TUMOR_CORE,1.3087446604766932,1.1022982908730623,0.4115985949172488,21.0,0.4,5,True,0.03050307897395037,0.24817767169115376,2.1074566579584664,1.7061989130066613,2.4513869807532345,38,36,7,20,4
nsclc,LUSC,PathoTME-FusionVal,vila_mil,clip-rn50,16,shared_core62_v1,feature,5,RATIO_OF_FIBROBLASTS_AROUND_CARCINOMA_CELL_IN_WHOLE_TUMOR_REGION_20,1.2641528975350638,0.9421839674841344,-0.09841833641593253,13.6,0.6,5,True,0.048897617599045616,0.5430863062902322,1.9436800683389113,1.503618084868509,2.2814824105786218,22,7,9,25,5
nsclc,LUSC,PathoTME-FusionVal,vila_mil,clip-rn50,16,shared_core62_v1,feature,6,TLS_MATURE_PRESENT,1.157045441589704,1.1063406276620955,-0.07055063458397035,18.8,0.4,5,True,0.10653574623584762,0.1944189417576562,1.0099361244557552,1.7318136432460431,2.742522752253217,7,41,26,18,2
nsclc,LUSC,PathoTME-FusionVal,vila_mil,clip-rn50,16,shared_core62_v1,feature,7,RATIO_OF_PLASMA_CELLS_AROUND_CARCINOMA_CELL_IN_WHOLE_TUMOR_REGION_20,1.1337884680024537,0.9616166629278519,-0.08924705428919708,18.8,0.2,5,True,0.05697876040482551,0.18374567954050777,1.408331057629359,1.8958002177705098,2.1240866246670667,18,43,12,14,7
nsclc,LUSC,PathoTME-FusionVal,vila_mil,clip-rn50,16,shared_core62_v1,feature,8,RATIO_OF_LYMPHOCYTES_AROUND_CARCINOMA_CELL_IN_WHOLE_TUMOR_REGION_20,1.1079056108240963,0.7864194149237562,0.11515056938596027,17.2,0.2,5,True,0.030172416813778073,0.6710933499649996,1.1622062074351303,1.9998954519611405,1.6761606279454333,39,4,18,12,13
nsclc,LUSC,PathoTME-FusionVal,vila_mil,clip-rn50,16,shared_core62_v1,feature,9,RATIO_OF_LYMPHOCYTES_AROUND_CARCINOMA_CELL_IN_WHOLE_TUMOR_REGION_40,1.0850122357676684,0.8029677493798972,0.12246014539799024,15.0,0.4,5,True,0.04113753992265905,0.8111521096039593,1.2488972226724713,2.262691706748688,1.0611825998905642,28,2,15,5,25
nsclc,LUSC,PathoTME-FusionVal,vila_mil,clip-rn50,16,shared_core62_v1,feature,10,LOG1P_COUNT_TLS_MATURE,1.0663532453873743,1.1587507991457502,0.012081456879234065,21.2,0.4,5,True,0.09614347984179389,0.1804905065641067,0.5649783045276747,2.7994224455960888,1.690731490407208,10,44,37,3,12
nsclc,LUSC,PathoTME-FusionVal,vila_mil,clip-rn50,16,shared_core62_v1,group,1,high/spatial_fibroblasts,4.622075351848814,3.64029300252064,-0.16401988604323323,2.8,1.0,5,True,0.24878701783256027,1.888713114214572,8.153845843037304,4.46700078403132,8.352030000128313,3,3,1,6,1
nsclc,LUSC,PathoTME-FusionVal,vila_mil,clip-rn50,16,shared_core62_v1,group,2,high/spatial_lymphocytes,2.9572145140652415,1.8853252316845959,0.23073870809368974,5.8,1.0,5,True,0.07577020990967935,2.0233174537508645,3.961297060367866,4.158944329548732,4.566743516749066,9,2,5,9,4
nsclc,LUSC,PathoTME-FusionVal,vila_mil,clip-rn50,16,shared_core62_v1,group,3,high/cell_lymphocyte,2.801716217737362,2.071898684921835,0.19420881193325654,6.4,0.8,5,True,0.03856186149493122,2.1825381611885577,3.2985045565220417,5.784402574617011,2.7045739348642654,15,1,7,1,8
nsclc,LUSC,PathoTME-FusionVal,vila_mil,clip-rn50,16,shared_core62_v1,group,4,low/global_tissue,2.645360551120455,2.1639242025459176,0.5521117121681413,7.2,0.6,5,True,0.06359878859763504,0.6454387849800085,4.470693226985568,4.707098907653703,3.339973047385362,12,12,3,4,5
nsclc,LUSC,PathoTME-FusionVal,vila_mil,clip-rn50,16,shared_core62_v1,group,5,high/spatial_plasma_cells,2.6397938681494453,2.2359839181259336,-0.482570709724795,7.4,0.8,5,True,0.16116833844595507,0.5757363906729019,3.3875120102496687,3.5795140760151996,5.4950385253635,6,13,6,10,2
nsclc,LUSC,PathoTME-FusionVal,vila_mil,clip-rn50,16,shared_core62_v1,group,6,high/cell_granulocyte,2.4643836393234424,1.800648628679143,0.2923077363081458,5.2,1.0,5,True,0.2038619560518958,1.4739638228349563,2.5541346740586617,5.012923709134044,3.077034034537655,4,5,8,3,6
nsclc,LUSC,PathoTME-FusionVal,vila_mil,clip-rn50,16,shared_core62_v1,group,7,low/tls,2.423293730180096,2.2645528376736737,-0.06049209138556229,8.0,0.8,5,True,0.1868631960985427,0.3172932043738089,2.1825972100842814,4.207179251971856,5.2225357883719905,5,14,10,8,3
nsclc,LUSC,PathoTME-FusionVal,vila_mil,clip-rn50,16,shared_core62_v1,group,8,high/cell_endothelial_cell,2.3669233079223786,1.8968329228912701,0.4148072941656607,5.2,1.0,5,True,0.33483407817674793,1.0486445290424462,2.200940603270366,5.200910810183288,3.0492865189390455,2,6,9,2,7
nsclc,LUSC,PathoTME-FusionVal,vila_mil,clip-rn50,16,shared_core62_v1,group,9,high/cell_fibroblast,1.9703820653112287,2.177080414257868,0.48925715130440234,9.8,0.4,5,True,0.1485660467207376,0.10037047736467464,5.419265398833395,2.4223480503175536,1.7613603533197848,7,16,2,12,12
nsclc,LUSC,PathoTME-FusionVal,vila_mil,clip-rn50,16,shared_core62_v1,group,10,high/spatial_macrophages,1.7412594387417724,1.6653635182037647,0.07980787151286797,10.0,0.4,5,True,0.06648764191186514,0.730843454373778,1.6321839922149963,4.4330127371495776,1.8437693680586449,11,9,12,7,11
nsclc,LUSC,PathoTME-FusionVal,vila_mil,plip,16,shared_core62_v1,feature,1,AVG_MIN_DISTANCE_OF_FIBROBLASTS_AROUND_CARCINOMA_CELL_IN_WHOLE_TUMOR_REGION_40,1.2162870842664533,0.9359798408442386,-0.12849018360755776,4.2,0.8,5,True,0.0367984921740796,0.8537579731957086,2.359810093566417,1.9607722101992846,0.8702966521967761,5,1,1,13,1
nsclc,LUSC,PathoTME-FusionVal,vila_mil,plip,16,shared_core62_v1,feature,2,RELATIVE_AREA_EPITHELIAL_TISSUE,0.938040314702541,1.4912989224085123,0.18581307488648868,22.4,0.4,5,True,0.013409790413985085,0.23615647342484394,0.23187095419988382,3.5755935021510306,0.6331708533229615,30,38,40,1,3
nsclc,LUSC,PathoTME-FusionVal,vila_mil,plip,16,shared_core62_v1,feature,3,RELATIVE_AREA_NECROSIS,0.8002494864120356,0.7936174331897978,0.09558138998029422,23.2,0.4,5,True,0.00034997968599729927,0.3014770867230313,1.1288155568973788,2.010627526088644,0.5599772826651267,61,32,6,11,6
nsclc,LUSC,PathoTME-FusionVal,vila_mil,plip,16,shared_core62_v1,feature,4,RATIO_OF_LYMPHOCYTES_AROUND_CARCINOMA_CELL_IN_WHOLE_TUMOR_REGION_40,0.7954601181938153,0.8767073898449554,0.11726847675991374,15.0,0.4,5,True,0.013712513307553019,0.8111521096039593,0.6244486113362356,2.262691706748688,0.26529564997264105,28,2,15,5,25
nsclc,LUSC,PathoTME-FusionVal,vila_mil,plip,16,shared_core62_v1,feature,5,CELL_DENSITY_MACROPHAGE_IN_TUMOR_CORE,0.7737092174802018,1.4097473446138917,-0.24742178037565413,35.2,0.2,5,True,0.0005821277375995929,0.2085724187091344,0.23285803583193532,3.2903508467393188,0.13618265838302063,60,40,39,2,35
nsclc,LUSC,PathoTME-FusionVal,vila_mil,plip,16,shared_core62_v1,feature,6,LOG1P_COUNT_TLS_MATURE,0.7434265607279532,1.1581683373992226,-0.0007598912413414996,21.2,0.4,5,True,0.032047826613931296,0.1804905065641067,0.28248915226383736,2.7994224455960888,0.422682872601802,10,44,37,3,12
nsclc,LUSC,PathoTME-FusionVal,vila_mil,plip,16,shared_core62_v1,feature,7,RATIO_OF_LYMPHOCYTES_AROUND_CARCINOMA_CELL_IN_WHOLE_TUMOR_REGION_20,0.7362379069802646,0.7505153975493312,0.12110759285448369,17.2,0.2,5,True,0.010057472271259358,0.6710933499649996,0.5811031037175651,1.9998954519611405,0.4190401569863583,39,4,18,12,13
nsclc,LUSC,PathoTME-FusionVal,vila_mil,plip,16,shared_core62_v1,feature,8,RELATIVE_AREA_NECROSIS_IN_TUMOR_CORE,0.7262238703713347,0.6748572523777872,0.14104945533515384,21.0,0.4,5,True,0.010167692991316792,0.24817767169115376,1.0537283289792332,1.7061989130066613,0.6128467451883086,38,36,7,20,4
nsclc,LUSC,PathoTME-FusionVal,vila_mil,plip,16,shared_core62_v1,feature,9,RATIO_OF_FIBROBLASTS_AROUND_CARCINOMA_CELL_IN_WHOLE_TUMOR_REGION_20,0.7210428467678403,0.5537051307636234,-0.05707300883179971,13.6,0.6,5,True,0.01629920586634854,0.5430863062902322,0.9718400341694556,1.503618084868509,0.5703706026446554,22,7,9,25,5
nsclc,LUSC,PathoTME-FusionVal,vila_mil,plip,16,shared_core62_v1,feature,10,CELL_PERCENTAGE_LYMPHOCYTE_IN_INNER_INVASIVE_MARGIN,0.6848315205170727,1.0980517720401095,0.15356601619858545,31.6,0.4,5,True,0.003923687147438842,0.5793947584798095,0.19493118024844372,2.606253539643356,0.03965443706631619,51,6,43,4,54
nsclc,LUSC,PathoTME-FusionVal,vila_mil,plip,16,shared_core62_v1,group,1,high/spatial_fibroblasts,2.5207146651481613,1.7846059904849283,-0.1262421950978368,2.8,1.0,5,True,0.08292900594418677,1.888713114214572,4.076922921518652,4.46700078403132,2.088007500032078,3,3,1,6,1
nsclc,LUSC,PathoTME-FusionVal,vila_mil,plip,16,shared_core62_v1,group,2,high/cell_lymphocyte,2.06103809032286,2.2450369837444604,0.3001784917289024,6.4,0.8,5,True,0.012853953831643738,2.1825381611885577,1.6492522782610208,5.784402574617011,0.6761434837160664,15,1,7,1,8
nsclc,LUSC,PathoTME-FusionVal,vila_mil,plip,16,shared_core62_v1,group,3,high/spatial_lymphocytes,1.865970585861471,1.51727168529884,0.23437609440720114,5.8,1.0,5,True,0.02525673663655979,2.0233174537508645,1.980648530183933,4.158944329548732,1.1416858791872666,9,2,5,9,4
nsclc,LUSC,PathoTME-FusionVal,vila_mil,plip,16,shared_core62_v1,group,4,high/cell_granulocyte,1.7202334725966755,1.919194807982832,0.14933720907033254,5.2,1.0,5,True,0.06795398535063193,1.4739638228349563,1.2770673370293308,5.012923709134044,0.7692585086344137,4,5,8,3,6
nsclc,LUSC,PathoTME-FusionVal,vila_mil,plip,16,shared_core62_v1,group,5,low/global_tissue,1.6888154328344094,1.871317795923119,0.25172403095256024,7.2,0.6,5,True,0.021199596199211676,0.6454387849800085,2.235346613492784,4.707098907653703,0.8349932618463405,12,12,3,4,5
nsclc,LUSC,PathoTME-FusionVal,vila_mil,plip,16,shared_core62_v1,group,6,high/cell_endothelial_cell,1.6447917259975857,2.026515219638711,0.3441793884037843,5.2,1.0,5,True,0.11161135939224931,1.0486445290424462,1.100470301635183,5.200910810183288,0.7623216297347614,2,6,9,2,7
nsclc,LUSC,PathoTME-FusionVal,vila_mil,plip,16,shared_core62_v1,group,7,high/spatial_plasma_cells,1.4552977765271593,1.3522061960685827,-0.2203787046800802,7.4,0.8,5,True,0.05372277948198501,0.5757363906729019,1.6937560051248344,3.5795140760151996,1.373759631340875,6,13,6,10,2
nsclc,LUSC,PathoTME-FusionVal,vila_mil,plip,16,shared_core62_v1,group,8,low/tls,1.39673854810273,1.6542469425477269,-0.03209385994036058,8.0,0.8,5,True,0.06228773203284756,0.3172932043738089,1.0912986050421407,4.207179251971856,1.3056339470929976,5,14,10,8,3
nsclc,LUSC,PathoTME-FusionVal,vila_mil,plip,16,shared_core62_v1,group,9,high/spatial_macrophages,1.292610615389894,1.7825885836834214,0.05697637291129824,10.0,0.4,5,True,0.02216254730395505,0.730843454373778,0.8160919961074982,4.4330127371495776,0.4609423420146612,11,9,12,7,11
nsclc,LUSC,PathoTME-FusionVal,vila_mil,plip,16,shared_core62_v1,group,10,high/cell_macrophage,1.1563442824476653,1.9502464655167888,-0.32603963383926143,12.4,0.2,5,True,0.00511433502973138,0.696962072097997,0.23805633238057056,4.615852656898168,0.22573601583185915,16,11,15,5,15
