cohort,positive_class,variant,image_architecture,image_encoder,shots,panel,level,rank_by_mean_absolute,feature_name,mean_absolute_pp,fold_sd_absolute_pp,mean_signed_pp,mean_rank,top10_fold_fraction,folds,complete_five_fold,fold_0_absolute_pp,fold_1_absolute_pp,fold_2_absolute_pp,fold_3_absolute_pp,fold_4_absolute_pp,fold_0_rank,fold_1_rank,fold_2_rank,fold_3_rank,fold_4_rank
brca,ILC,PathoTME-LR,none,none,16,brca_morph64_v1,feature,1,AVG_MIN_DISTANCE_OF_LYMPHOCYTES_AROUND_CARCINOMA_CELL_IN_WHOLE_TUMOR_REGION_20,1.2401884468539008,1.3439595338083141,-0.09223412973654875,15.8,0.8,5,True,0.12316792945712021,1.6965437383534663,0.021013086042203255,3.301631154064325,1.05858632635239,9,8,58,1,3
brca,ILC,PathoTME-LR,none,none,16,brca_morph64_v1,feature,2,AVG_MIN_DISTANCE_OF_LYMPHOCYTES_AROUND_CARCINOMA_CELL_IN_WHOLE_TUMOR_REGION_40,1.0433321221447938,1.1890968361565917,-0.11046126992419938,18.2,0.8,5,True,0.12981661006625064,1.619324018305548,0.0044015020445169655,2.8412524235318934,0.6218660567757599,7,10,61,3,10
brca,ILC,PathoTME-LR,none,none,16,brca_morph64_v1,feature,3,AVG_MIN_DISTANCE_OF_MACROPHAGES_AROUND_CARCINOMA_CELL_IN_WHOLE_TUMOR_REGION_20,0.9755654667685286,1.0577187899658382,-0.20105623674879122,15.2,0.2,5,True,0.0777854145773935,2.369131367023245,0.11323693625076467,1.8356875856958654,0.48198603029537485,26,4,17,11,18
brca,ILC,PathoTME-LR,none,none,16,brca_morph64_v1,feature,4,RELATIVE_AREA_OUTER_INVASIVE_MARGIN,0.9404117866249194,1.040335861956301,-0.1881795250440828,17.0,0.4,5,True,0.09106111875259314,1.7249184488108262,0.06842698683771736,2.355706848742232,0.46194552998122856,16,7,38,5,19
brca,ILC,PathoTME-LR,none,none,16,brca_morph64_v1,feature,5,AVG_SOLIDICITY_STROMA,0.8505142321341366,0.924830125571313,0.2517363502849416,17.0,0.2,5,True,0.08897422175766728,1.5350809900520366,0.09887730057055803,2.120509897829315,0.40912875046110536,17,12,26,7,23
brca,ILC,PathoTME-LR,none,none,16,brca_morph64_v1,feature,6,CELL_DENSITY_MACROPHAGE_IN_INNER_INVASIVE_MARGIN,0.83439914880862,0.7431109782233936,-0.3299081618325558,8.8,0.4,5,True,0.16572566794719787,1.4500499190773677,0.1942674190439641,1.7862471506791038,0.5757055872954667,3,14,1,13,13
brca,ILC,PathoTME-LR,none,none,16,brca_morph64_v1,feature,7,CELL_DENSITY_MACROPHAGE_IN_TUMOR_CORE,0.7795472764449916,0.732867120763734,-0.24685786740813853,12.0,0.4,5,True,0.15503061717656091,1.2483060802402446,0.13557890254755667,1.8135021452932774,0.545318636967318,5,20,8,12,15
brca,ILC,PathoTME-LR,none,none,16,brca_morph64_v1,feature,8,RELATIVE_AREA_NECROSIS,0.7717438734862678,1.0248266285640597,-0.3481854031812876,17.6,0.6,5,True,0.08352074263688451,0.34544759114021634,0.1341048493218985,2.5433915586540348,0.7522546256783048,20,49,9,4,6
brca,ILC,PathoTME-LR,none,none,16,brca_morph64_v1,feature,9,RELATIVE_AREA_TUMOR_CORE,0.7695512378064768,1.3435351345869888,-0.2819182247234417,37.0,0.2,5,True,0.03033256889471751,3.1534906367360667,0.0027761107314575964,0.2373126953632481,0.4238441773068945,47,1,64,51,22
brca,ILC,PathoTME-LR,none,none,16,brca_morph64_v1,feature,10,AVG_ECCENTRICITY_CARCINOMA,0.7674046621300883,0.8784482913716448,0.1369630573251171,23.8,0.4,5,True,0.03332497675908202,1.7622917948550922,0.1327252279896334,1.6909898582467702,0.21769145279986343,46,6,10,15,42
brca,ILC,PathoTME-LR,none,none,16,brca_morph64_v1,group,1,high/spatial_lymphocytes,2.8984392509545662,2.9932829562161647,-0.3499533002136022,4.6,0.8,5,True,0.4035269240041244,6.159335056087251,0.02629629987248644,6.014742613032859,1.8882953617761131,2,1,16,2,2
brca,ILC,PathoTME-LR,none,none,16,brca_morph64_v1,group,2,high/cell_macrophage,2.6869095176695437,2.450895934758571,-0.974887443073694,2.4,1.0,5,True,0.6189444459716494,3.3276419928048835,0.5920736999863345,6.539561021198069,2.356326428386784,1,8,1,1,1
brca,ILC,PathoTME-LR,none,none,16,brca_morph64_v1,group,3,low/carcinoma_geometry,1.88649165157826,2.2030588593027796,-0.31849215950477333,8.8,0.8,5,True,0.0912145814301551,3.0503950483577933,0.2975099435864615,5.215490042143279,0.7778486423736116,15,9,7,3,10
brca,ILC,PathoTME-LR,none,none,16,brca_morph64_v1,group,4,high/spatial_macrophages,1.7835423798920178,1.890365994220733,-0.5323259738855108,7.0,0.6,5,True,0.3038010655664652,2.272226663167628,0.24819190404870303,4.823937618979186,1.269554647698108,3,11,11,4,6
brca,ILC,PathoTME-LR,none,none,16,brca_morph64_v1,group,5,low/stroma_geometry,1.6030865377510088,1.6397371179983085,0.07701662100722399,7.8,1.0,5,True,0.1672179259429584,3.4729819704265266,0.2545633746044045,3.2768989619173894,0.8437704558637654,8,7,10,5,9
brca,ILC,PathoTME-LR,none,none,16,brca_morph64_v1,group,6,low/compartment_extent,1.496426345004554,1.8456610477114723,-0.4688598526781641,10.4,0.4,5,True,0.10502267261505197,4.1901296906206005,0.07520717605360946,2.652900693729085,0.4588714920044241,13,2,15,7,15
brca,ILC,PathoTME-LR,none,none,16,brca_morph64_v1,group,7,high/cell_granulocyte,1.471433680294708,1.5094359655151282,-0.2342412327861921,7.0,0.6,5,True,0.3004397636271685,3.8344148351470886,0.4559572294669626,2.1288023855058245,0.6375541877264949,4,4,2,11,14
brca,ILC,PathoTME-LR,none,none,16,brca_morph64_v1,group,8,low/tissue_composition,1.4609454702143094,1.2580271232756746,-0.42489875315931613,6.6,1.0,5,True,0.17494356714774936,2.7694769110924353,0.30816921036503986,2.732061612188151,1.3200760502781723,7,10,5,6,5
brca,ILC,PathoTME-LR,none,none,16,brca_morph64_v1,group,9,high/spatial_fibroblasts,1.34669275335879,1.0573209369742096,0.026935555135563595,8.6,0.8,5,True,0.1390022148153896,2.2564217898137247,0.28458587219728854,2.284237010642291,1.7692168793252563,10,12,9,9,3
brca,ILC,PathoTME-LR,none,none,16,brca_morph64_v1,group,10,low/tumor_core_composition,1.3367702382922952,1.5037770365930112,-0.2721593560912952,9.0,0.6,5,True,0.15088163603795493,3.8284547591470774,0.2188493280123763,0.9572085897596136,1.5284568785044557,9,5,12,15,4
brca,ILC,PathoTME-Fusion50,dyko,clip-rn50,16,brca_morph64_v1,feature,1,AVG_MIN_DISTANCE_OF_LYMPHOCYTES_AROUND_CARCINOMA_CELL_IN_WHOLE_TUMOR_REGION_20,0.6200942234269504,0.6719797669041571,-0.046117064868274375,15.8,0.8,5,True,0.061583964728560106,0.8482718691767331,0.010506543021101628,1.6508155770321624,0.529293163176195,9,8,58,1,3
brca,ILC,PathoTME-Fusion50,dyko,clip-rn50,16,brca_morph64_v1,feature,2,AVG_MIN_DISTANCE_OF_LYMPHOCYTES_AROUND_CARCINOMA_CELL_IN_WHOLE_TUMOR_REGION_40,0.5216660610723969,0.5945484180782958,-0.05523063496209969,18.2,0.8,5,True,0.06490830503312532,0.809662009152774,0.0022007510222584827,1.4206262117659467,0.31093302838787995,7,10,61,3,10
brca,ILC,PathoTME-Fusion50,dyko,clip-rn50,16,brca_morph64_v1,feature,3,AVG_MIN_DISTANCE_OF_MACROPHAGES_AROUND_CARCINOMA_CELL_IN_WHOLE_TUMOR_REGION_20,0.4877827333842643,0.5288593949829191,-0.10052811837439561,15.2,0.2,5,True,0.03889270728869675,1.1845656835116225,0.056618468125382335,0.9178437928479327,0.24099301514768742,26,4,17,11,18
brca,ILC,PathoTME-Fusion50,dyko,clip-rn50,16,brca_morph64_v1,feature,4,RELATIVE_AREA_OUTER_INVASIVE_MARGIN,0.4702058933124597,0.5201679309781505,-0.0940897625220414,17.0,0.4,5,True,0.04553055937629657,0.8624592244054131,0.03421349341885868,1.177853424371116,0.23097276499061428,16,7,38,5,19
brca,ILC,PathoTME-Fusion50,dyko,clip-rn50,16,brca_morph64_v1,feature,5,AVG_SOLIDICITY_STROMA,0.4252571160670683,0.4624150627856565,0.1258681751424708,17.0,0.2,5,True,0.04448711087883364,0.7675404950260183,0.049438650285279016,1.0602549489146575,0.20456437523055268,17,12,26,7,23
brca,ILC,PathoTME-Fusion50,dyko,clip-rn50,16,brca_morph64_v1,feature,6,CELL_DENSITY_MACROPHAGE_IN_INNER_INVASIVE_MARGIN,0.41719957440431,0.3715554891116968,-0.1649540809162779,8.8,0.4,5,True,0.08286283397359893,0.7250249595386838,0.09713370952198205,0.8931235753395519,0.28785279364773336,3,14,1,13,13
brca,ILC,PathoTME-Fusion50,dyko,clip-rn50,16,brca_morph64_v1,feature,7,CELL_DENSITY_MACROPHAGE_IN_TUMOR_CORE,0.3897736382224958,0.366433560381867,-0.12342893370406927,12.0,0.4,5,True,0.07751530858828046,0.6241530401201223,0.06778945127377833,0.9067510726466387,0.272659318483659,5,20,8,12,15
brca,ILC,PathoTME-Fusion50,dyko,clip-rn50,16,brca_morph64_v1,feature,8,RELATIVE_AREA_NECROSIS,0.3858719367431339,0.5124133142820299,-0.1740927015906438,17.6,0.6,5,True,0.041760371318442256,0.17272379557010817,0.06705242466094925,1.2716957793270174,0.3761273128391524,20,49,9,4,6
brca,ILC,PathoTME-Fusion50,dyko,clip-rn50,16,brca_morph64_v1,feature,9,RELATIVE_AREA_TUMOR_CORE,0.3847756189032384,0.6717675672934944,-0.14095911236172085,37.0,0.2,5,True,0.015166284447358755,1.5767453183680333,0.0013880553657287982,0.11865634768162404,0.21192208865344725,47,1,64,51,22
brca,ILC,PathoTME-Fusion50,dyko,clip-rn50,16,brca_morph64_v1,feature,10,AVG_ECCENTRICITY_CARCINOMA,0.38370233106504414,0.4392241456858224,0.06848152866255855,23.8,0.4,5,True,0.01666248837954101,0.8811458974275461,0.0663626139948167,0.8454949291233851,0.10884572639993172,46,6,10,15,42
brca,ILC,PathoTME-Fusion50,dyko,clip-rn50,16,brca_morph64_v1,group,1,high/spatial_lymphocytes,1.4492196254772831,1.4966414781080823,-0.1749766501068011,4.6,0.8,5,True,0.2017634620020622,3.0796675280436254,0.01314814993624322,3.0073713065164296,0.9441476808880566,2,1,16,2,2
brca,ILC,PathoTME-Fusion50,dyko,clip-rn50,16,brca_morph64_v1,group,2,high/cell_macrophage,1.3434547588347718,1.2254479673792855,-0.487443721536847,2.4,1.0,5,True,0.3094722229858247,1.6638209964024417,0.29603684999316726,3.2697805105990345,1.178163214193392,1,8,1,1,1
brca,ILC,PathoTME-Fusion50,dyko,clip-rn50,16,brca_morph64_v1,group,3,low/carcinoma_geometry,0.94324582578913,1.1015294296513898,-0.15924607975238667,8.8,0.8,5,True,0.04560729071507755,1.5251975241788966,0.14875497179323074,2.6077450210716395,0.3889243211868058,15,9,7,3,10
brca,ILC,PathoTME-Fusion50,dyko,clip-rn50,16,brca_morph64_v1,group,4,high/spatial_macrophages,0.8917711899460089,0.9451829971103665,-0.2661629869427554,7.0,0.6,5,True,0.1519005327832326,1.136113331583814,0.12409595202435152,2.411968809489593,0.634777323849054,3,11,11,4,6
brca,ILC,PathoTME-Fusion50,dyko,clip-rn50,16,brca_morph64_v1,group,5,low/stroma_geometry,0.8015432688755044,0.8198685589991542,0.038508310503611996,7.8,1.0,5,True,0.0836089629714792,1.7364909852132633,0.12728168730220224,1.6384494809586947,0.4218852279318827,8,7,10,5,9
brca,ILC,PathoTME-Fusion50,dyko,clip-rn50,16,brca_morph64_v1,group,6,low/compartment_extent,0.748213172502277,0.9228305238557362,-0.23442992633908205,10.4,0.4,5,True,0.05251133630752598,2.0950648453103002,0.03760358802680473,1.3264503468645426,0.22943574600221206,13,2,15,7,15
brca,ILC,PathoTME-Fusion50,dyko,clip-rn50,16,brca_morph64_v1,group,7,high/cell_granulocyte,0.735716840147354,0.7547179827575641,-0.11712061639309605,7.0,0.6,5,True,0.15021988181358426,1.9172074175735443,0.2279786147334813,1.0644011927529122,0.31877709386324743,4,4,2,11,14
brca,ILC,PathoTME-Fusion50,dyko,clip-rn50,16,brca_morph64_v1,group,8,low/tissue_composition,0.7304727351071547,0.6290135616378373,-0.21244937657965807,6.6,1.0,5,True,0.08747178357387468,1.3847384555462177,0.15408460518251993,1.3660308060940756,0.6600380251390862,7,10,5,6,5
brca,ILC,PathoTME-Fusion50,dyko,clip-rn50,16,brca_morph64_v1,group,9,high/spatial_fibroblasts,0.673346376679395,0.5286604684871048,0.013467777567781797,8.6,0.8,5,True,0.0695011074076948,1.1282108949068623,0.14229293609864427,1.1421185053211456,0.8846084396626281,10,12,9,9,3
brca,ILC,PathoTME-Fusion50,dyko,clip-rn50,16,brca_morph64_v1,group,10,low/tumor_core_composition,0.6683851191461476,0.7518885182965056,-0.1360796780456476,9.0,0.6,5,True,0.07544081801897747,1.9142273795735387,0.10942466400618815,0.4786042948798068,0.7642284392522278,9,5,12,15,4
brca,ILC,PathoTME-Fusion50,dyko,plip,16,brca_morph64_v1,feature,1,AVG_MIN_DISTANCE_OF_LYMPHOCYTES_AROUND_CARCINOMA_CELL_IN_WHOLE_TUMOR_REGION_20,0.6200942234269504,0.6719797669041571,-0.046117064868274375,15.8,0.8,5,True,0.061583964728560106,0.8482718691767331,0.010506543021101628,1.6508155770321624,0.529293163176195,9,8,58,1,3
brca,ILC,PathoTME-Fusion50,dyko,plip,16,brca_morph64_v1,feature,2,AVG_MIN_DISTANCE_OF_LYMPHOCYTES_AROUND_CARCINOMA_CELL_IN_WHOLE_TUMOR_REGION_40,0.5216660610723969,0.5945484180782958,-0.05523063496209969,18.2,0.8,5,True,0.06490830503312532,0.809662009152774,0.0022007510222584827,1.4206262117659467,0.31093302838787995,7,10,61,3,10
brca,ILC,PathoTME-Fusion50,dyko,plip,16,brca_morph64_v1,feature,3,AVG_MIN_DISTANCE_OF_MACROPHAGES_AROUND_CARCINOMA_CELL_IN_WHOLE_TUMOR_REGION_20,0.4877827333842643,0.5288593949829191,-0.10052811837439561,15.2,0.2,5,True,0.03889270728869675,1.1845656835116225,0.056618468125382335,0.9178437928479327,0.24099301514768742,26,4,17,11,18
brca,ILC,PathoTME-Fusion50,dyko,plip,16,brca_morph64_v1,feature,4,RELATIVE_AREA_OUTER_INVASIVE_MARGIN,0.4702058933124597,0.5201679309781505,-0.0940897625220414,17.0,0.4,5,True,0.04553055937629657,0.8624592244054131,0.03421349341885868,1.177853424371116,0.23097276499061428,16,7,38,5,19
brca,ILC,PathoTME-Fusion50,dyko,plip,16,brca_morph64_v1,feature,5,AVG_SOLIDICITY_STROMA,0.4252571160670683,0.4624150627856565,0.1258681751424708,17.0,0.2,5,True,0.04448711087883364,0.7675404950260183,0.049438650285279016,1.0602549489146575,0.20456437523055268,17,12,26,7,23
brca,ILC,PathoTME-Fusion50,dyko,plip,16,brca_morph64_v1,feature,6,CELL_DENSITY_MACROPHAGE_IN_INNER_INVASIVE_MARGIN,0.41719957440431,0.3715554891116968,-0.1649540809162779,8.8,0.4,5,True,0.08286283397359893,0.7250249595386838,0.09713370952198205,0.8931235753395519,0.28785279364773336,3,14,1,13,13
brca,ILC,PathoTME-Fusion50,dyko,plip,16,brca_morph64_v1,feature,7,CELL_DENSITY_MACROPHAGE_IN_TUMOR_CORE,0.3897736382224958,0.366433560381867,-0.12342893370406927,12.0,0.4,5,True,0.07751530858828046,0.6241530401201223,0.06778945127377833,0.9067510726466387,0.272659318483659,5,20,8,12,15
brca,ILC,PathoTME-Fusion50,dyko,plip,16,brca_morph64_v1,feature,8,RELATIVE_AREA_NECROSIS,0.3858719367431339,0.5124133142820299,-0.1740927015906438,17.6,0.6,5,True,0.041760371318442256,0.17272379557010817,0.06705242466094925,1.2716957793270174,0.3761273128391524,20,49,9,4,6
brca,ILC,PathoTME-Fusion50,dyko,plip,16,brca_morph64_v1,feature,9,RELATIVE_AREA_TUMOR_CORE,0.3847756189032384,0.6717675672934944,-0.14095911236172085,37.0,0.2,5,True,0.015166284447358755,1.5767453183680333,0.0013880553657287982,0.11865634768162404,0.21192208865344725,47,1,64,51,22
brca,ILC,PathoTME-Fusion50,dyko,plip,16,brca_morph64_v1,feature,10,AVG_ECCENTRICITY_CARCINOMA,0.38370233106504414,0.4392241456858224,0.06848152866255855,23.8,0.4,5,True,0.01666248837954101,0.8811458974275461,0.0663626139948167,0.8454949291233851,0.10884572639993172,46,6,10,15,42
brca,ILC,PathoTME-Fusion50,dyko,plip,16,brca_morph64_v1,group,1,high/spatial_lymphocytes,1.4492196254772831,1.4966414781080823,-0.1749766501068011,4.6,0.8,5,True,0.2017634620020622,3.0796675280436254,0.01314814993624322,3.0073713065164296,0.9441476808880566,2,1,16,2,2
brca,ILC,PathoTME-Fusion50,dyko,plip,16,brca_morph64_v1,group,2,high/cell_macrophage,1.3434547588347718,1.2254479673792855,-0.487443721536847,2.4,1.0,5,True,0.3094722229858247,1.6638209964024417,0.29603684999316726,3.2697805105990345,1.178163214193392,1,8,1,1,1
brca,ILC,PathoTME-Fusion50,dyko,plip,16,brca_morph64_v1,group,3,low/carcinoma_geometry,0.94324582578913,1.1015294296513898,-0.15924607975238667,8.8,0.8,5,True,0.04560729071507755,1.5251975241788966,0.14875497179323074,2.6077450210716395,0.3889243211868058,15,9,7,3,10
brca,ILC,PathoTME-Fusion50,dyko,plip,16,brca_morph64_v1,group,4,high/spatial_macrophages,0.8917711899460089,0.9451829971103665,-0.2661629869427554,7.0,0.6,5,True,0.1519005327832326,1.136113331583814,0.12409595202435152,2.411968809489593,0.634777323849054,3,11,11,4,6
brca,ILC,PathoTME-Fusion50,dyko,plip,16,brca_morph64_v1,group,5,low/stroma_geometry,0.8015432688755044,0.8198685589991542,0.038508310503611996,7.8,1.0,5,True,0.0836089629714792,1.7364909852132633,0.12728168730220224,1.6384494809586947,0.4218852279318827,8,7,10,5,9
brca,ILC,PathoTME-Fusion50,dyko,plip,16,brca_morph64_v1,group,6,low/compartment_extent,0.748213172502277,0.9228305238557362,-0.23442992633908205,10.4,0.4,5,True,0.05251133630752598,2.0950648453103002,0.03760358802680473,1.3264503468645426,0.22943574600221206,13,2,15,7,15
brca,ILC,PathoTME-Fusion50,dyko,plip,16,brca_morph64_v1,group,7,high/cell_granulocyte,0.735716840147354,0.7547179827575641,-0.11712061639309605,7.0,0.6,5,True,0.15021988181358426,1.9172074175735443,0.2279786147334813,1.0644011927529122,0.31877709386324743,4,4,2,11,14
brca,ILC,PathoTME-Fusion50,dyko,plip,16,brca_morph64_v1,group,8,low/tissue_composition,0.7304727351071547,0.6290135616378373,-0.21244937657965807,6.6,1.0,5,True,0.08747178357387468,1.3847384555462177,0.15408460518251993,1.3660308060940756,0.6600380251390862,7,10,5,6,5
brca,ILC,PathoTME-Fusion50,dyko,plip,16,brca_morph64_v1,group,9,high/spatial_fibroblasts,0.673346376679395,0.5286604684871048,0.013467777567781797,8.6,0.8,5,True,0.0695011074076948,1.1282108949068623,0.14229293609864427,1.1421185053211456,0.8846084396626281,10,12,9,9,3
brca,ILC,PathoTME-Fusion50,dyko,plip,16,brca_morph64_v1,group,10,low/tumor_core_composition,0.6683851191461476,0.7518885182965056,-0.1360796780456476,9.0,0.6,5,True,0.07544081801897747,1.9142273795735387,0.10942466400618815,0.4786042948798068,0.7642284392522278,9,5,12,15,4
brca,ILC,PathoTME-Fusion50,focus,clip-rn50,16,brca_morph64_v1,feature,1,AVG_MIN_DISTANCE_OF_LYMPHOCYTES_AROUND_CARCINOMA_CELL_IN_WHOLE_TUMOR_REGION_20,0.6200942234269504,0.6719797669041571,-0.046117064868274375,15.8,0.8,5,True,0.061583964728560106,0.8482718691767331,0.010506543021101628,1.6508155770321624,0.529293163176195,9,8,58,1,3
brca,ILC,PathoTME-Fusion50,focus,clip-rn50,16,brca_morph64_v1,feature,2,AVG_MIN_DISTANCE_OF_LYMPHOCYTES_AROUND_CARCINOMA_CELL_IN_WHOLE_TUMOR_REGION_40,0.5216660610723969,0.5945484180782958,-0.05523063496209969,18.2,0.8,5,True,0.06490830503312532,0.809662009152774,0.0022007510222584827,1.4206262117659467,0.31093302838787995,7,10,61,3,10
brca,ILC,PathoTME-Fusion50,focus,clip-rn50,16,brca_morph64_v1,feature,3,AVG_MIN_DISTANCE_OF_MACROPHAGES_AROUND_CARCINOMA_CELL_IN_WHOLE_TUMOR_REGION_20,0.4877827333842643,0.5288593949829191,-0.10052811837439561,15.2,0.2,5,True,0.03889270728869675,1.1845656835116225,0.056618468125382335,0.9178437928479327,0.24099301514768742,26,4,17,11,18
brca,ILC,PathoTME-Fusion50,focus,clip-rn50,16,brca_morph64_v1,feature,4,RELATIVE_AREA_OUTER_INVASIVE_MARGIN,0.4702058933124597,0.5201679309781505,-0.0940897625220414,17.0,0.4,5,True,0.04553055937629657,0.8624592244054131,0.03421349341885868,1.177853424371116,0.23097276499061428,16,7,38,5,19
brca,ILC,PathoTME-Fusion50,focus,clip-rn50,16,brca_morph64_v1,feature,5,AVG_SOLIDICITY_STROMA,0.4252571160670683,0.4624150627856565,0.1258681751424708,17.0,0.2,5,True,0.04448711087883364,0.7675404950260183,0.049438650285279016,1.0602549489146575,0.20456437523055268,17,12,26,7,23
brca,ILC,PathoTME-Fusion50,focus,clip-rn50,16,brca_morph64_v1,feature,6,CELL_DENSITY_MACROPHAGE_IN_INNER_INVASIVE_MARGIN,0.41719957440431,0.3715554891116968,-0.1649540809162779,8.8,0.4,5,True,0.08286283397359893,0.7250249595386838,0.09713370952198205,0.8931235753395519,0.28785279364773336,3,14,1,13,13
brca,ILC,PathoTME-Fusion50,focus,clip-rn50,16,brca_morph64_v1,feature,7,CELL_DENSITY_MACROPHAGE_IN_TUMOR_CORE,0.3897736382224958,0.366433560381867,-0.12342893370406927,12.0,0.4,5,True,0.07751530858828046,0.6241530401201223,0.06778945127377833,0.9067510726466387,0.272659318483659,5,20,8,12,15
brca,ILC,PathoTME-Fusion50,focus,clip-rn50,16,brca_morph64_v1,feature,8,RELATIVE_AREA_NECROSIS,0.3858719367431339,0.5124133142820299,-0.1740927015906438,17.6,0.6,5,True,0.041760371318442256,0.17272379557010817,0.06705242466094925,1.2716957793270174,0.3761273128391524,20,49,9,4,6
brca,ILC,PathoTME-Fusion50,focus,clip-rn50,16,brca_morph64_v1,feature,9,RELATIVE_AREA_TUMOR_CORE,0.3847756189032384,0.6717675672934944,-0.14095911236172085,37.0,0.2,5,True,0.015166284447358755,1.5767453183680333,0.0013880553657287982,0.11865634768162404,0.21192208865344725,47,1,64,51,22
brca,ILC,PathoTME-Fusion50,focus,clip-rn50,16,brca_morph64_v1,feature,10,AVG_ECCENTRICITY_CARCINOMA,0.38370233106504414,0.4392241456858224,0.06848152866255855,23.8,0.4,5,True,0.01666248837954101,0.8811458974275461,0.0663626139948167,0.8454949291233851,0.10884572639993172,46,6,10,15,42
brca,ILC,PathoTME-Fusion50,focus,clip-rn50,16,brca_morph64_v1,group,1,high/spatial_lymphocytes,1.4492196254772831,1.4966414781080823,-0.1749766501068011,4.6,0.8,5,True,0.2017634620020622,3.0796675280436254,0.01314814993624322,3.0073713065164296,0.9441476808880566,2,1,16,2,2
brca,ILC,PathoTME-Fusion50,focus,clip-rn50,16,brca_morph64_v1,group,2,high/cell_macrophage,1.3434547588347718,1.2254479673792855,-0.487443721536847,2.4,1.0,5,True,0.3094722229858247,1.6638209964024417,0.29603684999316726,3.2697805105990345,1.178163214193392,1,8,1,1,1
brca,ILC,PathoTME-Fusion50,focus,clip-rn50,16,brca_morph64_v1,group,3,low/carcinoma_geometry,0.94324582578913,1.1015294296513898,-0.15924607975238667,8.8,0.8,5,True,0.04560729071507755,1.5251975241788966,0.14875497179323074,2.6077450210716395,0.3889243211868058,15,9,7,3,10
brca,ILC,PathoTME-Fusion50,focus,clip-rn50,16,brca_morph64_v1,group,4,high/spatial_macrophages,0.8917711899460089,0.9451829971103665,-0.2661629869427554,7.0,0.6,5,True,0.1519005327832326,1.136113331583814,0.12409595202435152,2.411968809489593,0.634777323849054,3,11,11,4,6
brca,ILC,PathoTME-Fusion50,focus,clip-rn50,16,brca_morph64_v1,group,5,low/stroma_geometry,0.8015432688755044,0.8198685589991542,0.038508310503611996,7.8,1.0,5,True,0.0836089629714792,1.7364909852132633,0.12728168730220224,1.6384494809586947,0.4218852279318827,8,7,10,5,9
brca,ILC,PathoTME-Fusion50,focus,clip-rn50,16,brca_morph64_v1,group,6,low/compartment_extent,0.748213172502277,0.9228305238557362,-0.23442992633908205,10.4,0.4,5,True,0.05251133630752598,2.0950648453103002,0.03760358802680473,1.3264503468645426,0.22943574600221206,13,2,15,7,15
brca,ILC,PathoTME-Fusion50,focus,clip-rn50,16,brca_morph64_v1,group,7,high/cell_granulocyte,0.735716840147354,0.7547179827575641,-0.11712061639309605,7.0,0.6,5,True,0.15021988181358426,1.9172074175735443,0.2279786147334813,1.0644011927529122,0.31877709386324743,4,4,2,11,14
brca,ILC,PathoTME-Fusion50,focus,clip-rn50,16,brca_morph64_v1,group,8,low/tissue_composition,0.7304727351071547,0.6290135616378373,-0.21244937657965807,6.6,1.0,5,True,0.08747178357387468,1.3847384555462177,0.15408460518251993,1.3660308060940756,0.6600380251390862,7,10,5,6,5
brca,ILC,PathoTME-Fusion50,focus,clip-rn50,16,brca_morph64_v1,group,9,high/spatial_fibroblasts,0.673346376679395,0.5286604684871048,0.013467777567781797,8.6,0.8,5,True,0.0695011074076948,1.1282108949068623,0.14229293609864427,1.1421185053211456,0.8846084396626281,10,12,9,9,3
brca,ILC,PathoTME-Fusion50,focus,clip-rn50,16,brca_morph64_v1,group,10,low/tumor_core_composition,0.6683851191461476,0.7518885182965056,-0.1360796780456476,9.0,0.6,5,True,0.07544081801897747,1.9142273795735387,0.10942466400618815,0.4786042948798068,0.7642284392522278,9,5,12,15,4
brca,ILC,PathoTME-Fusion50,focus,plip,16,brca_morph64_v1,feature,1,AVG_MIN_DISTANCE_OF_LYMPHOCYTES_AROUND_CARCINOMA_CELL_IN_WHOLE_TUMOR_REGION_20,0.6200942234269504,0.6719797669041571,-0.046117064868274375,15.8,0.8,5,True,0.061583964728560106,0.8482718691767331,0.010506543021101628,1.6508155770321624,0.529293163176195,9,8,58,1,3
brca,ILC,PathoTME-Fusion50,focus,plip,16,brca_morph64_v1,feature,2,AVG_MIN_DISTANCE_OF_LYMPHOCYTES_AROUND_CARCINOMA_CELL_IN_WHOLE_TUMOR_REGION_40,0.5216660610723969,0.5945484180782958,-0.05523063496209969,18.2,0.8,5,True,0.06490830503312532,0.809662009152774,0.0022007510222584827,1.4206262117659467,0.31093302838787995,7,10,61,3,10
brca,ILC,PathoTME-Fusion50,focus,plip,16,brca_morph64_v1,feature,3,AVG_MIN_DISTANCE_OF_MACROPHAGES_AROUND_CARCINOMA_CELL_IN_WHOLE_TUMOR_REGION_20,0.4877827333842643,0.5288593949829191,-0.10052811837439561,15.2,0.2,5,True,0.03889270728869675,1.1845656835116225,0.056618468125382335,0.9178437928479327,0.24099301514768742,26,4,17,11,18
brca,ILC,PathoTME-Fusion50,focus,plip,16,brca_morph64_v1,feature,4,RELATIVE_AREA_OUTER_INVASIVE_MARGIN,0.4702058933124597,0.5201679309781505,-0.0940897625220414,17.0,0.4,5,True,0.04553055937629657,0.8624592244054131,0.03421349341885868,1.177853424371116,0.23097276499061428,16,7,38,5,19
brca,ILC,PathoTME-Fusion50,focus,plip,16,brca_morph64_v1,feature,5,AVG_SOLIDICITY_STROMA,0.4252571160670683,0.4624150627856565,0.1258681751424708,17.0,0.2,5,True,0.04448711087883364,0.7675404950260183,0.049438650285279016,1.0602549489146575,0.20456437523055268,17,12,26,7,23
brca,ILC,PathoTME-Fusion50,focus,plip,16,brca_morph64_v1,feature,6,CELL_DENSITY_MACROPHAGE_IN_INNER_INVASIVE_MARGIN,0.41719957440431,0.3715554891116968,-0.1649540809162779,8.8,0.4,5,True,0.08286283397359893,0.7250249595386838,0.09713370952198205,0.8931235753395519,0.28785279364773336,3,14,1,13,13
brca,ILC,PathoTME-Fusion50,focus,plip,16,brca_morph64_v1,feature,7,CELL_DENSITY_MACROPHAGE_IN_TUMOR_CORE,0.3897736382224958,0.366433560381867,-0.12342893370406927,12.0,0.4,5,True,0.07751530858828046,0.6241530401201223,0.06778945127377833,0.9067510726466387,0.272659318483659,5,20,8,12,15
brca,ILC,PathoTME-Fusion50,focus,plip,16,brca_morph64_v1,feature,8,RELATIVE_AREA_NECROSIS,0.3858719367431339,0.5124133142820299,-0.1740927015906438,17.6,0.6,5,True,0.041760371318442256,0.17272379557010817,0.06705242466094925,1.2716957793270174,0.3761273128391524,20,49,9,4,6
brca,ILC,PathoTME-Fusion50,focus,plip,16,brca_morph64_v1,feature,9,RELATIVE_AREA_TUMOR_CORE,0.3847756189032384,0.6717675672934944,-0.14095911236172085,37.0,0.2,5,True,0.015166284447358755,1.5767453183680333,0.0013880553657287982,0.11865634768162404,0.21192208865344725,47,1,64,51,22
brca,ILC,PathoTME-Fusion50,focus,plip,16,brca_morph64_v1,feature,10,AVG_ECCENTRICITY_CARCINOMA,0.38370233106504414,0.4392241456858224,0.06848152866255855,23.8,0.4,5,True,0.01666248837954101,0.8811458974275461,0.0663626139948167,0.8454949291233851,0.10884572639993172,46,6,10,15,42
brca,ILC,PathoTME-Fusion50,focus,plip,16,brca_morph64_v1,group,1,high/spatial_lymphocytes,1.4492196254772831,1.4966414781080823,-0.1749766501068011,4.6,0.8,5,True,0.2017634620020622,3.0796675280436254,0.01314814993624322,3.0073713065164296,0.9441476808880566,2,1,16,2,2
brca,ILC,PathoTME-Fusion50,focus,plip,16,brca_morph64_v1,group,2,high/cell_macrophage,1.3434547588347718,1.2254479673792855,-0.487443721536847,2.4,1.0,5,True,0.3094722229858247,1.6638209964024417,0.29603684999316726,3.2697805105990345,1.178163214193392,1,8,1,1,1
brca,ILC,PathoTME-Fusion50,focus,plip,16,brca_morph64_v1,group,3,low/carcinoma_geometry,0.94324582578913,1.1015294296513898,-0.15924607975238667,8.8,0.8,5,True,0.04560729071507755,1.5251975241788966,0.14875497179323074,2.6077450210716395,0.3889243211868058,15,9,7,3,10
brca,ILC,PathoTME-Fusion50,focus,plip,16,brca_morph64_v1,group,4,high/spatial_macrophages,0.8917711899460089,0.9451829971103665,-0.2661629869427554,7.0,0.6,5,True,0.1519005327832326,1.136113331583814,0.12409595202435152,2.411968809489593,0.634777323849054,3,11,11,4,6
brca,ILC,PathoTME-Fusion50,focus,plip,16,brca_morph64_v1,group,5,low/stroma_geometry,0.8015432688755044,0.8198685589991542,0.038508310503611996,7.8,1.0,5,True,0.0836089629714792,1.7364909852132633,0.12728168730220224,1.6384494809586947,0.4218852279318827,8,7,10,5,9
brca,ILC,PathoTME-Fusion50,focus,plip,16,brca_morph64_v1,group,6,low/compartment_extent,0.748213172502277,0.9228305238557362,-0.23442992633908205,10.4,0.4,5,True,0.05251133630752598,2.0950648453103002,0.03760358802680473,1.3264503468645426,0.22943574600221206,13,2,15,7,15
brca,ILC,PathoTME-Fusion50,focus,plip,16,brca_morph64_v1,group,7,high/cell_granulocyte,0.735716840147354,0.7547179827575641,-0.11712061639309605,7.0,0.6,5,True,0.15021988181358426,1.9172074175735443,0.2279786147334813,1.0644011927529122,0.31877709386324743,4,4,2,11,14
brca,ILC,PathoTME-Fusion50,focus,plip,16,brca_morph64_v1,group,8,low/tissue_composition,0.7304727351071547,0.6290135616378373,-0.21244937657965807,6.6,1.0,5,True,0.08747178357387468,1.3847384555462177,0.15408460518251993,1.3660308060940756,0.6600380251390862,7,10,5,6,5
brca,ILC,PathoTME-Fusion50,focus,plip,16,brca_morph64_v1,group,9,high/spatial_fibroblasts,0.673346376679395,0.5286604684871048,0.013467777567781797,8.6,0.8,5,True,0.0695011074076948,1.1282108949068623,0.14229293609864427,1.1421185053211456,0.8846084396626281,10,12,9,9,3
brca,ILC,PathoTME-Fusion50,focus,plip,16,brca_morph64_v1,group,10,low/tumor_core_composition,0.6683851191461476,0.7518885182965056,-0.1360796780456476,9.0,0.6,5,True,0.07544081801897747,1.9142273795735387,0.10942466400618815,0.4786042948798068,0.7642284392522278,9,5,12,15,4
brca,ILC,PathoTME-Fusion50,hive_mil,clip-rn50,16,brca_morph64_v1,feature,1,AVG_MIN_DISTANCE_OF_LYMPHOCYTES_AROUND_CARCINOMA_CELL_IN_WHOLE_TUMOR_REGION_20,0.6200942234269504,0.6719797669041571,-0.046117064868274375,15.8,0.8,5,True,0.061583964728560106,0.8482718691767331,0.010506543021101628,1.6508155770321624,0.529293163176195,9,8,58,1,3
brca,ILC,PathoTME-Fusion50,hive_mil,clip-rn50,16,brca_morph64_v1,feature,2,AVG_MIN_DISTANCE_OF_LYMPHOCYTES_AROUND_CARCINOMA_CELL_IN_WHOLE_TUMOR_REGION_40,0.5216660610723969,0.5945484180782958,-0.05523063496209969,18.2,0.8,5,True,0.06490830503312532,0.809662009152774,0.0022007510222584827,1.4206262117659467,0.31093302838787995,7,10,61,3,10
brca,ILC,PathoTME-Fusion50,hive_mil,clip-rn50,16,brca_morph64_v1,feature,3,AVG_MIN_DISTANCE_OF_MACROPHAGES_AROUND_CARCINOMA_CELL_IN_WHOLE_TUMOR_REGION_20,0.4877827333842643,0.5288593949829191,-0.10052811837439561,15.2,0.2,5,True,0.03889270728869675,1.1845656835116225,0.056618468125382335,0.9178437928479327,0.24099301514768742,26,4,17,11,18
brca,ILC,PathoTME-Fusion50,hive_mil,clip-rn50,16,brca_morph64_v1,feature,4,RELATIVE_AREA_OUTER_INVASIVE_MARGIN,0.4702058933124597,0.5201679309781505,-0.0940897625220414,17.0,0.4,5,True,0.04553055937629657,0.8624592244054131,0.03421349341885868,1.177853424371116,0.23097276499061428,16,7,38,5,19
brca,ILC,PathoTME-Fusion50,hive_mil,clip-rn50,16,brca_morph64_v1,feature,5,AVG_SOLIDICITY_STROMA,0.4252571160670683,0.4624150627856565,0.1258681751424708,17.0,0.2,5,True,0.04448711087883364,0.7675404950260183,0.049438650285279016,1.0602549489146575,0.20456437523055268,17,12,26,7,23
brca,ILC,PathoTME-Fusion50,hive_mil,clip-rn50,16,brca_morph64_v1,feature,6,CELL_DENSITY_MACROPHAGE_IN_INNER_INVASIVE_MARGIN,0.41719957440431,0.3715554891116968,-0.1649540809162779,8.8,0.4,5,True,0.08286283397359893,0.7250249595386838,0.09713370952198205,0.8931235753395519,0.28785279364773336,3,14,1,13,13
brca,ILC,PathoTME-Fusion50,hive_mil,clip-rn50,16,brca_morph64_v1,feature,7,CELL_DENSITY_MACROPHAGE_IN_TUMOR_CORE,0.3897736382224958,0.366433560381867,-0.12342893370406927,12.0,0.4,5,True,0.07751530858828046,0.6241530401201223,0.06778945127377833,0.9067510726466387,0.272659318483659,5,20,8,12,15
brca,ILC,PathoTME-Fusion50,hive_mil,clip-rn50,16,brca_morph64_v1,feature,8,RELATIVE_AREA_NECROSIS,0.3858719367431339,0.5124133142820299,-0.1740927015906438,17.6,0.6,5,True,0.041760371318442256,0.17272379557010817,0.06705242466094925,1.2716957793270174,0.3761273128391524,20,49,9,4,6
brca,ILC,PathoTME-Fusion50,hive_mil,clip-rn50,16,brca_morph64_v1,feature,9,RELATIVE_AREA_TUMOR_CORE,0.3847756189032384,0.6717675672934944,-0.14095911236172085,37.0,0.2,5,True,0.015166284447358755,1.5767453183680333,0.0013880553657287982,0.11865634768162404,0.21192208865344725,47,1,64,51,22
brca,ILC,PathoTME-Fusion50,hive_mil,clip-rn50,16,brca_morph64_v1,feature,10,AVG_ECCENTRICITY_CARCINOMA,0.38370233106504414,0.4392241456858224,0.06848152866255855,23.8,0.4,5,True,0.01666248837954101,0.8811458974275461,0.0663626139948167,0.8454949291233851,0.10884572639993172,46,6,10,15,42
brca,ILC,PathoTME-Fusion50,hive_mil,clip-rn50,16,brca_morph64_v1,group,1,high/spatial_lymphocytes,1.4492196254772831,1.4966414781080823,-0.1749766501068011,4.6,0.8,5,True,0.2017634620020622,3.0796675280436254,0.01314814993624322,3.0073713065164296,0.9441476808880566,2,1,16,2,2
brca,ILC,PathoTME-Fusion50,hive_mil,clip-rn50,16,brca_morph64_v1,group,2,high/cell_macrophage,1.3434547588347718,1.2254479673792855,-0.487443721536847,2.4,1.0,5,True,0.3094722229858247,1.6638209964024417,0.29603684999316726,3.2697805105990345,1.178163214193392,1,8,1,1,1
brca,ILC,PathoTME-Fusion50,hive_mil,clip-rn50,16,brca_morph64_v1,group,3,low/carcinoma_geometry,0.94324582578913,1.1015294296513898,-0.15924607975238667,8.8,0.8,5,True,0.04560729071507755,1.5251975241788966,0.14875497179323074,2.6077450210716395,0.3889243211868058,15,9,7,3,10
brca,ILC,PathoTME-Fusion50,hive_mil,clip-rn50,16,brca_morph64_v1,group,4,high/spatial_macrophages,0.8917711899460089,0.9451829971103665,-0.2661629869427554,7.0,0.6,5,True,0.1519005327832326,1.136113331583814,0.12409595202435152,2.411968809489593,0.634777323849054,3,11,11,4,6
brca,ILC,PathoTME-Fusion50,hive_mil,clip-rn50,16,brca_morph64_v1,group,5,low/stroma_geometry,0.8015432688755044,0.8198685589991542,0.038508310503611996,7.8,1.0,5,True,0.0836089629714792,1.7364909852132633,0.12728168730220224,1.6384494809586947,0.4218852279318827,8,7,10,5,9
brca,ILC,PathoTME-Fusion50,hive_mil,clip-rn50,16,brca_morph64_v1,group,6,low/compartment_extent,0.748213172502277,0.9228305238557362,-0.23442992633908205,10.4,0.4,5,True,0.05251133630752598,2.0950648453103002,0.03760358802680473,1.3264503468645426,0.22943574600221206,13,2,15,7,15
brca,ILC,PathoTME-Fusion50,hive_mil,clip-rn50,16,brca_morph64_v1,group,7,high/cell_granulocyte,0.735716840147354,0.7547179827575641,-0.11712061639309605,7.0,0.6,5,True,0.15021988181358426,1.9172074175735443,0.2279786147334813,1.0644011927529122,0.31877709386324743,4,4,2,11,14
brca,ILC,PathoTME-Fusion50,hive_mil,clip-rn50,16,brca_morph64_v1,group,8,low/tissue_composition,0.7304727351071547,0.6290135616378373,-0.21244937657965807,6.6,1.0,5,True,0.08747178357387468,1.3847384555462177,0.15408460518251993,1.3660308060940756,0.6600380251390862,7,10,5,6,5
brca,ILC,PathoTME-Fusion50,hive_mil,clip-rn50,16,brca_morph64_v1,group,9,high/spatial_fibroblasts,0.673346376679395,0.5286604684871048,0.013467777567781797,8.6,0.8,5,True,0.0695011074076948,1.1282108949068623,0.14229293609864427,1.1421185053211456,0.8846084396626281,10,12,9,9,3
brca,ILC,PathoTME-Fusion50,hive_mil,clip-rn50,16,brca_morph64_v1,group,10,low/tumor_core_composition,0.6683851191461476,0.7518885182965056,-0.1360796780456476,9.0,0.6,5,True,0.07544081801897747,1.9142273795735387,0.10942466400618815,0.4786042948798068,0.7642284392522278,9,5,12,15,4
brca,ILC,PathoTME-Fusion50,hive_mil,plip,16,brca_morph64_v1,feature,1,AVG_MIN_DISTANCE_OF_LYMPHOCYTES_AROUND_CARCINOMA_CELL_IN_WHOLE_TUMOR_REGION_20,0.6200942234269504,0.6719797669041571,-0.046117064868274375,15.8,0.8,5,True,0.061583964728560106,0.8482718691767331,0.010506543021101628,1.6508155770321624,0.529293163176195,9,8,58,1,3
brca,ILC,PathoTME-Fusion50,hive_mil,plip,16,brca_morph64_v1,feature,2,AVG_MIN_DISTANCE_OF_LYMPHOCYTES_AROUND_CARCINOMA_CELL_IN_WHOLE_TUMOR_REGION_40,0.5216660610723969,0.5945484180782958,-0.05523063496209969,18.2,0.8,5,True,0.06490830503312532,0.809662009152774,0.0022007510222584827,1.4206262117659467,0.31093302838787995,7,10,61,3,10
brca,ILC,PathoTME-Fusion50,hive_mil,plip,16,brca_morph64_v1,feature,3,AVG_MIN_DISTANCE_OF_MACROPHAGES_AROUND_CARCINOMA_CELL_IN_WHOLE_TUMOR_REGION_20,0.4877827333842643,0.5288593949829191,-0.10052811837439561,15.2,0.2,5,True,0.03889270728869675,1.1845656835116225,0.056618468125382335,0.9178437928479327,0.24099301514768742,26,4,17,11,18
brca,ILC,PathoTME-Fusion50,hive_mil,plip,16,brca_morph64_v1,feature,4,RELATIVE_AREA_OUTER_INVASIVE_MARGIN,0.4702058933124597,0.5201679309781505,-0.0940897625220414,17.0,0.4,5,True,0.04553055937629657,0.8624592244054131,0.03421349341885868,1.177853424371116,0.23097276499061428,16,7,38,5,19
brca,ILC,PathoTME-Fusion50,hive_mil,plip,16,brca_morph64_v1,feature,5,AVG_SOLIDICITY_STROMA,0.4252571160670683,0.4624150627856565,0.1258681751424708,17.0,0.2,5,True,0.04448711087883364,0.7675404950260183,0.049438650285279016,1.0602549489146575,0.20456437523055268,17,12,26,7,23
brca,ILC,PathoTME-Fusion50,hive_mil,plip,16,brca_morph64_v1,feature,6,CELL_DENSITY_MACROPHAGE_IN_INNER_INVASIVE_MARGIN,0.41719957440431,0.3715554891116968,-0.1649540809162779,8.8,0.4,5,True,0.08286283397359893,0.7250249595386838,0.09713370952198205,0.8931235753395519,0.28785279364773336,3,14,1,13,13
brca,ILC,PathoTME-Fusion50,hive_mil,plip,16,brca_morph64_v1,feature,7,CELL_DENSITY_MACROPHAGE_IN_TUMOR_CORE,0.3897736382224958,0.366433560381867,-0.12342893370406927,12.0,0.4,5,True,0.07751530858828046,0.6241530401201223,0.06778945127377833,0.9067510726466387,0.272659318483659,5,20,8,12,15
brca,ILC,PathoTME-Fusion50,hive_mil,plip,16,brca_morph64_v1,feature,8,RELATIVE_AREA_NECROSIS,0.3858719367431339,0.5124133142820299,-0.1740927015906438,17.6,0.6,5,True,0.041760371318442256,0.17272379557010817,0.06705242466094925,1.2716957793270174,0.3761273128391524,20,49,9,4,6
brca,ILC,PathoTME-Fusion50,hive_mil,plip,16,brca_morph64_v1,feature,9,RELATIVE_AREA_TUMOR_CORE,0.3847756189032384,0.6717675672934944,-0.14095911236172085,37.0,0.2,5,True,0.015166284447358755,1.5767453183680333,0.0013880553657287982,0.11865634768162404,0.21192208865344725,47,1,64,51,22
brca,ILC,PathoTME-Fusion50,hive_mil,plip,16,brca_morph64_v1,feature,10,AVG_ECCENTRICITY_CARCINOMA,0.38370233106504414,0.4392241456858224,0.06848152866255855,23.8,0.4,5,True,0.01666248837954101,0.8811458974275461,0.0663626139948167,0.8454949291233851,0.10884572639993172,46,6,10,15,42
brca,ILC,PathoTME-Fusion50,hive_mil,plip,16,brca_morph64_v1,group,1,high/spatial_lymphocytes,1.4492196254772831,1.4966414781080823,-0.1749766501068011,4.6,0.8,5,True,0.2017634620020622,3.0796675280436254,0.01314814993624322,3.0073713065164296,0.9441476808880566,2,1,16,2,2
brca,ILC,PathoTME-Fusion50,hive_mil,plip,16,brca_morph64_v1,group,2,high/cell_macrophage,1.3434547588347718,1.2254479673792855,-0.487443721536847,2.4,1.0,5,True,0.3094722229858247,1.6638209964024417,0.29603684999316726,3.2697805105990345,1.178163214193392,1,8,1,1,1
brca,ILC,PathoTME-Fusion50,hive_mil,plip,16,brca_morph64_v1,group,3,low/carcinoma_geometry,0.94324582578913,1.1015294296513898,-0.15924607975238667,8.8,0.8,5,True,0.04560729071507755,1.5251975241788966,0.14875497179323074,2.6077450210716395,0.3889243211868058,15,9,7,3,10
brca,ILC,PathoTME-Fusion50,hive_mil,plip,16,brca_morph64_v1,group,4,high/spatial_macrophages,0.8917711899460089,0.9451829971103665,-0.2661629869427554,7.0,0.6,5,True,0.1519005327832326,1.136113331583814,0.12409595202435152,2.411968809489593,0.634777323849054,3,11,11,4,6
brca,ILC,PathoTME-Fusion50,hive_mil,plip,16,brca_morph64_v1,group,5,low/stroma_geometry,0.8015432688755044,0.8198685589991542,0.038508310503611996,7.8,1.0,5,True,0.0836089629714792,1.7364909852132633,0.12728168730220224,1.6384494809586947,0.4218852279318827,8,7,10,5,9
brca,ILC,PathoTME-Fusion50,hive_mil,plip,16,brca_morph64_v1,group,6,low/compartment_extent,0.748213172502277,0.9228305238557362,-0.23442992633908205,10.4,0.4,5,True,0.05251133630752598,2.0950648453103002,0.03760358802680473,1.3264503468645426,0.22943574600221206,13,2,15,7,15
brca,ILC,PathoTME-Fusion50,hive_mil,plip,16,brca_morph64_v1,group,7,high/cell_granulocyte,0.735716840147354,0.7547179827575641,-0.11712061639309605,7.0,0.6,5,True,0.15021988181358426,1.9172074175735443,0.2279786147334813,1.0644011927529122,0.31877709386324743,4,4,2,11,14
brca,ILC,PathoTME-Fusion50,hive_mil,plip,16,brca_morph64_v1,group,8,low/tissue_composition,0.7304727351071547,0.6290135616378373,-0.21244937657965807,6.6,1.0,5,True,0.08747178357387468,1.3847384555462177,0.15408460518251993,1.3660308060940756,0.6600380251390862,7,10,5,6,5
brca,ILC,PathoTME-Fusion50,hive_mil,plip,16,brca_morph64_v1,group,9,high/spatial_fibroblasts,0.673346376679395,0.5286604684871048,0.013467777567781797,8.6,0.8,5,True,0.0695011074076948,1.1282108949068623,0.14229293609864427,1.1421185053211456,0.8846084396626281,10,12,9,9,3
brca,ILC,PathoTME-Fusion50,hive_mil,plip,16,brca_morph64_v1,group,10,low/tumor_core_composition,0.6683851191461476,0.7518885182965056,-0.1360796780456476,9.0,0.6,5,True,0.07544081801897747,1.9142273795735387,0.10942466400618815,0.4786042948798068,0.7642284392522278,9,5,12,15,4
brca,ILC,PathoTME-Fusion50,mgpath,clip-rn50,16,brca_morph64_v1,feature,1,AVG_MIN_DISTANCE_OF_LYMPHOCYTES_AROUND_CARCINOMA_CELL_IN_WHOLE_TUMOR_REGION_20,0.6200942234269504,0.6719797669041571,-0.046117064868274375,15.8,0.8,5,True,0.061583964728560106,0.8482718691767331,0.010506543021101628,1.6508155770321624,0.529293163176195,9,8,58,1,3
brca,ILC,PathoTME-Fusion50,mgpath,clip-rn50,16,brca_morph64_v1,feature,2,AVG_MIN_DISTANCE_OF_LYMPHOCYTES_AROUND_CARCINOMA_CELL_IN_WHOLE_TUMOR_REGION_40,0.5216660610723969,0.5945484180782958,-0.05523063496209969,18.2,0.8,5,True,0.06490830503312532,0.809662009152774,0.0022007510222584827,1.4206262117659467,0.31093302838787995,7,10,61,3,10
brca,ILC,PathoTME-Fusion50,mgpath,clip-rn50,16,brca_morph64_v1,feature,3,AVG_MIN_DISTANCE_OF_MACROPHAGES_AROUND_CARCINOMA_CELL_IN_WHOLE_TUMOR_REGION_20,0.4877827333842643,0.5288593949829191,-0.10052811837439561,15.2,0.2,5,True,0.03889270728869675,1.1845656835116225,0.056618468125382335,0.9178437928479327,0.24099301514768742,26,4,17,11,18
brca,ILC,PathoTME-Fusion50,mgpath,clip-rn50,16,brca_morph64_v1,feature,4,RELATIVE_AREA_OUTER_INVASIVE_MARGIN,0.4702058933124597,0.5201679309781505,-0.0940897625220414,17.0,0.4,5,True,0.04553055937629657,0.8624592244054131,0.03421349341885868,1.177853424371116,0.23097276499061428,16,7,38,5,19
brca,ILC,PathoTME-Fusion50,mgpath,clip-rn50,16,brca_morph64_v1,feature,5,AVG_SOLIDICITY_STROMA,0.4252571160670683,0.4624150627856565,0.1258681751424708,17.0,0.2,5,True,0.04448711087883364,0.7675404950260183,0.049438650285279016,1.0602549489146575,0.20456437523055268,17,12,26,7,23
brca,ILC,PathoTME-Fusion50,mgpath,clip-rn50,16,brca_morph64_v1,feature,6,CELL_DENSITY_MACROPHAGE_IN_INNER_INVASIVE_MARGIN,0.41719957440431,0.3715554891116968,-0.1649540809162779,8.8,0.4,5,True,0.08286283397359893,0.7250249595386838,0.09713370952198205,0.8931235753395519,0.28785279364773336,3,14,1,13,13
brca,ILC,PathoTME-Fusion50,mgpath,clip-rn50,16,brca_morph64_v1,feature,7,CELL_DENSITY_MACROPHAGE_IN_TUMOR_CORE,0.3897736382224958,0.366433560381867,-0.12342893370406927,12.0,0.4,5,True,0.07751530858828046,0.6241530401201223,0.06778945127377833,0.9067510726466387,0.272659318483659,5,20,8,12,15
brca,ILC,PathoTME-Fusion50,mgpath,clip-rn50,16,brca_morph64_v1,feature,8,RELATIVE_AREA_NECROSIS,0.3858719367431339,0.5124133142820299,-0.1740927015906438,17.6,0.6,5,True,0.041760371318442256,0.17272379557010817,0.06705242466094925,1.2716957793270174,0.3761273128391524,20,49,9,4,6
brca,ILC,PathoTME-Fusion50,mgpath,clip-rn50,16,brca_morph64_v1,feature,9,RELATIVE_AREA_TUMOR_CORE,0.3847756189032384,0.6717675672934944,-0.14095911236172085,37.0,0.2,5,True,0.015166284447358755,1.5767453183680333,0.0013880553657287982,0.11865634768162404,0.21192208865344725,47,1,64,51,22
brca,ILC,PathoTME-Fusion50,mgpath,clip-rn50,16,brca_morph64_v1,feature,10,AVG_ECCENTRICITY_CARCINOMA,0.38370233106504414,0.4392241456858224,0.06848152866255855,23.8,0.4,5,True,0.01666248837954101,0.8811458974275461,0.0663626139948167,0.8454949291233851,0.10884572639993172,46,6,10,15,42
brca,ILC,PathoTME-Fusion50,mgpath,clip-rn50,16,brca_morph64_v1,group,1,high/spatial_lymphocytes,1.4492196254772831,1.4966414781080823,-0.1749766501068011,4.6,0.8,5,True,0.2017634620020622,3.0796675280436254,0.01314814993624322,3.0073713065164296,0.9441476808880566,2,1,16,2,2
brca,ILC,PathoTME-Fusion50,mgpath,clip-rn50,16,brca_morph64_v1,group,2,high/cell_macrophage,1.3434547588347718,1.2254479673792855,-0.487443721536847,2.4,1.0,5,True,0.3094722229858247,1.6638209964024417,0.29603684999316726,3.2697805105990345,1.178163214193392,1,8,1,1,1
brca,ILC,PathoTME-Fusion50,mgpath,clip-rn50,16,brca_morph64_v1,group,3,low/carcinoma_geometry,0.94324582578913,1.1015294296513898,-0.15924607975238667,8.8,0.8,5,True,0.04560729071507755,1.5251975241788966,0.14875497179323074,2.6077450210716395,0.3889243211868058,15,9,7,3,10
brca,ILC,PathoTME-Fusion50,mgpath,clip-rn50,16,brca_morph64_v1,group,4,high/spatial_macrophages,0.8917711899460089,0.9451829971103665,-0.2661629869427554,7.0,0.6,5,True,0.1519005327832326,1.136113331583814,0.12409595202435152,2.411968809489593,0.634777323849054,3,11,11,4,6
brca,ILC,PathoTME-Fusion50,mgpath,clip-rn50,16,brca_morph64_v1,group,5,low/stroma_geometry,0.8015432688755044,0.8198685589991542,0.038508310503611996,7.8,1.0,5,True,0.0836089629714792,1.7364909852132633,0.12728168730220224,1.6384494809586947,0.4218852279318827,8,7,10,5,9
brca,ILC,PathoTME-Fusion50,mgpath,clip-rn50,16,brca_morph64_v1,group,6,low/compartment_extent,0.748213172502277,0.9228305238557362,-0.23442992633908205,10.4,0.4,5,True,0.05251133630752598,2.0950648453103002,0.03760358802680473,1.3264503468645426,0.22943574600221206,13,2,15,7,15
brca,ILC,PathoTME-Fusion50,mgpath,clip-rn50,16,brca_morph64_v1,group,7,high/cell_granulocyte,0.735716840147354,0.7547179827575641,-0.11712061639309605,7.0,0.6,5,True,0.15021988181358426,1.9172074175735443,0.2279786147334813,1.0644011927529122,0.31877709386324743,4,4,2,11,14
brca,ILC,PathoTME-Fusion50,mgpath,clip-rn50,16,brca_morph64_v1,group,8,low/tissue_composition,0.7304727351071547,0.6290135616378373,-0.21244937657965807,6.6,1.0,5,True,0.08747178357387468,1.3847384555462177,0.15408460518251993,1.3660308060940756,0.6600380251390862,7,10,5,6,5
brca,ILC,PathoTME-Fusion50,mgpath,clip-rn50,16,brca_morph64_v1,group,9,high/spatial_fibroblasts,0.673346376679395,0.5286604684871048,0.013467777567781797,8.6,0.8,5,True,0.0695011074076948,1.1282108949068623,0.14229293609864427,1.1421185053211456,0.8846084396626281,10,12,9,9,3
brca,ILC,PathoTME-Fusion50,mgpath,clip-rn50,16,brca_morph64_v1,group,10,low/tumor_core_composition,0.6683851191461476,0.7518885182965056,-0.1360796780456476,9.0,0.6,5,True,0.07544081801897747,1.9142273795735387,0.10942466400618815,0.4786042948798068,0.7642284392522278,9,5,12,15,4
brca,ILC,PathoTME-Fusion50,mgpath,plip,16,brca_morph64_v1,feature,1,AVG_MIN_DISTANCE_OF_LYMPHOCYTES_AROUND_CARCINOMA_CELL_IN_WHOLE_TUMOR_REGION_20,0.6200942234269504,0.6719797669041571,-0.046117064868274375,15.8,0.8,5,True,0.061583964728560106,0.8482718691767331,0.010506543021101628,1.6508155770321624,0.529293163176195,9,8,58,1,3
brca,ILC,PathoTME-Fusion50,mgpath,plip,16,brca_morph64_v1,feature,2,AVG_MIN_DISTANCE_OF_LYMPHOCYTES_AROUND_CARCINOMA_CELL_IN_WHOLE_TUMOR_REGION_40,0.5216660610723969,0.5945484180782958,-0.05523063496209969,18.2,0.8,5,True,0.06490830503312532,0.809662009152774,0.0022007510222584827,1.4206262117659467,0.31093302838787995,7,10,61,3,10
brca,ILC,PathoTME-Fusion50,mgpath,plip,16,brca_morph64_v1,feature,3,AVG_MIN_DISTANCE_OF_MACROPHAGES_AROUND_CARCINOMA_CELL_IN_WHOLE_TUMOR_REGION_20,0.4877827333842643,0.5288593949829191,-0.10052811837439561,15.2,0.2,5,True,0.03889270728869675,1.1845656835116225,0.056618468125382335,0.9178437928479327,0.24099301514768742,26,4,17,11,18
brca,ILC,PathoTME-Fusion50,mgpath,plip,16,brca_morph64_v1,feature,4,RELATIVE_AREA_OUTER_INVASIVE_MARGIN,0.4702058933124597,0.5201679309781505,-0.0940897625220414,17.0,0.4,5,True,0.04553055937629657,0.8624592244054131,0.03421349341885868,1.177853424371116,0.23097276499061428,16,7,38,5,19
brca,ILC,PathoTME-Fusion50,mgpath,plip,16,brca_morph64_v1,feature,5,AVG_SOLIDICITY_STROMA,0.4252571160670683,0.4624150627856565,0.1258681751424708,17.0,0.2,5,True,0.04448711087883364,0.7675404950260183,0.049438650285279016,1.0602549489146575,0.20456437523055268,17,12,26,7,23
brca,ILC,PathoTME-Fusion50,mgpath,plip,16,brca_morph64_v1,feature,6,CELL_DENSITY_MACROPHAGE_IN_INNER_INVASIVE_MARGIN,0.41719957440431,0.3715554891116968,-0.1649540809162779,8.8,0.4,5,True,0.08286283397359893,0.7250249595386838,0.09713370952198205,0.8931235753395519,0.28785279364773336,3,14,1,13,13
brca,ILC,PathoTME-Fusion50,mgpath,plip,16,brca_morph64_v1,feature,7,CELL_DENSITY_MACROPHAGE_IN_TUMOR_CORE,0.3897736382224958,0.366433560381867,-0.12342893370406927,12.0,0.4,5,True,0.07751530858828046,0.6241530401201223,0.06778945127377833,0.9067510726466387,0.272659318483659,5,20,8,12,15
brca,ILC,PathoTME-Fusion50,mgpath,plip,16,brca_morph64_v1,feature,8,RELATIVE_AREA_NECROSIS,0.3858719367431339,0.5124133142820299,-0.1740927015906438,17.6,0.6,5,True,0.041760371318442256,0.17272379557010817,0.06705242466094925,1.2716957793270174,0.3761273128391524,20,49,9,4,6
brca,ILC,PathoTME-Fusion50,mgpath,plip,16,brca_morph64_v1,feature,9,RELATIVE_AREA_TUMOR_CORE,0.3847756189032384,0.6717675672934944,-0.14095911236172085,37.0,0.2,5,True,0.015166284447358755,1.5767453183680333,0.0013880553657287982,0.11865634768162404,0.21192208865344725,47,1,64,51,22
brca,ILC,PathoTME-Fusion50,mgpath,plip,16,brca_morph64_v1,feature,10,AVG_ECCENTRICITY_CARCINOMA,0.38370233106504414,0.4392241456858224,0.06848152866255855,23.8,0.4,5,True,0.01666248837954101,0.8811458974275461,0.0663626139948167,0.8454949291233851,0.10884572639993172,46,6,10,15,42
brca,ILC,PathoTME-Fusion50,mgpath,plip,16,brca_morph64_v1,group,1,high/spatial_lymphocytes,1.4492196254772831,1.4966414781080823,-0.1749766501068011,4.6,0.8,5,True,0.2017634620020622,3.0796675280436254,0.01314814993624322,3.0073713065164296,0.9441476808880566,2,1,16,2,2
brca,ILC,PathoTME-Fusion50,mgpath,plip,16,brca_morph64_v1,group,2,high/cell_macrophage,1.3434547588347718,1.2254479673792855,-0.487443721536847,2.4,1.0,5,True,0.3094722229858247,1.6638209964024417,0.29603684999316726,3.2697805105990345,1.178163214193392,1,8,1,1,1
brca,ILC,PathoTME-Fusion50,mgpath,plip,16,brca_morph64_v1,group,3,low/carcinoma_geometry,0.94324582578913,1.1015294296513898,-0.15924607975238667,8.8,0.8,5,True,0.04560729071507755,1.5251975241788966,0.14875497179323074,2.6077450210716395,0.3889243211868058,15,9,7,3,10
brca,ILC,PathoTME-Fusion50,mgpath,plip,16,brca_morph64_v1,group,4,high/spatial_macrophages,0.8917711899460089,0.9451829971103665,-0.2661629869427554,7.0,0.6,5,True,0.1519005327832326,1.136113331583814,0.12409595202435152,2.411968809489593,0.634777323849054,3,11,11,4,6
brca,ILC,PathoTME-Fusion50,mgpath,plip,16,brca_morph64_v1,group,5,low/stroma_geometry,0.8015432688755044,0.8198685589991542,0.038508310503611996,7.8,1.0,5,True,0.0836089629714792,1.7364909852132633,0.12728168730220224,1.6384494809586947,0.4218852279318827,8,7,10,5,9
brca,ILC,PathoTME-Fusion50,mgpath,plip,16,brca_morph64_v1,group,6,low/compartment_extent,0.748213172502277,0.9228305238557362,-0.23442992633908205,10.4,0.4,5,True,0.05251133630752598,2.0950648453103002,0.03760358802680473,1.3264503468645426,0.22943574600221206,13,2,15,7,15
brca,ILC,PathoTME-Fusion50,mgpath,plip,16,brca_morph64_v1,group,7,high/cell_granulocyte,0.735716840147354,0.7547179827575641,-0.11712061639309605,7.0,0.6,5,True,0.15021988181358426,1.9172074175735443,0.2279786147334813,1.0644011927529122,0.31877709386324743,4,4,2,11,14
brca,ILC,PathoTME-Fusion50,mgpath,plip,16,brca_morph64_v1,group,8,low/tissue_composition,0.7304727351071547,0.6290135616378373,-0.21244937657965807,6.6,1.0,5,True,0.08747178357387468,1.3847384555462177,0.15408460518251993,1.3660308060940756,0.6600380251390862,7,10,5,6,5
brca,ILC,PathoTME-Fusion50,mgpath,plip,16,brca_morph64_v1,group,9,high/spatial_fibroblasts,0.673346376679395,0.5286604684871048,0.013467777567781797,8.6,0.8,5,True,0.0695011074076948,1.1282108949068623,0.14229293609864427,1.1421185053211456,0.8846084396626281,10,12,9,9,3
brca,ILC,PathoTME-Fusion50,mgpath,plip,16,brca_morph64_v1,group,10,low/tumor_core_composition,0.6683851191461476,0.7518885182965056,-0.1360796780456476,9.0,0.6,5,True,0.07544081801897747,1.9142273795735387,0.10942466400618815,0.4786042948798068,0.7642284392522278,9,5,12,15,4
brca,ILC,PathoTME-Fusion50,mscpt,clip-rn50,16,brca_morph64_v1,feature,1,AVG_MIN_DISTANCE_OF_LYMPHOCYTES_AROUND_CARCINOMA_CELL_IN_WHOLE_TUMOR_REGION_20,0.6200942234269504,0.6719797669041571,-0.046117064868274375,15.8,0.8,5,True,0.061583964728560106,0.8482718691767331,0.010506543021101628,1.6508155770321624,0.529293163176195,9,8,58,1,3
brca,ILC,PathoTME-Fusion50,mscpt,clip-rn50,16,brca_morph64_v1,feature,2,AVG_MIN_DISTANCE_OF_LYMPHOCYTES_AROUND_CARCINOMA_CELL_IN_WHOLE_TUMOR_REGION_40,0.5216660610723969,0.5945484180782958,-0.05523063496209969,18.2,0.8,5,True,0.06490830503312532,0.809662009152774,0.0022007510222584827,1.4206262117659467,0.31093302838787995,7,10,61,3,10
brca,ILC,PathoTME-Fusion50,mscpt,clip-rn50,16,brca_morph64_v1,feature,3,AVG_MIN_DISTANCE_OF_MACROPHAGES_AROUND_CARCINOMA_CELL_IN_WHOLE_TUMOR_REGION_20,0.4877827333842643,0.5288593949829191,-0.10052811837439561,15.2,0.2,5,True,0.03889270728869675,1.1845656835116225,0.056618468125382335,0.9178437928479327,0.24099301514768742,26,4,17,11,18
brca,ILC,PathoTME-Fusion50,mscpt,clip-rn50,16,brca_morph64_v1,feature,4,RELATIVE_AREA_OUTER_INVASIVE_MARGIN,0.4702058933124597,0.5201679309781505,-0.0940897625220414,17.0,0.4,5,True,0.04553055937629657,0.8624592244054131,0.03421349341885868,1.177853424371116,0.23097276499061428,16,7,38,5,19
brca,ILC,PathoTME-Fusion50,mscpt,clip-rn50,16,brca_morph64_v1,feature,5,AVG_SOLIDICITY_STROMA,0.4252571160670683,0.4624150627856565,0.1258681751424708,17.0,0.2,5,True,0.04448711087883364,0.7675404950260183,0.049438650285279016,1.0602549489146575,0.20456437523055268,17,12,26,7,23
brca,ILC,PathoTME-Fusion50,mscpt,clip-rn50,16,brca_morph64_v1,feature,6,CELL_DENSITY_MACROPHAGE_IN_INNER_INVASIVE_MARGIN,0.41719957440431,0.3715554891116968,-0.1649540809162779,8.8,0.4,5,True,0.08286283397359893,0.7250249595386838,0.09713370952198205,0.8931235753395519,0.28785279364773336,3,14,1,13,13
brca,ILC,PathoTME-Fusion50,mscpt,clip-rn50,16,brca_morph64_v1,feature,7,CELL_DENSITY_MACROPHAGE_IN_TUMOR_CORE,0.3897736382224958,0.366433560381867,-0.12342893370406927,12.0,0.4,5,True,0.07751530858828046,0.6241530401201223,0.06778945127377833,0.9067510726466387,0.272659318483659,5,20,8,12,15
brca,ILC,PathoTME-Fusion50,mscpt,clip-rn50,16,brca_morph64_v1,feature,8,RELATIVE_AREA_NECROSIS,0.3858719367431339,0.5124133142820299,-0.1740927015906438,17.6,0.6,5,True,0.041760371318442256,0.17272379557010817,0.06705242466094925,1.2716957793270174,0.3761273128391524,20,49,9,4,6
brca,ILC,PathoTME-Fusion50,mscpt,clip-rn50,16,brca_morph64_v1,feature,9,RELATIVE_AREA_TUMOR_CORE,0.3847756189032384,0.6717675672934944,-0.14095911236172085,37.0,0.2,5,True,0.015166284447358755,1.5767453183680333,0.0013880553657287982,0.11865634768162404,0.21192208865344725,47,1,64,51,22
brca,ILC,PathoTME-Fusion50,mscpt,clip-rn50,16,brca_morph64_v1,feature,10,AVG_ECCENTRICITY_CARCINOMA,0.38370233106504414,0.4392241456858224,0.06848152866255855,23.8,0.4,5,True,0.01666248837954101,0.8811458974275461,0.0663626139948167,0.8454949291233851,0.10884572639993172,46,6,10,15,42
brca,ILC,PathoTME-Fusion50,mscpt,clip-rn50,16,brca_morph64_v1,group,1,high/spatial_lymphocytes,1.4492196254772831,1.4966414781080823,-0.1749766501068011,4.6,0.8,5,True,0.2017634620020622,3.0796675280436254,0.01314814993624322,3.0073713065164296,0.9441476808880566,2,1,16,2,2
brca,ILC,PathoTME-Fusion50,mscpt,clip-rn50,16,brca_morph64_v1,group,2,high/cell_macrophage,1.3434547588347718,1.2254479673792855,-0.487443721536847,2.4,1.0,5,True,0.3094722229858247,1.6638209964024417,0.29603684999316726,3.2697805105990345,1.178163214193392,1,8,1,1,1
brca,ILC,PathoTME-Fusion50,mscpt,clip-rn50,16,brca_morph64_v1,group,3,low/carcinoma_geometry,0.94324582578913,1.1015294296513898,-0.15924607975238667,8.8,0.8,5,True,0.04560729071507755,1.5251975241788966,0.14875497179323074,2.6077450210716395,0.3889243211868058,15,9,7,3,10
brca,ILC,PathoTME-Fusion50,mscpt,clip-rn50,16,brca_morph64_v1,group,4,high/spatial_macrophages,0.8917711899460089,0.9451829971103665,-0.2661629869427554,7.0,0.6,5,True,0.1519005327832326,1.136113331583814,0.12409595202435152,2.411968809489593,0.634777323849054,3,11,11,4,6
brca,ILC,PathoTME-Fusion50,mscpt,clip-rn50,16,brca_morph64_v1,group,5,low/stroma_geometry,0.8015432688755044,0.8198685589991542,0.038508310503611996,7.8,1.0,5,True,0.0836089629714792,1.7364909852132633,0.12728168730220224,1.6384494809586947,0.4218852279318827,8,7,10,5,9
brca,ILC,PathoTME-Fusion50,mscpt,clip-rn50,16,brca_morph64_v1,group,6,low/compartment_extent,0.748213172502277,0.9228305238557362,-0.23442992633908205,10.4,0.4,5,True,0.05251133630752598,2.0950648453103002,0.03760358802680473,1.3264503468645426,0.22943574600221206,13,2,15,7,15
brca,ILC,PathoTME-Fusion50,mscpt,clip-rn50,16,brca_morph64_v1,group,7,high/cell_granulocyte,0.735716840147354,0.7547179827575641,-0.11712061639309605,7.0,0.6,5,True,0.15021988181358426,1.9172074175735443,0.2279786147334813,1.0644011927529122,0.31877709386324743,4,4,2,11,14
brca,ILC,PathoTME-Fusion50,mscpt,clip-rn50,16,brca_morph64_v1,group,8,low/tissue_composition,0.7304727351071547,0.6290135616378373,-0.21244937657965807,6.6,1.0,5,True,0.08747178357387468,1.3847384555462177,0.15408460518251993,1.3660308060940756,0.6600380251390862,7,10,5,6,5
brca,ILC,PathoTME-Fusion50,mscpt,clip-rn50,16,brca_morph64_v1,group,9,high/spatial_fibroblasts,0.673346376679395,0.5286604684871048,0.013467777567781797,8.6,0.8,5,True,0.0695011074076948,1.1282108949068623,0.14229293609864427,1.1421185053211456,0.8846084396626281,10,12,9,9,3
brca,ILC,PathoTME-Fusion50,mscpt,clip-rn50,16,brca_morph64_v1,group,10,low/tumor_core_composition,0.6683851191461476,0.7518885182965056,-0.1360796780456476,9.0,0.6,5,True,0.07544081801897747,1.9142273795735387,0.10942466400618815,0.4786042948798068,0.7642284392522278,9,5,12,15,4
brca,ILC,PathoTME-Fusion50,mscpt,plip,16,brca_morph64_v1,feature,1,AVG_MIN_DISTANCE_OF_LYMPHOCYTES_AROUND_CARCINOMA_CELL_IN_WHOLE_TUMOR_REGION_20,0.6200942234269504,0.6719797669041571,-0.046117064868274375,15.8,0.8,5,True,0.061583964728560106,0.8482718691767331,0.010506543021101628,1.6508155770321624,0.529293163176195,9,8,58,1,3
brca,ILC,PathoTME-Fusion50,mscpt,plip,16,brca_morph64_v1,feature,2,AVG_MIN_DISTANCE_OF_LYMPHOCYTES_AROUND_CARCINOMA_CELL_IN_WHOLE_TUMOR_REGION_40,0.5216660610723969,0.5945484180782958,-0.05523063496209969,18.2,0.8,5,True,0.06490830503312532,0.809662009152774,0.0022007510222584827,1.4206262117659467,0.31093302838787995,7,10,61,3,10
brca,ILC,PathoTME-Fusion50,mscpt,plip,16,brca_morph64_v1,feature,3,AVG_MIN_DISTANCE_OF_MACROPHAGES_AROUND_CARCINOMA_CELL_IN_WHOLE_TUMOR_REGION_20,0.4877827333842643,0.5288593949829191,-0.10052811837439561,15.2,0.2,5,True,0.03889270728869675,1.1845656835116225,0.056618468125382335,0.9178437928479327,0.24099301514768742,26,4,17,11,18
brca,ILC,PathoTME-Fusion50,mscpt,plip,16,brca_morph64_v1,feature,4,RELATIVE_AREA_OUTER_INVASIVE_MARGIN,0.4702058933124597,0.5201679309781505,-0.0940897625220414,17.0,0.4,5,True,0.04553055937629657,0.8624592244054131,0.03421349341885868,1.177853424371116,0.23097276499061428,16,7,38,5,19
brca,ILC,PathoTME-Fusion50,mscpt,plip,16,brca_morph64_v1,feature,5,AVG_SOLIDICITY_STROMA,0.4252571160670683,0.4624150627856565,0.1258681751424708,17.0,0.2,5,True,0.04448711087883364,0.7675404950260183,0.049438650285279016,1.0602549489146575,0.20456437523055268,17,12,26,7,23
brca,ILC,PathoTME-Fusion50,mscpt,plip,16,brca_morph64_v1,feature,6,CELL_DENSITY_MACROPHAGE_IN_INNER_INVASIVE_MARGIN,0.41719957440431,0.3715554891116968,-0.1649540809162779,8.8,0.4,5,True,0.08286283397359893,0.7250249595386838,0.09713370952198205,0.8931235753395519,0.28785279364773336,3,14,1,13,13
brca,ILC,PathoTME-Fusion50,mscpt,plip,16,brca_morph64_v1,feature,7,CELL_DENSITY_MACROPHAGE_IN_TUMOR_CORE,0.3897736382224958,0.366433560381867,-0.12342893370406927,12.0,0.4,5,True,0.07751530858828046,0.6241530401201223,0.06778945127377833,0.9067510726466387,0.272659318483659,5,20,8,12,15
brca,ILC,PathoTME-Fusion50,mscpt,plip,16,brca_morph64_v1,feature,8,RELATIVE_AREA_NECROSIS,0.3858719367431339,0.5124133142820299,-0.1740927015906438,17.6,0.6,5,True,0.041760371318442256,0.17272379557010817,0.06705242466094925,1.2716957793270174,0.3761273128391524,20,49,9,4,6
brca,ILC,PathoTME-Fusion50,mscpt,plip,16,brca_morph64_v1,feature,9,RELATIVE_AREA_TUMOR_CORE,0.3847756189032384,0.6717675672934944,-0.14095911236172085,37.0,0.2,5,True,0.015166284447358755,1.5767453183680333,0.0013880553657287982,0.11865634768162404,0.21192208865344725,47,1,64,51,22
brca,ILC,PathoTME-Fusion50,mscpt,plip,16,brca_morph64_v1,feature,10,AVG_ECCENTRICITY_CARCINOMA,0.38370233106504414,0.4392241456858224,0.06848152866255855,23.8,0.4,5,True,0.01666248837954101,0.8811458974275461,0.0663626139948167,0.8454949291233851,0.10884572639993172,46,6,10,15,42
brca,ILC,PathoTME-Fusion50,mscpt,plip,16,brca_morph64_v1,group,1,high/spatial_lymphocytes,1.4492196254772831,1.4966414781080823,-0.1749766501068011,4.6,0.8,5,True,0.2017634620020622,3.0796675280436254,0.01314814993624322,3.0073713065164296,0.9441476808880566,2,1,16,2,2
brca,ILC,PathoTME-Fusion50,mscpt,plip,16,brca_morph64_v1,group,2,high/cell_macrophage,1.3434547588347718,1.2254479673792855,-0.487443721536847,2.4,1.0,5,True,0.3094722229858247,1.6638209964024417,0.29603684999316726,3.2697805105990345,1.178163214193392,1,8,1,1,1
brca,ILC,PathoTME-Fusion50,mscpt,plip,16,brca_morph64_v1,group,3,low/carcinoma_geometry,0.94324582578913,1.1015294296513898,-0.15924607975238667,8.8,0.8,5,True,0.04560729071507755,1.5251975241788966,0.14875497179323074,2.6077450210716395,0.3889243211868058,15,9,7,3,10
brca,ILC,PathoTME-Fusion50,mscpt,plip,16,brca_morph64_v1,group,4,high/spatial_macrophages,0.8917711899460089,0.9451829971103665,-0.2661629869427554,7.0,0.6,5,True,0.1519005327832326,1.136113331583814,0.12409595202435152,2.411968809489593,0.634777323849054,3,11,11,4,6
brca,ILC,PathoTME-Fusion50,mscpt,plip,16,brca_morph64_v1,group,5,low/stroma_geometry,0.8015432688755044,0.8198685589991542,0.038508310503611996,7.8,1.0,5,True,0.0836089629714792,1.7364909852132633,0.12728168730220224,1.6384494809586947,0.4218852279318827,8,7,10,5,9
brca,ILC,PathoTME-Fusion50,mscpt,plip,16,brca_morph64_v1,group,6,low/compartment_extent,0.748213172502277,0.9228305238557362,-0.23442992633908205,10.4,0.4,5,True,0.05251133630752598,2.0950648453103002,0.03760358802680473,1.3264503468645426,0.22943574600221206,13,2,15,7,15
brca,ILC,PathoTME-Fusion50,mscpt,plip,16,brca_morph64_v1,group,7,high/cell_granulocyte,0.735716840147354,0.7547179827575641,-0.11712061639309605,7.0,0.6,5,True,0.15021988181358426,1.9172074175735443,0.2279786147334813,1.0644011927529122,0.31877709386324743,4,4,2,11,14
brca,ILC,PathoTME-Fusion50,mscpt,plip,16,brca_morph64_v1,group,8,low/tissue_composition,0.7304727351071547,0.6290135616378373,-0.21244937657965807,6.6,1.0,5,True,0.08747178357387468,1.3847384555462177,0.15408460518251993,1.3660308060940756,0.6600380251390862,7,10,5,6,5
brca,ILC,PathoTME-Fusion50,mscpt,plip,16,brca_morph64_v1,group,9,high/spatial_fibroblasts,0.673346376679395,0.5286604684871048,0.013467777567781797,8.6,0.8,5,True,0.0695011074076948,1.1282108949068623,0.14229293609864427,1.1421185053211456,0.8846084396626281,10,12,9,9,3
brca,ILC,PathoTME-Fusion50,mscpt,plip,16,brca_morph64_v1,group,10,low/tumor_core_composition,0.6683851191461476,0.7518885182965056,-0.1360796780456476,9.0,0.6,5,True,0.07544081801897747,1.9142273795735387,0.10942466400618815,0.4786042948798068,0.7642284392522278,9,5,12,15,4
brca,ILC,PathoTME-Fusion50,muse,clip-rn50,16,brca_morph64_v1,feature,1,AVG_MIN_DISTANCE_OF_LYMPHOCYTES_AROUND_CARCINOMA_CELL_IN_WHOLE_TUMOR_REGION_20,0.6200942234269504,0.6719797669041571,-0.046117064868274375,15.8,0.8,5,True,0.061583964728560106,0.8482718691767331,0.010506543021101628,1.6508155770321624,0.529293163176195,9,8,58,1,3
brca,ILC,PathoTME-Fusion50,muse,clip-rn50,16,brca_morph64_v1,feature,2,AVG_MIN_DISTANCE_OF_LYMPHOCYTES_AROUND_CARCINOMA_CELL_IN_WHOLE_TUMOR_REGION_40,0.5216660610723969,0.5945484180782958,-0.05523063496209969,18.2,0.8,5,True,0.06490830503312532,0.809662009152774,0.0022007510222584827,1.4206262117659467,0.31093302838787995,7,10,61,3,10
brca,ILC,PathoTME-Fusion50,muse,clip-rn50,16,brca_morph64_v1,feature,3,AVG_MIN_DISTANCE_OF_MACROPHAGES_AROUND_CARCINOMA_CELL_IN_WHOLE_TUMOR_REGION_20,0.4877827333842643,0.5288593949829191,-0.10052811837439561,15.2,0.2,5,True,0.03889270728869675,1.1845656835116225,0.056618468125382335,0.9178437928479327,0.24099301514768742,26,4,17,11,18
brca,ILC,PathoTME-Fusion50,muse,clip-rn50,16,brca_morph64_v1,feature,4,RELATIVE_AREA_OUTER_INVASIVE_MARGIN,0.4702058933124597,0.5201679309781505,-0.0940897625220414,17.0,0.4,5,True,0.04553055937629657,0.8624592244054131,0.03421349341885868,1.177853424371116,0.23097276499061428,16,7,38,5,19
brca,ILC,PathoTME-Fusion50,muse,clip-rn50,16,brca_morph64_v1,feature,5,AVG_SOLIDICITY_STROMA,0.4252571160670683,0.4624150627856565,0.1258681751424708,17.0,0.2,5,True,0.04448711087883364,0.7675404950260183,0.049438650285279016,1.0602549489146575,0.20456437523055268,17,12,26,7,23
brca,ILC,PathoTME-Fusion50,muse,clip-rn50,16,brca_morph64_v1,feature,6,CELL_DENSITY_MACROPHAGE_IN_INNER_INVASIVE_MARGIN,0.41719957440431,0.3715554891116968,-0.1649540809162779,8.8,0.4,5,True,0.08286283397359893,0.7250249595386838,0.09713370952198205,0.8931235753395519,0.28785279364773336,3,14,1,13,13
brca,ILC,PathoTME-Fusion50,muse,clip-rn50,16,brca_morph64_v1,feature,7,CELL_DENSITY_MACROPHAGE_IN_TUMOR_CORE,0.3897736382224958,0.366433560381867,-0.12342893370406927,12.0,0.4,5,True,0.07751530858828046,0.6241530401201223,0.06778945127377833,0.9067510726466387,0.272659318483659,5,20,8,12,15
brca,ILC,PathoTME-Fusion50,muse,clip-rn50,16,brca_morph64_v1,feature,8,RELATIVE_AREA_NECROSIS,0.3858719367431339,0.5124133142820299,-0.1740927015906438,17.6,0.6,5,True,0.041760371318442256,0.17272379557010817,0.06705242466094925,1.2716957793270174,0.3761273128391524,20,49,9,4,6
brca,ILC,PathoTME-Fusion50,muse,clip-rn50,16,brca_morph64_v1,feature,9,RELATIVE_AREA_TUMOR_CORE,0.3847756189032384,0.6717675672934944,-0.14095911236172085,37.0,0.2,5,True,0.015166284447358755,1.5767453183680333,0.0013880553657287982,0.11865634768162404,0.21192208865344725,47,1,64,51,22
brca,ILC,PathoTME-Fusion50,muse,clip-rn50,16,brca_morph64_v1,feature,10,AVG_ECCENTRICITY_CARCINOMA,0.38370233106504414,0.4392241456858224,0.06848152866255855,23.8,0.4,5,True,0.01666248837954101,0.8811458974275461,0.0663626139948167,0.8454949291233851,0.10884572639993172,46,6,10,15,42
brca,ILC,PathoTME-Fusion50,muse,clip-rn50,16,brca_morph64_v1,group,1,high/spatial_lymphocytes,1.4492196254772831,1.4966414781080823,-0.1749766501068011,4.6,0.8,5,True,0.2017634620020622,3.0796675280436254,0.01314814993624322,3.0073713065164296,0.9441476808880566,2,1,16,2,2
brca,ILC,PathoTME-Fusion50,muse,clip-rn50,16,brca_morph64_v1,group,2,high/cell_macrophage,1.3434547588347718,1.2254479673792855,-0.487443721536847,2.4,1.0,5,True,0.3094722229858247,1.6638209964024417,0.29603684999316726,3.2697805105990345,1.178163214193392,1,8,1,1,1
brca,ILC,PathoTME-Fusion50,muse,clip-rn50,16,brca_morph64_v1,group,3,low/carcinoma_geometry,0.94324582578913,1.1015294296513898,-0.15924607975238667,8.8,0.8,5,True,0.04560729071507755,1.5251975241788966,0.14875497179323074,2.6077450210716395,0.3889243211868058,15,9,7,3,10
brca,ILC,PathoTME-Fusion50,muse,clip-rn50,16,brca_morph64_v1,group,4,high/spatial_macrophages,0.8917711899460089,0.9451829971103665,-0.2661629869427554,7.0,0.6,5,True,0.1519005327832326,1.136113331583814,0.12409595202435152,2.411968809489593,0.634777323849054,3,11,11,4,6
brca,ILC,PathoTME-Fusion50,muse,clip-rn50,16,brca_morph64_v1,group,5,low/stroma_geometry,0.8015432688755044,0.8198685589991542,0.038508310503611996,7.8,1.0,5,True,0.0836089629714792,1.7364909852132633,0.12728168730220224,1.6384494809586947,0.4218852279318827,8,7,10,5,9
brca,ILC,PathoTME-Fusion50,muse,clip-rn50,16,brca_morph64_v1,group,6,low/compartment_extent,0.748213172502277,0.9228305238557362,-0.23442992633908205,10.4,0.4,5,True,0.05251133630752598,2.0950648453103002,0.03760358802680473,1.3264503468645426,0.22943574600221206,13,2,15,7,15
brca,ILC,PathoTME-Fusion50,muse,clip-rn50,16,brca_morph64_v1,group,7,high/cell_granulocyte,0.735716840147354,0.7547179827575641,-0.11712061639309605,7.0,0.6,5,True,0.15021988181358426,1.9172074175735443,0.2279786147334813,1.0644011927529122,0.31877709386324743,4,4,2,11,14
brca,ILC,PathoTME-Fusion50,muse,clip-rn50,16,brca_morph64_v1,group,8,low/tissue_composition,0.7304727351071547,0.6290135616378373,-0.21244937657965807,6.6,1.0,5,True,0.08747178357387468,1.3847384555462177,0.15408460518251993,1.3660308060940756,0.6600380251390862,7,10,5,6,5
brca,ILC,PathoTME-Fusion50,muse,clip-rn50,16,brca_morph64_v1,group,9,high/spatial_fibroblasts,0.673346376679395,0.5286604684871048,0.013467777567781797,8.6,0.8,5,True,0.0695011074076948,1.1282108949068623,0.14229293609864427,1.1421185053211456,0.8846084396626281,10,12,9,9,3
brca,ILC,PathoTME-Fusion50,muse,clip-rn50,16,brca_morph64_v1,group,10,low/tumor_core_composition,0.6683851191461476,0.7518885182965056,-0.1360796780456476,9.0,0.6,5,True,0.07544081801897747,1.9142273795735387,0.10942466400618815,0.4786042948798068,0.7642284392522278,9,5,12,15,4
brca,ILC,PathoTME-Fusion50,muse,plip,16,brca_morph64_v1,feature,1,AVG_MIN_DISTANCE_OF_LYMPHOCYTES_AROUND_CARCINOMA_CELL_IN_WHOLE_TUMOR_REGION_20,0.6200942234269504,0.6719797669041571,-0.046117064868274375,15.8,0.8,5,True,0.061583964728560106,0.8482718691767331,0.010506543021101628,1.6508155770321624,0.529293163176195,9,8,58,1,3
brca,ILC,PathoTME-Fusion50,muse,plip,16,brca_morph64_v1,feature,2,AVG_MIN_DISTANCE_OF_LYMPHOCYTES_AROUND_CARCINOMA_CELL_IN_WHOLE_TUMOR_REGION_40,0.5216660610723969,0.5945484180782958,-0.05523063496209969,18.2,0.8,5,True,0.06490830503312532,0.809662009152774,0.0022007510222584827,1.4206262117659467,0.31093302838787995,7,10,61,3,10
brca,ILC,PathoTME-Fusion50,muse,plip,16,brca_morph64_v1,feature,3,AVG_MIN_DISTANCE_OF_MACROPHAGES_AROUND_CARCINOMA_CELL_IN_WHOLE_TUMOR_REGION_20,0.4877827333842643,0.5288593949829191,-0.10052811837439561,15.2,0.2,5,True,0.03889270728869675,1.1845656835116225,0.056618468125382335,0.9178437928479327,0.24099301514768742,26,4,17,11,18
brca,ILC,PathoTME-Fusion50,muse,plip,16,brca_morph64_v1,feature,4,RELATIVE_AREA_OUTER_INVASIVE_MARGIN,0.4702058933124597,0.5201679309781505,-0.0940897625220414,17.0,0.4,5,True,0.04553055937629657,0.8624592244054131,0.03421349341885868,1.177853424371116,0.23097276499061428,16,7,38,5,19
brca,ILC,PathoTME-Fusion50,muse,plip,16,brca_morph64_v1,feature,5,AVG_SOLIDICITY_STROMA,0.4252571160670683,0.4624150627856565,0.1258681751424708,17.0,0.2,5,True,0.04448711087883364,0.7675404950260183,0.049438650285279016,1.0602549489146575,0.20456437523055268,17,12,26,7,23
brca,ILC,PathoTME-Fusion50,muse,plip,16,brca_morph64_v1,feature,6,CELL_DENSITY_MACROPHAGE_IN_INNER_INVASIVE_MARGIN,0.41719957440431,0.3715554891116968,-0.1649540809162779,8.8,0.4,5,True,0.08286283397359893,0.7250249595386838,0.09713370952198205,0.8931235753395519,0.28785279364773336,3,14,1,13,13
brca,ILC,PathoTME-Fusion50,muse,plip,16,brca_morph64_v1,feature,7,CELL_DENSITY_MACROPHAGE_IN_TUMOR_CORE,0.3897736382224958,0.366433560381867,-0.12342893370406927,12.0,0.4,5,True,0.07751530858828046,0.6241530401201223,0.06778945127377833,0.9067510726466387,0.272659318483659,5,20,8,12,15
brca,ILC,PathoTME-Fusion50,muse,plip,16,brca_morph64_v1,feature,8,RELATIVE_AREA_NECROSIS,0.3858719367431339,0.5124133142820299,-0.1740927015906438,17.6,0.6,5,True,0.041760371318442256,0.17272379557010817,0.06705242466094925,1.2716957793270174,0.3761273128391524,20,49,9,4,6
brca,ILC,PathoTME-Fusion50,muse,plip,16,brca_morph64_v1,feature,9,RELATIVE_AREA_TUMOR_CORE,0.3847756189032384,0.6717675672934944,-0.14095911236172085,37.0,0.2,5,True,0.015166284447358755,1.5767453183680333,0.0013880553657287982,0.11865634768162404,0.21192208865344725,47,1,64,51,22
brca,ILC,PathoTME-Fusion50,muse,plip,16,brca_morph64_v1,feature,10,AVG_ECCENTRICITY_CARCINOMA,0.38370233106504414,0.4392241456858224,0.06848152866255855,23.8,0.4,5,True,0.01666248837954101,0.8811458974275461,0.0663626139948167,0.8454949291233851,0.10884572639993172,46,6,10,15,42
brca,ILC,PathoTME-Fusion50,muse,plip,16,brca_morph64_v1,group,1,high/spatial_lymphocytes,1.4492196254772831,1.4966414781080823,-0.1749766501068011,4.6,0.8,5,True,0.2017634620020622,3.0796675280436254,0.01314814993624322,3.0073713065164296,0.9441476808880566,2,1,16,2,2
brca,ILC,PathoTME-Fusion50,muse,plip,16,brca_morph64_v1,group,2,high/cell_macrophage,1.3434547588347718,1.2254479673792855,-0.487443721536847,2.4,1.0,5,True,0.3094722229858247,1.6638209964024417,0.29603684999316726,3.2697805105990345,1.178163214193392,1,8,1,1,1
brca,ILC,PathoTME-Fusion50,muse,plip,16,brca_morph64_v1,group,3,low/carcinoma_geometry,0.94324582578913,1.1015294296513898,-0.15924607975238667,8.8,0.8,5,True,0.04560729071507755,1.5251975241788966,0.14875497179323074,2.6077450210716395,0.3889243211868058,15,9,7,3,10
brca,ILC,PathoTME-Fusion50,muse,plip,16,brca_morph64_v1,group,4,high/spatial_macrophages,0.8917711899460089,0.9451829971103665,-0.2661629869427554,7.0,0.6,5,True,0.1519005327832326,1.136113331583814,0.12409595202435152,2.411968809489593,0.634777323849054,3,11,11,4,6
brca,ILC,PathoTME-Fusion50,muse,plip,16,brca_morph64_v1,group,5,low/stroma_geometry,0.8015432688755044,0.8198685589991542,0.038508310503611996,7.8,1.0,5,True,0.0836089629714792,1.7364909852132633,0.12728168730220224,1.6384494809586947,0.4218852279318827,8,7,10,5,9
brca,ILC,PathoTME-Fusion50,muse,plip,16,brca_morph64_v1,group,6,low/compartment_extent,0.748213172502277,0.9228305238557362,-0.23442992633908205,10.4,0.4,5,True,0.05251133630752598,2.0950648453103002,0.03760358802680473,1.3264503468645426,0.22943574600221206,13,2,15,7,15
brca,ILC,PathoTME-Fusion50,muse,plip,16,brca_morph64_v1,group,7,high/cell_granulocyte,0.735716840147354,0.7547179827575641,-0.11712061639309605,7.0,0.6,5,True,0.15021988181358426,1.9172074175735443,0.2279786147334813,1.0644011927529122,0.31877709386324743,4,4,2,11,14
brca,ILC,PathoTME-Fusion50,muse,plip,16,brca_morph64_v1,group,8,low/tissue_composition,0.7304727351071547,0.6290135616378373,-0.21244937657965807,6.6,1.0,5,True,0.08747178357387468,1.3847384555462177,0.15408460518251993,1.3660308060940756,0.6600380251390862,7,10,5,6,5
brca,ILC,PathoTME-Fusion50,muse,plip,16,brca_morph64_v1,group,9,high/spatial_fibroblasts,0.673346376679395,0.5286604684871048,0.013467777567781797,8.6,0.8,5,True,0.0695011074076948,1.1282108949068623,0.14229293609864427,1.1421185053211456,0.8846084396626281,10,12,9,9,3
brca,ILC,PathoTME-Fusion50,muse,plip,16,brca_morph64_v1,group,10,low/tumor_core_composition,0.6683851191461476,0.7518885182965056,-0.1360796780456476,9.0,0.6,5,True,0.07544081801897747,1.9142273795735387,0.10942466400618815,0.4786042948798068,0.7642284392522278,9,5,12,15,4
brca,ILC,PathoTME-Fusion50,vila_mil,clip-rn50,16,brca_morph64_v1,feature,1,AVG_MIN_DISTANCE_OF_LYMPHOCYTES_AROUND_CARCINOMA_CELL_IN_WHOLE_TUMOR_REGION_20,0.6200942234269504,0.6719797669041571,-0.046117064868274375,15.8,0.8,5,True,0.061583964728560106,0.8482718691767331,0.010506543021101628,1.6508155770321624,0.529293163176195,9,8,58,1,3
brca,ILC,PathoTME-Fusion50,vila_mil,clip-rn50,16,brca_morph64_v1,feature,2,AVG_MIN_DISTANCE_OF_LYMPHOCYTES_AROUND_CARCINOMA_CELL_IN_WHOLE_TUMOR_REGION_40,0.5216660610723969,0.5945484180782958,-0.05523063496209969,18.2,0.8,5,True,0.06490830503312532,0.809662009152774,0.0022007510222584827,1.4206262117659467,0.31093302838787995,7,10,61,3,10
brca,ILC,PathoTME-Fusion50,vila_mil,clip-rn50,16,brca_morph64_v1,feature,3,AVG_MIN_DISTANCE_OF_MACROPHAGES_AROUND_CARCINOMA_CELL_IN_WHOLE_TUMOR_REGION_20,0.4877827333842643,0.5288593949829191,-0.10052811837439561,15.2,0.2,5,True,0.03889270728869675,1.1845656835116225,0.056618468125382335,0.9178437928479327,0.24099301514768742,26,4,17,11,18
brca,ILC,PathoTME-Fusion50,vila_mil,clip-rn50,16,brca_morph64_v1,feature,4,RELATIVE_AREA_OUTER_INVASIVE_MARGIN,0.4702058933124597,0.5201679309781505,-0.0940897625220414,17.0,0.4,5,True,0.04553055937629657,0.8624592244054131,0.03421349341885868,1.177853424371116,0.23097276499061428,16,7,38,5,19
brca,ILC,PathoTME-Fusion50,vila_mil,clip-rn50,16,brca_morph64_v1,feature,5,AVG_SOLIDICITY_STROMA,0.4252571160670683,0.4624150627856565,0.1258681751424708,17.0,0.2,5,True,0.04448711087883364,0.7675404950260183,0.049438650285279016,1.0602549489146575,0.20456437523055268,17,12,26,7,23
brca,ILC,PathoTME-Fusion50,vila_mil,clip-rn50,16,brca_morph64_v1,feature,6,CELL_DENSITY_MACROPHAGE_IN_INNER_INVASIVE_MARGIN,0.41719957440431,0.3715554891116968,-0.1649540809162779,8.8,0.4,5,True,0.08286283397359893,0.7250249595386838,0.09713370952198205,0.8931235753395519,0.28785279364773336,3,14,1,13,13
brca,ILC,PathoTME-Fusion50,vila_mil,clip-rn50,16,brca_morph64_v1,feature,7,CELL_DENSITY_MACROPHAGE_IN_TUMOR_CORE,0.3897736382224958,0.366433560381867,-0.12342893370406927,12.0,0.4,5,True,0.07751530858828046,0.6241530401201223,0.06778945127377833,0.9067510726466387,0.272659318483659,5,20,8,12,15
brca,ILC,PathoTME-Fusion50,vila_mil,clip-rn50,16,brca_morph64_v1,feature,8,RELATIVE_AREA_NECROSIS,0.3858719367431339,0.5124133142820299,-0.1740927015906438,17.6,0.6,5,True,0.041760371318442256,0.17272379557010817,0.06705242466094925,1.2716957793270174,0.3761273128391524,20,49,9,4,6
brca,ILC,PathoTME-Fusion50,vila_mil,clip-rn50,16,brca_morph64_v1,feature,9,RELATIVE_AREA_TUMOR_CORE,0.3847756189032384,0.6717675672934944,-0.14095911236172085,37.0,0.2,5,True,0.015166284447358755,1.5767453183680333,0.0013880553657287982,0.11865634768162404,0.21192208865344725,47,1,64,51,22
brca,ILC,PathoTME-Fusion50,vila_mil,clip-rn50,16,brca_morph64_v1,feature,10,AVG_ECCENTRICITY_CARCINOMA,0.38370233106504414,0.4392241456858224,0.06848152866255855,23.8,0.4,5,True,0.01666248837954101,0.8811458974275461,0.0663626139948167,0.8454949291233851,0.10884572639993172,46,6,10,15,42
brca,ILC,PathoTME-Fusion50,vila_mil,clip-rn50,16,brca_morph64_v1,group,1,high/spatial_lymphocytes,1.4492196254772831,1.4966414781080823,-0.1749766501068011,4.6,0.8,5,True,0.2017634620020622,3.0796675280436254,0.01314814993624322,3.0073713065164296,0.9441476808880566,2,1,16,2,2
brca,ILC,PathoTME-Fusion50,vila_mil,clip-rn50,16,brca_morph64_v1,group,2,high/cell_macrophage,1.3434547588347718,1.2254479673792855,-0.487443721536847,2.4,1.0,5,True,0.3094722229858247,1.6638209964024417,0.29603684999316726,3.2697805105990345,1.178163214193392,1,8,1,1,1
brca,ILC,PathoTME-Fusion50,vila_mil,clip-rn50,16,brca_morph64_v1,group,3,low/carcinoma_geometry,0.94324582578913,1.1015294296513898,-0.15924607975238667,8.8,0.8,5,True,0.04560729071507755,1.5251975241788966,0.14875497179323074,2.6077450210716395,0.3889243211868058,15,9,7,3,10
brca,ILC,PathoTME-Fusion50,vila_mil,clip-rn50,16,brca_morph64_v1,group,4,high/spatial_macrophages,0.8917711899460089,0.9451829971103665,-0.2661629869427554,7.0,0.6,5,True,0.1519005327832326,1.136113331583814,0.12409595202435152,2.411968809489593,0.634777323849054,3,11,11,4,6
brca,ILC,PathoTME-Fusion50,vila_mil,clip-rn50,16,brca_morph64_v1,group,5,low/stroma_geometry,0.8015432688755044,0.8198685589991542,0.038508310503611996,7.8,1.0,5,True,0.0836089629714792,1.7364909852132633,0.12728168730220224,1.6384494809586947,0.4218852279318827,8,7,10,5,9
brca,ILC,PathoTME-Fusion50,vila_mil,clip-rn50,16,brca_morph64_v1,group,6,low/compartment_extent,0.748213172502277,0.9228305238557362,-0.23442992633908205,10.4,0.4,5,True,0.05251133630752598,2.0950648453103002,0.03760358802680473,1.3264503468645426,0.22943574600221206,13,2,15,7,15
brca,ILC,PathoTME-Fusion50,vila_mil,clip-rn50,16,brca_morph64_v1,group,7,high/cell_granulocyte,0.735716840147354,0.7547179827575641,-0.11712061639309605,7.0,0.6,5,True,0.15021988181358426,1.9172074175735443,0.2279786147334813,1.0644011927529122,0.31877709386324743,4,4,2,11,14
brca,ILC,PathoTME-Fusion50,vila_mil,clip-rn50,16,brca_morph64_v1,group,8,low/tissue_composition,0.7304727351071547,0.6290135616378373,-0.21244937657965807,6.6,1.0,5,True,0.08747178357387468,1.3847384555462177,0.15408460518251993,1.3660308060940756,0.6600380251390862,7,10,5,6,5
brca,ILC,PathoTME-Fusion50,vila_mil,clip-rn50,16,brca_morph64_v1,group,9,high/spatial_fibroblasts,0.673346376679395,0.5286604684871048,0.013467777567781797,8.6,0.8,5,True,0.0695011074076948,1.1282108949068623,0.14229293609864427,1.1421185053211456,0.8846084396626281,10,12,9,9,3
brca,ILC,PathoTME-Fusion50,vila_mil,clip-rn50,16,brca_morph64_v1,group,10,low/tumor_core_composition,0.6683851191461476,0.7518885182965056,-0.1360796780456476,9.0,0.6,5,True,0.07544081801897747,1.9142273795735387,0.10942466400618815,0.4786042948798068,0.7642284392522278,9,5,12,15,4
brca,ILC,PathoTME-Fusion50,vila_mil,plip,16,brca_morph64_v1,feature,1,AVG_MIN_DISTANCE_OF_LYMPHOCYTES_AROUND_CARCINOMA_CELL_IN_WHOLE_TUMOR_REGION_20,0.6200942234269504,0.6719797669041571,-0.046117064868274375,15.8,0.8,5,True,0.061583964728560106,0.8482718691767331,0.010506543021101628,1.6508155770321624,0.529293163176195,9,8,58,1,3
brca,ILC,PathoTME-Fusion50,vila_mil,plip,16,brca_morph64_v1,feature,2,AVG_MIN_DISTANCE_OF_LYMPHOCYTES_AROUND_CARCINOMA_CELL_IN_WHOLE_TUMOR_REGION_40,0.5216660610723969,0.5945484180782958,-0.05523063496209969,18.2,0.8,5,True,0.06490830503312532,0.809662009152774,0.0022007510222584827,1.4206262117659467,0.31093302838787995,7,10,61,3,10
brca,ILC,PathoTME-Fusion50,vila_mil,plip,16,brca_morph64_v1,feature,3,AVG_MIN_DISTANCE_OF_MACROPHAGES_AROUND_CARCINOMA_CELL_IN_WHOLE_TUMOR_REGION_20,0.4877827333842643,0.5288593949829191,-0.10052811837439561,15.2,0.2,5,True,0.03889270728869675,1.1845656835116225,0.056618468125382335,0.9178437928479327,0.24099301514768742,26,4,17,11,18
brca,ILC,PathoTME-Fusion50,vila_mil,plip,16,brca_morph64_v1,feature,4,RELATIVE_AREA_OUTER_INVASIVE_MARGIN,0.4702058933124597,0.5201679309781505,-0.0940897625220414,17.0,0.4,5,True,0.04553055937629657,0.8624592244054131,0.03421349341885868,1.177853424371116,0.23097276499061428,16,7,38,5,19
brca,ILC,PathoTME-Fusion50,vila_mil,plip,16,brca_morph64_v1,feature,5,AVG_SOLIDICITY_STROMA,0.4252571160670683,0.4624150627856565,0.1258681751424708,17.0,0.2,5,True,0.04448711087883364,0.7675404950260183,0.049438650285279016,1.0602549489146575,0.20456437523055268,17,12,26,7,23
brca,ILC,PathoTME-Fusion50,vila_mil,plip,16,brca_morph64_v1,feature,6,CELL_DENSITY_MACROPHAGE_IN_INNER_INVASIVE_MARGIN,0.41719957440431,0.3715554891116968,-0.1649540809162779,8.8,0.4,5,True,0.08286283397359893,0.7250249595386838,0.09713370952198205,0.8931235753395519,0.28785279364773336,3,14,1,13,13
brca,ILC,PathoTME-Fusion50,vila_mil,plip,16,brca_morph64_v1,feature,7,CELL_DENSITY_MACROPHAGE_IN_TUMOR_CORE,0.3897736382224958,0.366433560381867,-0.12342893370406927,12.0,0.4,5,True,0.07751530858828046,0.6241530401201223,0.06778945127377833,0.9067510726466387,0.272659318483659,5,20,8,12,15
brca,ILC,PathoTME-Fusion50,vila_mil,plip,16,brca_morph64_v1,feature,8,RELATIVE_AREA_NECROSIS,0.3858719367431339,0.5124133142820299,-0.1740927015906438,17.6,0.6,5,True,0.041760371318442256,0.17272379557010817,0.06705242466094925,1.2716957793270174,0.3761273128391524,20,49,9,4,6
brca,ILC,PathoTME-Fusion50,vila_mil,plip,16,brca_morph64_v1,feature,9,RELATIVE_AREA_TUMOR_CORE,0.3847756189032384,0.6717675672934944,-0.14095911236172085,37.0,0.2,5,True,0.015166284447358755,1.5767453183680333,0.0013880553657287982,0.11865634768162404,0.21192208865344725,47,1,64,51,22
brca,ILC,PathoTME-Fusion50,vila_mil,plip,16,brca_morph64_v1,feature,10,AVG_ECCENTRICITY_CARCINOMA,0.38370233106504414,0.4392241456858224,0.06848152866255855,23.8,0.4,5,True,0.01666248837954101,0.8811458974275461,0.0663626139948167,0.8454949291233851,0.10884572639993172,46,6,10,15,42
brca,ILC,PathoTME-Fusion50,vila_mil,plip,16,brca_morph64_v1,group,1,high/spatial_lymphocytes,1.4492196254772831,1.4966414781080823,-0.1749766501068011,4.6,0.8,5,True,0.2017634620020622,3.0796675280436254,0.01314814993624322,3.0073713065164296,0.9441476808880566,2,1,16,2,2
brca,ILC,PathoTME-Fusion50,vila_mil,plip,16,brca_morph64_v1,group,2,high/cell_macrophage,1.3434547588347718,1.2254479673792855,-0.487443721536847,2.4,1.0,5,True,0.3094722229858247,1.6638209964024417,0.29603684999316726,3.2697805105990345,1.178163214193392,1,8,1,1,1
brca,ILC,PathoTME-Fusion50,vila_mil,plip,16,brca_morph64_v1,group,3,low/carcinoma_geometry,0.94324582578913,1.1015294296513898,-0.15924607975238667,8.8,0.8,5,True,0.04560729071507755,1.5251975241788966,0.14875497179323074,2.6077450210716395,0.3889243211868058,15,9,7,3,10
brca,ILC,PathoTME-Fusion50,vila_mil,plip,16,brca_morph64_v1,group,4,high/spatial_macrophages,0.8917711899460089,0.9451829971103665,-0.2661629869427554,7.0,0.6,5,True,0.1519005327832326,1.136113331583814,0.12409595202435152,2.411968809489593,0.634777323849054,3,11,11,4,6
brca,ILC,PathoTME-Fusion50,vila_mil,plip,16,brca_morph64_v1,group,5,low/stroma_geometry,0.8015432688755044,0.8198685589991542,0.038508310503611996,7.8,1.0,5,True,0.0836089629714792,1.7364909852132633,0.12728168730220224,1.6384494809586947,0.4218852279318827,8,7,10,5,9
brca,ILC,PathoTME-Fusion50,vila_mil,plip,16,brca_morph64_v1,group,6,low/compartment_extent,0.748213172502277,0.9228305238557362,-0.23442992633908205,10.4,0.4,5,True,0.05251133630752598,2.0950648453103002,0.03760358802680473,1.3264503468645426,0.22943574600221206,13,2,15,7,15
brca,ILC,PathoTME-Fusion50,vila_mil,plip,16,brca_morph64_v1,group,7,high/cell_granulocyte,0.735716840147354,0.7547179827575641,-0.11712061639309605,7.0,0.6,5,True,0.15021988181358426,1.9172074175735443,0.2279786147334813,1.0644011927529122,0.31877709386324743,4,4,2,11,14
brca,ILC,PathoTME-Fusion50,vila_mil,plip,16,brca_morph64_v1,group,8,low/tissue_composition,0.7304727351071547,0.6290135616378373,-0.21244937657965807,6.6,1.0,5,True,0.08747178357387468,1.3847384555462177,0.15408460518251993,1.3660308060940756,0.6600380251390862,7,10,5,6,5
brca,ILC,PathoTME-Fusion50,vila_mil,plip,16,brca_morph64_v1,group,9,high/spatial_fibroblasts,0.673346376679395,0.5286604684871048,0.013467777567781797,8.6,0.8,5,True,0.0695011074076948,1.1282108949068623,0.14229293609864427,1.1421185053211456,0.8846084396626281,10,12,9,9,3
brca,ILC,PathoTME-Fusion50,vila_mil,plip,16,brca_morph64_v1,group,10,low/tumor_core_composition,0.6683851191461476,0.7518885182965056,-0.1360796780456476,9.0,0.6,5,True,0.07544081801897747,1.9142273795735387,0.10942466400618815,0.4786042948798068,0.7642284392522278,9,5,12,15,4
brca,ILC,PathoTME-FusionVal,dyko,clip-rn50,16,brca_morph64_v1,feature,1,AVG_MIN_DISTANCE_OF_LYMPHOCYTES_AROUND_CARCINOMA_CELL_IN_WHOLE_TUMOR_REGION_20,1.1553612599362275,1.3211461492521686,-0.08558186169775404,15.8,0.8,5,True,0.12316792945712021,1.2724078037650997,0.021013086042203255,3.301631154064325,1.05858632635239,9,8,58,1,3
brca,ILC,PathoTME-FusionVal,dyko,clip-rn50,16,brca_morph64_v1,feature,2,AVG_MIN_DISTANCE_OF_LYMPHOCYTES_AROUND_CARCINOMA_CELL_IN_WHOLE_TUMOR_REGION_40,0.9623659212295165,1.153316619682372,-0.10112756058410337,18.2,0.8,5,True,0.12981661006625064,1.2144930137291612,0.0044015020445169655,2.8412524235318934,0.6218660567757599,7,10,61,3,10
brca,ILC,PathoTME-FusionVal,dyko,clip-rn50,16,brca_morph64_v1,feature,3,AVG_MIN_DISTANCE_OF_MACROPHAGES_AROUND_CARCINOMA_CELL_IN_WHOLE_TUMOR_REGION_20,0.8571088984173665,0.88104270372442,-0.18596851077686247,15.2,0.2,5,True,0.0777854145773935,1.7768485252674342,0.11323693625076467,1.8356875856958654,0.48198603029537485,26,4,17,11,18
brca,ILC,PathoTME-FusionVal,dyko,clip-rn50,16,brca_morph64_v1,feature,4,RELATIVE_AREA_OUTER_INVASIVE_MARGIN,0.8541658641843781,0.9748534502724117,-0.1520165498068772,17.0,0.4,5,True,0.09106111875259314,1.2936888366081196,0.06842698683771736,2.355706848742232,0.46194552998122856,16,7,38,5,19
brca,ILC,PathoTME-FusionVal,dyko,clip-rn50,16,brca_morph64_v1,feature,5,AVG_SOLIDICITY_STROMA,0.7737601826315346,0.8679910740767007,0.23010676174308195,17.0,0.2,5,True,0.08897422175766728,1.151310742539027,0.09887730057055803,2.120509897829315,0.40912875046110536,17,12,26,7,23
brca,ILC,PathoTME-FusionVal,dyko,clip-rn50,16,brca_morph64_v1,feature,6,CELL_DENSITY_MACROPHAGE_IN_INNER_INVASIVE_MARGIN,0.7618966528547516,0.683305525993181,-0.2961079525040292,8.8,0.4,5,True,0.16572566794719787,1.0875374393080257,0.1942674190439641,1.7862471506791038,0.5757055872954667,3,14,1,13,13
brca,ILC,PathoTME-FusionVal,dyko,clip-rn50,16,brca_morph64_v1,feature,7,RELATIVE_AREA_NECROSIS,0.7544714939292569,1.0344898124548367,-0.3340606170562113,17.6,0.6,5,True,0.08352074263688451,0.2590856933551623,0.1341048493218985,2.5433915586540348,0.7522546256783048,20,49,9,4,6
brca,ILC,PathoTME-FusionVal,dyko,clip-rn50,16,brca_morph64_v1,feature,8,CELL_DENSITY_MACROPHAGE_IN_TUMOR_CORE,0.7171319724329793,0.6952900541882613,-0.2403265729619246,12.0,0.4,5,True,0.15503061717656091,0.9362295601801836,0.13557890254755667,1.8135021452932774,0.545318636967318,5,20,8,12,15
brca,ILC,PathoTME-FusionVal,dyko,clip-rn50,16,brca_morph64_v1,feature,9,LARGEST_ROUNDNESS_CARCINOMA,0.685516764961067,1.4268185510722462,-0.48653675446350986,43.2,0.2,5,True,0.03349671189993117,0.030282369332763882,0.03316170606708525,3.2374507459407242,0.09319229156482993,45,63,52,2,54
brca,ILC,PathoTME-FusionVal,dyko,clip-rn50,16,brca_morph64_v1,feature,10,AVG_ECCENTRICITY_CARCINOMA,0.6792900723873336,0.7689812262925597,0.1315861147135331,23.8,0.4,5,True,0.03332497675908202,1.3217188461413192,0.1327252279896334,1.6909898582467702,0.21769145279986343,46,6,10,15,42
brca,ILC,PathoTME-FusionVal,dyko,clip-rn50,16,brca_morph64_v1,group,1,high/spatial_lymphocytes,2.590472498150204,2.6312243783623432,-0.3128526780156438,4.6,0.8,5,True,0.4035269240041244,4.619501292065437,0.02629629987248644,6.014742613032859,1.8882953617761131,2,1,16,2,2
brca,ILC,PathoTME-FusionVal,dyko,clip-rn50,16,brca_morph64_v1,group,2,high/cell_macrophage,2.5205274180292996,2.424621591530893,-0.9288742756609099,2.4,1.0,5,True,0.6189444459716494,2.495731494603663,0.5920736999863345,6.539561021198069,2.356326428386784,1,8,1,1,1
brca,ILC,PathoTME-FusionVal,dyko,clip-rn50,16,brca_morph64_v1,group,3,low/carcinoma_geometry,1.7339718991603703,2.127436031271598,-0.3493065690861648,8.8,0.8,5,True,0.0912145814301551,2.2877962862683456,0.2975099435864615,5.215490042143279,0.7778486423736116,15,9,7,3,10
brca,ILC,PathoTME-FusionVal,dyko,clip-rn50,16,brca_morph64_v1,group,4,high/spatial_macrophages,1.6699310467336363,1.8706205079932805,-0.5190530080979296,7.0,0.6,5,True,0.3038010655664652,1.7041699973757205,0.24819190404870303,4.823937618979186,1.269554647698108,3,11,11,4,6
brca,ILC,PathoTME-FusionVal,dyko,clip-rn50,16,brca_morph64_v1,group,5,low/stroma_geometry,1.4294374392296825,1.4239886666313821,0.07200482797667629,7.8,1.0,5,True,0.1672179259429584,2.6047364778198947,0.2545633746044045,3.2768989619173894,0.8437704558637654,8,7,10,5,9
brca,ILC,PathoTME-FusionVal,dyko,clip-rn50,16,brca_morph64_v1,group,6,low/tissue_composition,1.322471624659688,1.1070292772966237,-0.39760068675319393,6.6,1.0,5,True,0.17494356714774936,2.0771076833193267,0.30816921036503986,2.732061612188151,1.3200760502781723,7,10,5,6,5
brca,ILC,PathoTME-FusionVal,dyko,clip-rn50,16,brca_morph64_v1,group,7,low/compartment_extent,1.2869198604735241,1.4883073414347026,-0.3637630850787666,10.4,0.4,5,True,0.10502267261505197,3.14259726796545,0.07520717605360946,2.652900693729085,0.4588714920044241,13,2,15,7,15
brca,ILC,PathoTME-FusionVal,dyko,clip-rn50,16,brca_morph64_v1,group,8,high/cell_granulocyte,1.2797129385373531,1.153082780494604,-0.21136162448868676,7.0,0.6,5,True,0.3004397636271685,2.8758111263603165,0.4559572294669626,2.1288023855058245,0.6375541877264949,4,4,2,11,14
brca,ILC,PathoTME-FusionVal,dyko,clip-rn50,16,brca_morph64_v1,group,9,high/spatial_fibroblasts,1.2338716638681038,0.9617582868621163,0.02285644266505011,8.6,0.8,5,True,0.1390022148153896,1.6923163423602932,0.28458587219728854,2.284237010642291,1.7692168793252563,10,12,9,9,3
brca,ILC,PathoTME-FusionVal,dyko,clip-rn50,16,brca_morph64_v1,group,10,low/tumor_core_composition,1.1453475003349418,1.1189933047386647,-0.2588681708666576,9.0,0.6,5,True,0.15088163603795493,2.8713410693603083,0.2188493280123763,0.9572085897596136,1.5284568785044557,9,5,12,15,4
brca,ILC,PathoTME-FusionVal,dyko,plip,16,brca_morph64_v1,feature,1,AVG_MIN_DISTANCE_OF_LYMPHOCYTES_AROUND_CARCINOMA_CELL_IN_WHOLE_TUMOR_REGION_20,1.234030050381045,1.3504127131310473,-0.09075633923925867,15.8,0.8,5,True,0.09237594709284017,1.6965437383534663,0.021013086042203255,3.301631154064325,1.05858632635239,9,8,58,1,3
brca,ILC,PathoTME-FusionVal,dyko,plip,16,brca_morph64_v1,feature,2,AVG_MIN_DISTANCE_OF_LYMPHOCYTES_AROUND_CARCINOMA_CELL_IN_WHOLE_TUMOR_REGION_40,1.036841291641481,1.1954018680085583,-0.11032377886635025,18.2,0.8,5,True,0.09736245754968799,1.619324018305548,0.0044015020445169655,2.8412524235318934,0.6218660567757599,7,10,61,3,10
brca,ILC,PathoTME-FusionVal,dyko,plip,16,brca_morph64_v1,feature,3,AVG_MIN_DISTANCE_OF_MACROPHAGES_AROUND_CARCINOMA_CELL_IN_WHOLE_TUMOR_REGION_20,0.971676196039659,1.0618728478380473,-0.19922718987607058,15.2,0.2,5,True,0.05833906093304513,2.369131367023245,0.11323693625076467,1.8356875856958654,0.48198603029537485,26,4,17,11,18
brca,ILC,PathoTME-FusionVal,dyko,plip,16,brca_morph64_v1,feature,4,RELATIVE_AREA_OUTER_INVASIVE_MARGIN,0.9358587306872899,1.0450216313636433,-0.18711710678115479,17.0,0.4,5,True,0.06829583906444486,1.7249184488108262,0.06842698683771736,2.355706848742232,0.46194552998122856,16,7,38,5,19
brca,ILC,PathoTME-FusionVal,dyko,plip,16,brca_morph64_v1,feature,5,AVG_SOLIDICITY_STROMA,0.8460655210462532,0.9294511256844222,0.25221331824477133,17.0,0.2,5,True,0.06673066631825046,1.5350809900520366,0.09887730057055803,2.120509897829315,0.40912875046110536,17,12,26,7,23
brca,ILC,PathoTME-FusionVal,dyko,plip,16,brca_morph64_v1,feature,6,CELL_DENSITY_MACROPHAGE_IN_INNER_INVASIVE_MARGIN,0.8261128654112602,0.7526016764036789,-0.326823359940276,8.8,0.4,5,True,0.1242942509603984,1.4500499190773677,0.1942674190439641,1.7862471506791038,0.5757055872954667,3,14,1,13,13
brca,ILC,PathoTME-FusionVal,dyko,plip,16,brca_morph64_v1,feature,7,CELL_DENSITY_MACROPHAGE_IN_TUMOR_CORE,0.7717957455861635,0.7412806811459685,-0.2432638951973501,12.0,0.4,5,True,0.11627296288242071,1.2483060802402446,0.13557890254755667,1.8135021452932774,0.545318636967318,5,20,8,12,15
brca,ILC,PathoTME-FusionVal,dyko,plip,16,brca_morph64_v1,feature,8,RELATIVE_AREA_TUMOR_CORE,0.768034609361741,1.344582075899145,-0.2816697949736835,37.0,0.2,5,True,0.02274942667103813,3.1534906367360667,0.0027761107314575964,0.2373126953632481,0.4238441773068945,47,1,64,51,22
brca,ILC,PathoTME-FusionVal,dyko,plip,16,brca_morph64_v1,feature,9,RELATIVE_AREA_NECROSIS,0.7675678363544236,1.0283685761526178,-0.3467932053219317,17.6,0.6,5,True,0.06264055697766338,0.34544759114021634,0.1341048493218985,2.5433915586540348,0.7522546256783048,20,49,9,4,6
brca,ILC,PathoTME-FusionVal,dyko,plip,16,brca_morph64_v1,feature,10,AVG_ECCENTRICITY_CARCINOMA,0.7657384132921341,0.8801949676614266,0.13660895284513536,23.8,0.4,5,True,0.024993732569311512,1.7622917948550922,0.1327252279896334,1.6909898582467702,0.21769145279986343,46,6,10,15,42
brca,ILC,PathoTME-FusionVal,dyko,plip,16,brca_morph64_v1,group,1,high/spatial_lymphocytes,2.8782629047543606,3.0145685956407466,-0.35022481852496096,4.6,0.8,5,True,0.3026451930030933,6.159335056087251,0.02629629987248644,6.014742613032859,1.8882953617761131,2,1,16,2,2
brca,ILC,PathoTME-FusionVal,dyko,plip,16,brca_morph64_v1,group,2,high/cell_macrophage,2.655962295370961,2.4842854048609078,-0.9593699478311674,2.4,1.0,5,True,0.4642083344787371,3.3276419928048835,0.5920736999863345,6.539561021198069,2.356326428386784,1,8,1,1,1
brca,ILC,PathoTME-FusionVal,dyko,plip,16,brca_morph64_v1,group,3,low/carcinoma_geometry,1.8819309225067524,2.2077232094657773,-0.318440653555245,8.8,0.8,5,True,0.06841093607261631,3.0503950483577933,0.2975099435864615,5.215490042143279,0.7778486423736116,15,9,7,3,10
brca,ILC,PathoTME-FusionVal,dyko,plip,16,brca_morph64_v1,group,4,high/spatial_macrophages,1.768352326613695,1.905473866051693,-0.5212559207828322,7.0,0.6,5,True,0.22785079917484888,2.272226663167628,0.24819190404870303,4.823937618979186,1.269554647698108,3,11,11,4,6
brca,ILC,PathoTME-FusionVal,dyko,plip,16,brca_morph64_v1,group,5,low/stroma_geometry,1.5947256414538609,1.6489694389148026,0.07975106495378345,7.8,1.0,5,True,0.1254134444572188,3.4729819704265266,0.2545633746044045,3.2768989619173894,0.8437704558637654,8,7,10,5,9
brca,ILC,PathoTME-FusionVal,dyko,plip,16,brca_morph64_v1,group,6,low/compartment_extent,1.4911752113738017,1.8506400761916248,-0.46764635286153106,10.4,0.4,5,True,0.07876700446128895,4.1901296906206005,0.07520717605360946,2.652900693729085,0.4588714920044241,13,2,15,7,15
brca,ILC,PathoTME-FusionVal,dyko,plip,16,brca_morph64_v1,group,7,high/cell_granulocyte,1.4564116921133492,1.5243037350137103,-0.22942295346073704,7.0,0.6,5,True,0.22532982272037635,3.8344148351470886,0.4559572294669626,2.1288023855058245,0.6375541877264949,4,4,2,11,14
brca,ILC,PathoTME-FusionVal,dyko,plip,16,brca_morph64_v1,group,8,low/tissue_composition,1.452198291856922,1.2693057269935035,-0.42296754428328065,6.6,1.0,5,True,0.13120767536081201,2.7694769110924353,0.30816921036503986,2.732061612188151,1.3200760502781723,7,10,5,6,5
brca,ILC,PathoTME-FusionVal,dyko,plip,16,brca_morph64_v1,group,9,high/spatial_fibroblasts,1.3397426426180206,1.0673111268131732,0.030801817216776772,8.6,0.8,5,True,0.10425166111154219,2.2564217898137247,0.28458587219728854,2.284237010642291,1.7692168793252563,10,12,9,9,3
brca,ILC,PathoTME-FusionVal,dyko,plip,16,brca_morph64_v1,group,10,low/tumor_core_composition,1.3292261564903978,1.511289529902854,-0.2691511700601217,9.0,0.6,5,True,0.11316122702846622,3.8284547591470774,0.2188493280123763,0.9572085897596136,1.5284568785044557,9,5,12,15,4
brca,ILC,PathoTME-FusionVal,focus,clip-rn50,16,brca_morph64_v1,feature,1,AVG_MIN_DISTANCE_OF_LYMPHOCYTES_AROUND_CARCINOMA_CELL_IN_WHOLE_TUMOR_REGION_20,0.9902797022330112,0.9979543114376411,-0.07277792630403543,15.8,0.8,5,True,0.12316792945712021,1.2724078037650997,0.021013086042203255,2.4762233655482433,1.05858632635239,9,8,58,1,3
brca,ILC,PathoTME-FusionVal,focus,clip-rn50,16,brca_morph64_v1,feature,2,AVG_MIN_DISTANCE_OF_LYMPHOCYTES_AROUND_CARCINOMA_CELL_IN_WHOLE_TUMOR_REGION_40,0.8203033000529217,0.8739275218159671,-0.08784429585782264,18.2,0.8,5,True,0.12981661006625064,1.2144930137291612,0.0044015020445169655,2.13093931764892,0.6218660567757599,7,10,61,3,10
brca,ILC,PathoTME-FusionVal,focus,clip-rn50,16,brca_morph64_v1,feature,3,AVG_MIN_DISTANCE_OF_MACROPHAGES_AROUND_CARCINOMA_CELL_IN_WHOLE_TUMOR_REGION_20,0.7653245191325733,0.7705923135527293,-0.1665925528229463,15.2,0.2,5,True,0.0777854145773935,1.7768485252674342,0.11323693625076467,1.3767656892718994,0.48198603029537485,26,4,17,11,18
brca,ILC,PathoTME-FusionVal,focus,clip-rn50,16,brca_morph64_v1,feature,4,RELATIVE_AREA_OUTER_INVASIVE_MARGIN,0.7363805217472665,0.7599719641864443,-0.15530517040863445,17.0,0.4,5,True,0.09106111875259314,1.2936888366081196,0.06842698683771736,1.766780136556674,0.46194552998122856,16,7,38,5,19
brca,ILC,PathoTME-FusionVal,focus,clip-rn50,16,brca_morph64_v1,feature,5,CELL_DENSITY_MACROPHAGE_IN_INNER_INVASIVE_MARGIN,0.6725842953207964,0.527325357952516,-0.26531851293462144,8.8,0.4,5,True,0.16572566794719787,1.0875374393080257,0.1942674190439641,1.3396853630093277,0.5757055872954667,3,14,1,13,13
brca,ILC,PathoTME-FusionVal,focus,clip-rn50,16,brca_morph64_v1,feature,6,AVG_SOLIDICITY_STROMA,0.6677346877400688,0.6727860134468928,0.1880879482771104,17.0,0.2,5,True,0.08897422175766728,1.151310742539027,0.09887730057055803,1.5903824233719863,0.40912875046110536,17,12,26,7,23
brca,ILC,PathoTME-FusionVal,focus,clip-rn50,16,brca_morph64_v1,feature,7,RELATIVE_AREA_NECROSIS,0.6273019159965553,0.7630787350364131,-0.28130938740814937,17.6,0.6,5,True,0.08352074263688451,0.2590856933551623,0.1341048493218985,1.907543668990526,0.7522546256783048,20,49,9,4,6
brca,ILC,PathoTME-FusionVal,focus,clip-rn50,16,brca_morph64_v1,feature,8,CELL_DENSITY_MACROPHAGE_IN_TUMOR_CORE,0.6264568651683154,0.5253612350332796,-0.20296325321980896,12.0,0.4,5,True,0.15503061717656091,0.9362295601801836,0.13557890254755667,1.3601266089699582,0.545318636967318,5,20,8,12,15
brca,ILC,PathoTME-FusionVal,focus,clip-rn50,16,brca_morph64_v1,feature,9,RELATIVE_AREA_TUMOR_CORE,0.600011071201511,1.0007455680620136,-0.2049579120174247,37.0,0.2,5,True,0.03033256889471751,2.3651179775520497,0.0027761107314575964,0.17798452152243602,0.4238441773068945,47,1,64,51,22
brca,ILC,PathoTME-FusionVal,focus,clip-rn50,16,brca_morph64_v1,feature,10,AVG_ECCENTRICITY_CARCINOMA,0.594740579474995,0.6428284767060609,0.10707506445780494,23.8,0.4,5,True,0.03332497675908202,1.3217188461413192,0.1327252279896334,1.2682423936850773,0.21769145279986343,46,6,10,15,42
brca,ILC,PathoTME-FusionVal,focus,clip-rn50,16,brca_morph64_v1,group,1,high/spatial_lymphocytes,2.2897353674985608,2.1911282289579175,-0.272837018019652,4.6,0.8,5,True,0.4035269240041244,4.619501292065437,0.02629629987248644,4.511056959774644,1.8882953617761131,2,1,16,2,2
brca,ILC,PathoTME-FusionVal,focus,clip-rn50,16,brca_morph64_v1,group,2,high/cell_macrophage,2.193549366969396,1.768621964898519,-0.7883898665024937,2.4,1.0,5,True,0.6189444459716494,2.495731494603663,0.5920736999863345,4.904670765898551,2.356326428386784,1,8,1,1,1
brca,ILC,PathoTME-FusionVal,focus,clip-rn50,16,brca_morph64_v1,group,3,low/carcinoma_geometry,1.4731973970532066,1.6112954015683405,-0.23674384562769996,8.8,0.8,5,True,0.0912145814301551,2.2877962862683456,0.2975099435864615,3.9116175316074595,0.7778486423736116,15,9,7,3,10
brca,ILC,PathoTME-FusionVal,focus,clip-rn50,16,brca_morph64_v1,group,4,high/spatial_macrophages,1.4287341657846773,1.3741395098486937,-0.42678329947945615,7.0,0.6,5,True,0.3038010655664652,1.7041699973757205,0.24819190404870303,3.6179532142343898,1.269554647698108,3,11,11,4,6
brca,ILC,PathoTME-FusionVal,focus,clip-rn50,16,brca_morph64_v1,group,5,low/stroma_geometry,1.265592491133813,1.1854224835655027,0.04353559697950246,7.8,1.0,5,True,0.1672179259429584,2.6047364778198947,0.2545633746044045,2.4576742214380425,0.8437704558637654,8,7,10,5,9
brca,ILC,PathoTME-FusionVal,focus,clip-rn50,16,brca_morph64_v1,group,6,low/tissue_composition,1.1858685440502803,0.9151120107508016,-0.3515525844436437,6.6,1.0,5,True,0.17494356714774936,2.0771076833193267,0.30816921036503986,2.0490462091411135,1.3200760502781723,7,10,5,6,5
brca,ILC,PathoTME-FusionVal,focus,clip-rn50,16,brca_morph64_v1,group,7,high/cell_granulocyte,1.173272819262062,1.0771742842284486,-0.19197524724496234,7.0,0.6,5,True,0.3004397636271685,2.8758111263603165,0.4559572294669626,1.5966017891293682,0.6375541877264949,4,4,2,11,14
brca,ILC,PathoTME-FusionVal,focus,clip-rn50,16,brca_morph64_v1,group,8,low/compartment_extent,1.1542748257870699,1.3601675746696607,-0.358326430609066,10.4,0.4,5,True,0.10502267261505197,3.14259726796545,0.07520717605360946,1.989675520296814,0.4588714920044241,13,2,15,7,15
brca,ILC,PathoTME-FusionVal,focus,clip-rn50,16,brca_morph64_v1,group,9,high/spatial_fibroblasts,1.1196598133359892,0.8308371148324368,0.010026543098396902,8.6,0.8,5,True,0.1390022148153896,1.6923163423602932,0.28458587219728854,1.7131777579817185,1.7692168793252563,10,12,9,9,3
brca,ILC,PathoTME-FusionVal,focus,clip-rn50,16,brca_morph64_v1,group,10,low/tumor_core_composition,1.097487070846961,1.1340679619240936,-0.24255970607973215,9.0,0.6,5,True,0.15088163603795493,2.8713410693603083,0.2188493280123763,0.7179064423197102,1.5284568785044557,9,5,12,15,4
brca,ILC,PathoTME-FusionVal,focus,plip,16,brca_morph64_v1,feature,1,AVG_MIN_DISTANCE_OF_LYMPHOCYTES_AROUND_CARCINOMA_CELL_IN_WHOLE_TUMOR_REGION_20,0.9718045128144432,1.0186606925075683,-0.0683445548121652,15.8,0.8,5,True,0.030791982364280053,1.2724078037650997,0.021013086042203255,2.4762233655482433,1.05858632635239,9,8,58,1,3
brca,ILC,PathoTME-FusionVal,focus,plip,16,brca_morph64_v1,feature,2,AVG_MIN_DISTANCE_OF_LYMPHOCYTES_AROUND_CARCINOMA_CELL_IN_WHOLE_TUMOR_REGION_40,0.8008308085429843,0.894012831863529,-0.08743182268427524,18.2,0.8,5,True,0.03245415251656266,1.2144930137291612,0.0044015020445169655,2.13093931764892,0.6218660567757599,7,10,61,3,10
brca,ILC,PathoTME-FusionVal,focus,plip,16,brca_morph64_v1,feature,3,AVG_MIN_DISTANCE_OF_MACROPHAGES_AROUND_CARCINOMA_CELL_IN_WHOLE_TUMOR_REGION_20,0.7536567069459642,0.7839313718495425,-0.1611054122047843,15.2,0.2,5,True,0.019446353644348376,1.7768485252674342,0.11323693625076467,1.3767656892718994,0.48198603029537485,26,4,17,11,18
brca,ILC,PathoTME-FusionVal,focus,plip,16,brca_morph64_v1,feature,4,RELATIVE_AREA_OUTER_INVASIVE_MARGIN,0.7227213539343775,0.7749364914121346,-0.1521179156198504,17.0,0.4,5,True,0.022765279688148284,1.2936888366081196,0.06842698683771736,1.766780136556674,0.46194552998122856,16,7,38,5,19
brca,ILC,PathoTME-FusionVal,focus,plip,16,brca_morph64_v1,feature,5,AVG_SOLIDICITY_STROMA,0.6543885544764187,0.6876351881790602,0.1895188521565994,17.0,0.2,5,True,0.02224355543941682,1.151310742539027,0.09887730057055803,1.5903824233719863,0.40912875046110536,17,12,26,7,23
brca,ILC,PathoTME-FusionVal,focus,plip,16,brca_morph64_v1,feature,6,CELL_DENSITY_MACROPHAGE_IN_INNER_INVASIVE_MARGIN,0.6477254451287168,0.5591615616440556,-0.25606410725778217,8.8,0.4,5,True,0.04143141698679947,1.0875374393080257,0.1942674190439641,1.3396853630093277,0.5757055872954667,3,14,1,13,13
brca,ILC,PathoTME-FusionVal,focus,plip,16,brca_morph64_v1,feature,7,RELATIVE_AREA_NECROSIS,0.6147738046010226,0.7746646381028859,-0.2771327938300815,17.6,0.6,5,True,0.020880185659221128,0.2590856933551623,0.1341048493218985,1.907543668990526,0.7522546256783048,20,49,9,4,6
brca,ILC,PathoTME-FusionVal,focus,plip,16,brca_morph64_v1,feature,8,CELL_DENSITY_MACROPHAGE_IN_TUMOR_CORE,0.6032022725918313,0.5532769387679701,-0.19218133658744355,12.0,0.4,5,True,0.03875765429414023,0.9362295601801836,0.13557890254755667,1.3601266089699582,0.545318636967318,5,20,8,12,15
brca,ILC,PathoTME-FusionVal,focus,plip,16,brca_morph64_v1,feature,9,RELATIVE_AREA_TUMOR_CORE,0.5954611858673033,1.004029446249303,-0.20421262276815014,37.0,0.2,5,True,0.007583142223679377,2.3651179775520497,0.0027761107314575964,0.17798452152243602,0.4238441773068945,47,1,64,51,22
brca,ILC,PathoTME-FusionVal,focus,plip,16,brca_morph64_v1,feature,10,AVG_ECCENTRICITY_CARCINOMA,0.5897418329611328,0.6483589465065198,0.10601275101785965,23.8,0.4,5,True,0.008331244189770505,1.3217188461413192,0.1327252279896334,1.2682423936850773,0.21769145279986343,46,6,10,15,42
brca,ILC,PathoTME-FusionVal,focus,plip,16,brca_morph64_v1,group,1,high/spatial_lymphocytes,2.2292063288979422,2.2593777235156045,-0.27365157295372833,4.6,0.8,5,True,0.1008817310010311,4.619501292065437,0.02629629987248644,4.511056959774644,1.8882953617761131,2,1,16,2,2
brca,ILC,PathoTME-FusionVal,focus,plip,16,brca_morph64_v1,group,2,high/cell_macrophage,2.1007077000736487,1.8805833919825508,-0.7418373807749136,2.4,1.0,5,True,0.15473611149291236,2.495731494603663,0.5920736999863345,4.904670765898551,2.356326428386784,1,8,1,1,1
brca,ILC,PathoTME-FusionVal,focus,plip,16,brca_morph64_v1,group,3,low/carcinoma_geometry,1.4595152098386834,1.626185798541073,-0.23658932777911484,8.8,0.8,5,True,0.022803645357538774,2.2877962862683456,0.2975099435864615,3.9116175316074595,0.7778486423736116,15,9,7,3,10
brca,ILC,PathoTME-FusionVal,focus,plip,16,brca_morph64_v1,group,4,high/spatial_macrophages,1.3831640059497077,1.423657628369831,-0.3935731401714204,7.0,0.6,5,True,0.0759502663916163,1.7041699973757205,0.24819190404870303,3.6179532142343898,1.269554647698108,3,11,11,4,6
brca,ILC,PathoTME-FusionVal,focus,plip,16,brca_morph64_v1,group,5,low/stroma_geometry,1.2405098022423693,1.215420766531131,0.05173892881918085,7.8,1.0,5,True,0.0418044814857396,2.6047364778198947,0.2545633746044045,2.4576742214380425,0.8437704558637654,8,7,10,5,9
brca,ILC,PathoTME-FusionVal,focus,plip,16,brca_morph64_v1,group,6,low/tissue_composition,1.159627008978118,0.9524671338827785,-0.34575895781553745,6.6,1.0,5,True,0.04373589178693734,2.0771076833193267,0.30816921036503986,2.0490462091411135,1.3200760502781723,7,10,5,6,5
brca,ILC,PathoTME-FusionVal,focus,plip,16,brca_morph64_v1,group,7,low/compartment_extent,1.1385214248948121,1.3757252283417887,-0.3546859311591667,10.4,0.4,5,True,0.02625566815376299,3.14259726796545,0.07520717605360946,1.989675520296814,0.4588714920044241,13,2,15,7,15
brca,ILC,PathoTME-FusionVal,focus,plip,16,brca_morph64_v1,group,8,high/cell_granulocyte,1.1282068547179867,1.1264088082263284,-0.1775204092685973,7.0,0.6,5,True,0.07510994090679213,2.8758111263603165,0.4559572294669626,1.5966017891293682,0.6375541877264949,4,4,2,11,14
brca,ILC,PathoTME-FusionVal,focus,plip,16,brca_morph64_v1,group,9,high/spatial_fibroblasts,1.0988094811136808,0.8623117678460066,0.021625329342036426,8.6,0.8,5,True,0.0347505537038474,1.6923163423602932,0.28458587219728854,1.7131777579817185,1.7692168793252563,10,12,9,9,3
brca,ILC,PathoTME-FusionVal,focus,plip,16,brca_morph64_v1,group,10,low/tumor_core_composition,1.074854825441268,1.1585468273576975,-0.2335351479862115,9.0,0.6,5,True,0.03772040900948873,2.8713410693603083,0.2188493280123763,0.7179064423197102,1.5284568785044557,9,5,12,15,4
brca,ILC,PathoTME-FusionVal,hive_mil,clip-rn50,16,brca_morph64_v1,feature,1,AVG_MIN_DISTANCE_OF_LYMPHOCYTES_AROUND_CARCINOMA_CELL_IN_WHOLE_TUMOR_REGION_20,1.2401884468539008,1.3439595338083141,-0.09223412973654875,15.8,0.8,5,True,0.12316792945712021,1.6965437383534663,0.021013086042203255,3.301631154064325,1.05858632635239,9,8,58,1,3
brca,ILC,PathoTME-FusionVal,hive_mil,clip-rn50,16,brca_morph64_v1,feature,2,AVG_MIN_DISTANCE_OF_LYMPHOCYTES_AROUND_CARCINOMA_CELL_IN_WHOLE_TUMOR_REGION_40,1.0433321221447938,1.1890968361565917,-0.11046126992419938,18.2,0.8,5,True,0.12981661006625064,1.619324018305548,0.0044015020445169655,2.8412524235318934,0.6218660567757599,7,10,61,3,10
brca,ILC,PathoTME-FusionVal,hive_mil,clip-rn50,16,brca_morph64_v1,feature,3,AVG_MIN_DISTANCE_OF_MACROPHAGES_AROUND_CARCINOMA_CELL_IN_WHOLE_TUMOR_REGION_20,0.9755654667685286,1.0577187899658382,-0.20105623674879122,15.2,0.2,5,True,0.0777854145773935,2.369131367023245,0.11323693625076467,1.8356875856958654,0.48198603029537485,26,4,17,11,18
brca,ILC,PathoTME-FusionVal,hive_mil,clip-rn50,16,brca_morph64_v1,feature,4,RELATIVE_AREA_OUTER_INVASIVE_MARGIN,0.9404117866249194,1.040335861956301,-0.1881795250440828,17.0,0.4,5,True,0.09106111875259314,1.7249184488108262,0.06842698683771736,2.355706848742232,0.46194552998122856,16,7,38,5,19
brca,ILC,PathoTME-FusionVal,hive_mil,clip-rn50,16,brca_morph64_v1,feature,5,AVG_SOLIDICITY_STROMA,0.8505142321341366,0.924830125571313,0.2517363502849416,17.0,0.2,5,True,0.08897422175766728,1.5350809900520366,0.09887730057055803,2.120509897829315,0.40912875046110536,17,12,26,7,23
brca,ILC,PathoTME-FusionVal,hive_mil,clip-rn50,16,brca_morph64_v1,feature,6,CELL_DENSITY_MACROPHAGE_IN_INNER_INVASIVE_MARGIN,0.83439914880862,0.7431109782233936,-0.3299081618325558,8.8,0.4,5,True,0.16572566794719787,1.4500499190773677,0.1942674190439641,1.7862471506791038,0.5757055872954667,3,14,1,13,13
brca,ILC,PathoTME-FusionVal,hive_mil,clip-rn50,16,brca_morph64_v1,feature,7,CELL_DENSITY_MACROPHAGE_IN_TUMOR_CORE,0.7795472764449916,0.732867120763734,-0.24685786740813853,12.0,0.4,5,True,0.15503061717656091,1.2483060802402446,0.13557890254755667,1.8135021452932774,0.545318636967318,5,20,8,12,15
brca,ILC,PathoTME-FusionVal,hive_mil,clip-rn50,16,brca_morph64_v1,feature,8,RELATIVE_AREA_NECROSIS,0.7717438734862678,1.0248266285640597,-0.3481854031812876,17.6,0.6,5,True,0.08352074263688451,0.34544759114021634,0.1341048493218985,2.5433915586540348,0.7522546256783048,20,49,9,4,6
brca,ILC,PathoTME-FusionVal,hive_mil,clip-rn50,16,brca_morph64_v1,feature,9,RELATIVE_AREA_TUMOR_CORE,0.7695512378064768,1.3435351345869888,-0.2819182247234417,37.0,0.2,5,True,0.03033256889471751,3.1534906367360667,0.0027761107314575964,0.2373126953632481,0.4238441773068945,47,1,64,51,22
brca,ILC,PathoTME-FusionVal,hive_mil,clip-rn50,16,brca_morph64_v1,feature,10,AVG_ECCENTRICITY_CARCINOMA,0.7674046621300883,0.8784482913716448,0.1369630573251171,23.8,0.4,5,True,0.03332497675908202,1.7622917948550922,0.1327252279896334,1.6909898582467702,0.21769145279986343,46,6,10,15,42
brca,ILC,PathoTME-FusionVal,hive_mil,clip-rn50,16,brca_morph64_v1,group,1,high/spatial_lymphocytes,2.8984392509545662,2.9932829562161647,-0.3499533002136022,4.6,0.8,5,True,0.4035269240041244,6.159335056087251,0.02629629987248644,6.014742613032859,1.8882953617761131,2,1,16,2,2
brca,ILC,PathoTME-FusionVal,hive_mil,clip-rn50,16,brca_morph64_v1,group,2,high/cell_macrophage,2.6869095176695437,2.450895934758571,-0.974887443073694,2.4,1.0,5,True,0.6189444459716494,3.3276419928048835,0.5920736999863345,6.539561021198069,2.356326428386784,1,8,1,1,1
brca,ILC,PathoTME-FusionVal,hive_mil,clip-rn50,16,brca_morph64_v1,group,3,low/carcinoma_geometry,1.88649165157826,2.2030588593027796,-0.31849215950477333,8.8,0.8,5,True,0.0912145814301551,3.0503950483577933,0.2975099435864615,5.215490042143279,0.7778486423736116,15,9,7,3,10
brca,ILC,PathoTME-FusionVal,hive_mil,clip-rn50,16,brca_morph64_v1,group,4,high/spatial_macrophages,1.7835423798920178,1.890365994220733,-0.5323259738855108,7.0,0.6,5,True,0.3038010655664652,2.272226663167628,0.24819190404870303,4.823937618979186,1.269554647698108,3,11,11,4,6
brca,ILC,PathoTME-FusionVal,hive_mil,clip-rn50,16,brca_morph64_v1,group,5,low/stroma_geometry,1.6030865377510088,1.6397371179983085,0.07701662100722399,7.8,1.0,5,True,0.1672179259429584,3.4729819704265266,0.2545633746044045,3.2768989619173894,0.8437704558637654,8,7,10,5,9
brca,ILC,PathoTME-FusionVal,hive_mil,clip-rn50,16,brca_morph64_v1,group,6,low/compartment_extent,1.496426345004554,1.8456610477114723,-0.4688598526781641,10.4,0.4,5,True,0.10502267261505197,4.1901296906206005,0.07520717605360946,2.652900693729085,0.4588714920044241,13,2,15,7,15
brca,ILC,PathoTME-FusionVal,hive_mil,clip-rn50,16,brca_morph64_v1,group,7,high/cell_granulocyte,1.471433680294708,1.5094359655151282,-0.2342412327861921,7.0,0.6,5,True,0.3004397636271685,3.8344148351470886,0.4559572294669626,2.1288023855058245,0.6375541877264949,4,4,2,11,14
brca,ILC,PathoTME-FusionVal,hive_mil,clip-rn50,16,brca_morph64_v1,group,8,low/tissue_composition,1.4609454702143094,1.2580271232756746,-0.42489875315931613,6.6,1.0,5,True,0.17494356714774936,2.7694769110924353,0.30816921036503986,2.732061612188151,1.3200760502781723,7,10,5,6,5
brca,ILC,PathoTME-FusionVal,hive_mil,clip-rn50,16,brca_morph64_v1,group,9,high/spatial_fibroblasts,1.34669275335879,1.0573209369742096,0.026935555135563595,8.6,0.8,5,True,0.1390022148153896,2.2564217898137247,0.28458587219728854,2.284237010642291,1.7692168793252563,10,12,9,9,3
brca,ILC,PathoTME-FusionVal,hive_mil,clip-rn50,16,brca_morph64_v1,group,10,low/tumor_core_composition,1.3367702382922952,1.5037770365930112,-0.2721593560912952,9.0,0.6,5,True,0.15088163603795493,3.8284547591470774,0.2188493280123763,0.9572085897596136,1.5284568785044557,9,5,12,15,4
brca,ILC,PathoTME-FusionVal,hive_mil,plip,16,brca_morph64_v1,feature,1,AVG_MIN_DISTANCE_OF_LYMPHOCYTES_AROUND_CARCINOMA_CELL_IN_WHOLE_TUMOR_REGION_20,0.6323310380288244,0.596183599102259,-0.03935674462522722,17.5,0.6,5,True,0.0,1.2724078037650997,0.005253271510550814,0.8254077885160812,1.05858632635239,,8,58,1,3
brca,ILC,PathoTME-FusionVal,hive_mil,plip,16,brca_morph64_v1,feature,2,RELATIVE_AREA_TUMOR_CORE,0.5697968712765241,1.0190197343133238,-0.2023471989334896,34.5,0.2,5,True,0.0,2.3651179775520497,0.0006940276828643991,0.05932817384081202,0.4238441773068945,,1,64,51,22
brca,ILC,PathoTME-FusionVal,hive_mil,plip,16,brca_morph64_v1,feature,3,AVG_MIN_DISTANCE_OF_MACROPHAGES_AROUND_CARCINOMA_CELL_IN_WHOLE_TUMOR_REGION_20,0.5492131372098933,0.7233146936976793,-0.11203970275006696,12.5,0.2,5,True,0.0,1.7768485252674342,0.028309234062691167,0.45892189642396636,0.48198603029537485,,4,17,11,18
brca,ILC,PathoTME-FusionVal,hive_mil,plip,16,brca_morph64_v1,feature,4,RELATIVE_AREA_EPITHELIAL_TISSUE_IN_TUMOR_CORE,0.5399403753684691,0.9102094312290298,0.14985711540082663,28.75,0.2,5,True,0.0,2.1165073554118883,0.014055994396776877,0.029772686233931336,0.5393658407997491,,2,41,56,16
brca,ILC,PathoTME-FusionVal,hive_mil,plip,16,brca_morph64_v1,feature,5,AVG_MIN_DISTANCE_OF_LYMPHOCYTES_AROUND_CARCINOMA_CELL_IN_WHOLE_TUMOR_REGION_40,0.5095545103798047,0.5167271032518379,-0.06041770179001339,21.0,0.6,5,True,0.0,1.2144930137291612,0.0011003755111292414,0.7103131058829734,0.6218660567757599,,10,61,3,10
brca,ILC,PathoTME-FusionVal,hive_mil,plip,16,brca_morph64_v1,feature,6,RELATIVE_AREA_OUTER_INVASIVE_MARGIN,0.47233356509686714,0.5288328677751596,-0.15506612089170352,17.25,0.4,5,True,0.0,1.2936888366081196,0.01710674670942934,0.588926712185558,0.46194552998122856,,7,38,5,19
brca,ILC,PathoTME-FusionVal,hive_mil,plip,16,brca_morph64_v1,feature,7,CELL_DENSITY_MACROPHAGE_IN_INNER_INVASIVE_MARGIN,0.4316743338068519,0.4427858179724511,-0.1745932985488939,10.25,0.2,5,True,0.0,1.0875374393080257,0.04856685476099103,0.44656178766977594,0.5757055872954667,,14,1,13,13
brca,ILC,PathoTME-FusionVal,hive_mil,plip,16,brca_morph64_v1,feature,8,AVG_MIN_DISTANCE_OF_FIBROBLASTS_AROUND_CARCINOMA_CELL_IN_WHOLE_TUMOR_REGION_20,0.4264953434374936,0.468211853567495,-0.057514805340175446,19.75,0.2,5,True,0.0,0.7186925327936851,0.021120984806924346,0.30925260093183,1.0834105986550286,,27,32,18,2
brca,ILC,PathoTME-FusionVal,hive_mil,plip,16,brca_morph64_v1,feature,9,AVG_SOLIDICITY_STROMA,0.4230572585200201,0.46895141662470446,0.11400424942142744,17.0,0.2,5,True,0.0,1.151310742539027,0.024719325142639508,0.5301274744573288,0.40912875046110536,,12,26,7,23
brca,ILC,PathoTME-FusionVal,hive_mil,plip,16,brca_morph64_v1,feature,10,CELL_PERCENTAGE_GRANULOCYTE_IN_TUMOR_CORE,0.4046384782529732,0.8781351144200882,-0.0651496707531201,43.75,0.2,5,True,0.0,1.9754293258613476,0.009727642580379716,0.02096859927070239,0.01706682355243661,,3,51,57,64
brca,ILC,PathoTME-FusionVal,hive_mil,plip,16,brca_morph64_v1,group,1,high/spatial_lymphocytes,1.6036112764135773,1.891343417638094,-0.19338062828903682,5.25,0.6,5,True,0.0,4.619501292065437,0.00657407496812161,1.5036856532582148,1.8882953617761131,,1,16,2,2
brca,ILC,PathoTME-FusionVal,hive_mil,plip,16,brca_morph64_v1,group,2,high/cell_macrophage,1.3269933206573097,1.1907108345371762,-0.3944892077933275,2.75,0.8,5,True,0.0,2.495731494603663,0.14801842499658363,1.6348902552995173,2.356326428386784,,8,1,1,1
brca,ILC,PathoTME-FusionVal,hive_mil,plip,16,brca_morph64_v1,group,3,low/tumor_core_composition,0.9387624854615524,1.2484654483140085,-0.17698032244532583,9.0,0.4,5,True,0.0,2.8713410693603083,0.054712332003094076,0.2393021474399034,1.5284568785044557,,5,12,15,4
brca,ILC,PathoTME-FusionVal,hive_mil,plip,16,brca_morph64_v1,group,4,low/carcinoma_geometry,0.8887789850148785,0.9480289382482742,-0.004552674643774837,7.25,0.8,5,True,0.0,2.2877962862683456,0.07437748589661537,1.3038725105358198,0.7778486423736116,,9,7,3,10
brca,ILC,PathoTME-FusionVal,hive_mil,plip,16,brca_morph64_v1,group,5,low/stroma_geometry,0.8662745035628218,1.0511449062633025,0.020399981325724115,7.75,0.8,5,True,0.0,2.6047364778198947,0.06364084365110112,0.8192247404793473,0.8437704558637654,,7,10,5,9
brca,ILC,PathoTME-FusionVal,hive_mil,plip,16,brca_morph64_v1,group,6,high/cell_plasma_cell,0.8645828301364122,1.212706665155722,-0.06673204737846808,7.5,0.6,5,True,0.0,2.9215149811983103,0.07195521503177096,0.3516650963440973,0.9777788581078823,,3,8,12,7
brca,ILC,PathoTME-FusionVal,hive_mil,plip,16,brca_morph64_v1,group,7,low/compartment_extent,0.8566991454831097,1.3092970101903172,-0.3426403041923004,9.75,0.4,5,True,0.0,3.14259726796545,0.018801794013402366,0.6632251734322713,0.4588714920044241,,2,15,7,15
brca,ILC,PathoTME-FusionVal,hive_mil,plip,16,brca_morph64_v1,group,8,high/spatial_macrophages,0.84835140516616,0.7706672735404863,-0.17486287589348734,8.0,0.4,5,True,0.0,1.7041699973757205,0.06204797601217576,1.2059844047447965,1.269554647698108,,11,11,4,6
brca,ILC,PathoTME-FusionVal,hive_mil,plip,16,brca_morph64_v1,group,9,high/cell_granulocyte,0.8319110435660017,1.1739480495029815,-0.12154013024912132,7.75,0.4,5,True,0.0,2.8758111263603165,0.11398930736674065,0.5322005963764561,0.6375541877264949,,4,2,11,14
brca,ILC,PathoTME-FusionVal,hive_mil,plip,16,brca_morph64_v1,group,10,low/tissue_composition,0.8314482878471594,0.8764832267348884,-0.2332432684928707,6.5,0.8,5,True,0.0,2.0771076833193267,0.07704230259125996,0.6830154030470378,1.3200760502781723,,10,5,6,5
brca,ILC,PathoTME-FusionVal,mgpath,clip-rn50,16,brca_morph64_v1,feature,1,AVG_MIN_DISTANCE_OF_LYMPHOCYTES_AROUND_CARCINOMA_CELL_IN_WHOLE_TUMOR_REGION_20,0.905452515315338,0.9859314037550123,-0.06612565826524076,15.8,0.8,5,True,0.12316792945712021,0.8482718691767331,0.021013086042203255,2.4762233655482433,1.05858632635239,9,8,58,1,3
brca,ILC,PathoTME-FusionVal,mgpath,clip-rn50,16,brca_morph64_v1,feature,2,AVG_MIN_DISTANCE_OF_LYMPHOCYTES_AROUND_CARCINOMA_CELL_IN_WHOLE_TUMOR_REGION_40,0.7393370991376443,0.8466031141863629,-0.07851058651772662,18.2,0.8,5,True,0.12981661006625064,0.809662009152774,0.0044015020445169655,2.13093931764892,0.6218660567757599,7,10,61,3,10
brca,ILC,PathoTME-FusionVal,mgpath,clip-rn50,16,brca_morph64_v1,feature,3,RELATIVE_AREA_OUTER_INVASIVE_MARGIN,0.6501345993067252,0.7032675577545907,-0.11914219517142895,17.0,0.4,5,True,0.09106111875259314,0.8624592244054131,0.06842698683771736,1.766780136556674,0.46194552998122856,16,7,38,5,19
brca,ILC,PathoTME-FusionVal,mgpath,clip-rn50,16,brca_morph64_v1,feature,4,AVG_MIN_DISTANCE_OF_MACROPHAGES_AROUND_CARCINOMA_CELL_IN_WHOLE_TUMOR_REGION_20,0.646867950781411,0.6036705643025231,-0.1515048268510175,15.2,0.2,5,True,0.0777854145773935,1.1845656835116225,0.11323693625076467,1.3767656892718994,0.48198603029537485,26,4,17,11,18
brca,ILC,PathoTME-FusionVal,mgpath,clip-rn50,16,brca_morph64_v1,feature,5,RELATIVE_AREA_NECROSIS,0.6100295364395445,0.7743905715037191,-0.2671846012830731,17.6,0.6,5,True,0.08352074263688451,0.17272379557010817,0.1341048493218985,1.907543668990526,0.7522546256783048,20,49,9,4,6
brca,ILC,PathoTME-FusionVal,mgpath,clip-rn50,16,brca_morph64_v1,feature,6,CELL_DENSITY_MACROPHAGE_IN_INNER_INVASIVE_MARGIN,0.600081799366928,0.4786880467799515,-0.2315183036060949,8.8,0.4,5,True,0.16572566794719787,0.7250249595386838,0.1942674190439641,1.3396853630093277,0.5757055872954667,3,14,1,13,13
brca,ILC,PathoTME-FusionVal,mgpath,clip-rn50,16,brca_morph64_v1,feature,7,AVG_SOLIDICITY_STROMA,0.590980638237467,0.6239438190608362,0.16645835973525072,17.0,0.2,5,True,0.08897422175766728,0.7675404950260183,0.09887730057055803,1.5903824233719863,0.40912875046110536,17,12,26,7,23
brca,ILC,PathoTME-FusionVal,mgpath,clip-rn50,16,brca_morph64_v1,feature,8,CELL_DENSITY_MACROPHAGE_IN_TUMOR_CORE,0.5640415611563032,0.49713819589304054,-0.19643195877359498,12.0,0.4,5,True,0.15503061717656091,0.6241530401201223,0.13557890254755667,1.3601266089699582,0.545318636967318,5,20,8,12,15
brca,ILC,PathoTME-FusionVal,mgpath,clip-rn50,16,brca_morph64_v1,feature,9,RATIO_OF_MACROPHAGES_AROUND_CARCINOMA_CELL_IN_WHOLE_TUMOR_REGION_20,0.5451887316837347,0.6673865316793754,-0.0928239480989326,18.8,0.6,5,True,0.12495364901535506,0.18193895268520555,0.10431179502358358,1.6717468388085763,0.6429924228859527,8,48,23,6,9
brca,ILC,PathoTME-FusionVal,mgpath,clip-rn50,16,brca_morph64_v1,feature,10,RATIO_OF_MACROPHAGES_AROUND_CARCINOMA_CELL_IN_WHOLE_TUMOR_REGION_40,0.5396164838119236,0.6176014925492344,-0.12236186867720063,16.6,0.6,5,True,0.17591493409426204,0.10890784711054258,0.13087978447750587,1.5393675024435285,0.7430123509337788,2,54,12,8,7
brca,ILC,PathoTME-FusionVal,mgpath,clip-rn50,16,brca_morph64_v1,group,1,high/cell_macrophage,2.027167267329152,1.772214554717096,-0.7423766990897095,2.4,1.0,5,True,0.6189444459716494,1.6638209964024417,0.5920736999863345,4.904670765898551,2.356326428386784,1,8,1,1,1
brca,ILC,PathoTME-FusionVal,mgpath,clip-rn50,16,brca_morph64_v1,group,2,high/spatial_lymphocytes,1.9817686146941984,1.8658870285852762,-0.2357363958216936,4.6,0.8,5,True,0.4035269240041244,3.0796675280436254,0.02629629987248644,4.511056959774644,1.8882953617761131,2,1,16,2,2
brca,ILC,PathoTME-FusionVal,mgpath,clip-rn50,16,brca_morph64_v1,group,3,low/carcinoma_geometry,1.320677644635317,1.54983166609987,-0.2675582552090915,8.8,0.8,5,True,0.0912145814301551,1.5251975241788966,0.2975099435864615,3.9116175316074595,0.7778486423736116,15,9,7,3,10
brca,ILC,PathoTME-FusionVal,mgpath,clip-rn50,16,brca_morph64_v1,group,4,high/spatial_macrophages,1.315122832626296,1.3691477230637743,-0.41351033369187506,7.0,0.6,5,True,0.3038010655664652,1.136113331583814,0.24819190404870303,3.6179532142343898,1.269554647698108,3,11,11,4,6
brca,ILC,PathoTME-FusionVal,mgpath,clip-rn50,16,brca_morph64_v1,group,5,low/stroma_geometry,1.0919433926124866,0.9872404197728224,0.038523803948954764,7.8,1.0,5,True,0.1672179259429584,1.7364909852132633,0.2545633746044045,2.4576742214380425,0.8437704558637654,8,7,10,5,9
brca,ILC,PathoTME-FusionVal,mgpath,clip-rn50,16,brca_morph64_v1,group,6,low/tissue_composition,1.0473946984956586,0.7904250403582629,-0.3242545180375215,6.6,1.0,5,True,0.17494356714774936,1.3847384555462177,0.30816921036503986,2.0490462091411135,1.3200760502781723,7,10,5,6,5
brca,ILC,PathoTME-FusionVal,mgpath,clip-rn50,16,brca_morph64_v1,group,7,high/spatial_fibroblasts,1.0068387238453032,0.7696843306065306,0.005947430627883434,8.6,0.8,5,True,0.1390022148153896,1.1282108949068623,0.28458587219728854,1.7131777579817185,1.7692168793252563,10,12,9,9,3
brca,ILC,PathoTME-FusionVal,mgpath,clip-rn50,16,brca_morph64_v1,group,8,high/cell_granulocyte,0.9815520775047075,0.726676602716127,-0.16909563894745702,7.0,0.6,5,True,0.3004397636271685,1.9172074175735443,0.4559572294669626,1.5966017891293682,0.6375541877264949,4,4,2,11,14
brca,ILC,PathoTME-FusionVal,mgpath,clip-rn50,16,brca_morph64_v1,group,9,low/compartment_extent,0.9447683412560399,1.0139549073051222,-0.25322966300966826,10.4,0.4,5,True,0.10502267261505197,2.0950648453103002,0.07520717605360946,1.989675520296814,0.4588714920044241,13,2,15,7,15
brca,ILC,PathoTME-FusionVal,mgpath,clip-rn50,16,brca_morph64_v1,group,10,low/tumor_core_composition,0.9060643328896072,0.7876760072949122,-0.2292685208550945,9.0,0.6,5,True,0.15088163603795493,1.9142273795735387,0.2188493280123763,0.7179064423197102,1.5284568785044557,9,5,12,15,4
brca,ILC,PathoTME-FusionVal,mgpath,plip,16,brca_morph64_v1,feature,1,AVG_MIN_DISTANCE_OF_LYMPHOCYTES_AROUND_CARCINOMA_CELL_IN_WHOLE_TUMOR_REGION_20,0.9841213057601553,1.004715124878763,-0.07130013580674535,15.8,0.8,5,True,0.09237594709284017,1.2724078037650997,0.021013086042203255,2.4762233655482433,1.05858632635239,9,8,58,1,3
brca,ILC,PathoTME-FusionVal,mgpath,plip,16,brca_morph64_v1,feature,2,AVG_MIN_DISTANCE_OF_LYMPHOCYTES_AROUND_CARCINOMA_CELL_IN_WHOLE_TUMOR_REGION_40,0.8138124695496092,0.8804342950863814,-0.0877068047999735,18.2,0.8,5,True,0.09736245754968799,1.2144930137291612,0.0044015020445169655,2.13093931764892,0.6218660567757599,7,10,61,3,10
brca,ILC,PathoTME-FusionVal,mgpath,plip,16,brca_morph64_v1,feature,3,AVG_MIN_DISTANCE_OF_MACROPHAGES_AROUND_CARCINOMA_CELL_IN_WHOLE_TUMOR_REGION_20,0.7614352484037036,0.7749665864579643,-0.16476350595022562,15.2,0.2,5,True,0.05833906093304513,1.7768485252674342,0.11323693625076467,1.3767656892718994,0.48198603029537485,26,4,17,11,18
brca,ILC,PathoTME-FusionVal,mgpath,plip,16,brca_morph64_v1,feature,4,RELATIVE_AREA_OUTER_INVASIVE_MARGIN,0.7318274658096369,0.7648571607103769,-0.15424275214570643,17.0,0.4,5,True,0.06829583906444486,1.2936888366081196,0.06842698683771736,1.766780136556674,0.46194552998122856,16,7,38,5,19
brca,ILC,PathoTME-FusionVal,mgpath,plip,16,brca_morph64_v1,feature,5,CELL_DENSITY_MACROPHAGE_IN_INNER_INVASIVE_MARGIN,0.6642980119234365,0.5375084010268976,-0.26223371104234167,8.8,0.4,5,True,0.1242942509603984,1.0875374393080257,0.1942674190439641,1.3396853630093277,0.5757055872954667,3,14,1,13,13
brca,ILC,PathoTME-FusionVal,mgpath,plip,16,brca_morph64_v1,feature,6,AVG_SOLIDICITY_STROMA,0.6632859766521855,0.6776258704455512,0.18856491623694008,17.0,0.2,5,True,0.06673066631825046,1.151310742539027,0.09887730057055803,1.5903824233719863,0.40912875046110536,17,12,26,7,23
brca,ILC,PathoTME-FusionVal,mgpath,plip,16,brca_morph64_v1,feature,7,RELATIVE_AREA_NECROSIS,0.6231258788647109,0.7668464502260375,-0.2799171895487934,17.6,0.6,5,True,0.06264055697766338,0.2590856933551623,0.1341048493218985,1.907543668990526,0.7522546256783048,20,49,9,4,6
brca,ILC,PathoTME-FusionVal,mgpath,plip,16,brca_morph64_v1,feature,8,CELL_DENSITY_MACROPHAGE_IN_TUMOR_CORE,0.6187053343094874,0.5342663625958438,-0.19936928100902046,12.0,0.4,5,True,0.11627296288242071,0.9362295601801836,0.13557890254755667,1.3601266089699582,0.545318636967318,5,20,8,12,15
brca,ILC,PathoTME-FusionVal,mgpath,plip,16,brca_morph64_v1,feature,9,RELATIVE_AREA_TUMOR_CORE,0.5984944427567751,1.0018299103926482,-0.2047094822676665,37.0,0.2,5,True,0.02274942667103813,2.3651179775520497,0.0027761107314575964,0.17798452152243602,0.4238441773068945,47,1,64,51,22
brca,ILC,PathoTME-FusionVal,mgpath,plip,16,brca_morph64_v1,feature,10,AVG_ECCENTRICITY_CARCINOMA,0.5930743306370408,0.6446557047209552,0.10672095997782319,23.8,0.4,5,True,0.024993732569311512,1.3217188461413192,0.1327252279896334,1.2682423936850773,0.21769145279986343,46,6,10,15,42
brca,ILC,PathoTME-FusionVal,mgpath,plip,16,brca_morph64_v1,group,1,high/spatial_lymphocytes,2.2695590212983547,2.2131923384266567,-0.27310853633101073,4.6,0.8,5,True,0.3026451930030933,4.619501292065437,0.02629629987248644,4.511056959774644,1.8882953617761131,2,1,16,2,2
brca,ILC,PathoTME-FusionVal,mgpath,plip,16,brca_morph64_v1,group,2,high/cell_macrophage,2.1626021446708137,1.8040610934410966,-0.772872371259967,2.4,1.0,5,True,0.4642083344787371,2.495731494603663,0.5920736999863345,4.904670765898551,2.356326428386784,1,8,1,1,1
brca,ILC,PathoTME-FusionVal,mgpath,plip,16,brca_morph64_v1,group,3,low/carcinoma_geometry,1.468636667981699,1.6162097621820128,-0.23669233967817158,8.8,0.8,5,True,0.06841093607261631,2.2877962862683456,0.2975099435864615,3.9116175316074595,0.7778486423736116,15,9,7,3,10
brca,ILC,PathoTME-FusionVal,mgpath,plip,16,brca_morph64_v1,group,4,high/spatial_macrophages,1.413544112506354,1.3900117141367407,-0.4157132463767776,7.0,0.6,5,True,0.22785079917484888,1.7041699973757205,0.24819190404870303,3.6179532142343898,1.269554647698108,3,11,11,4,6
brca,ILC,PathoTME-FusionVal,mgpath,plip,16,brca_morph64_v1,group,5,low/stroma_geometry,1.257231594836665,1.195213151310061,0.04627004092606192,7.8,1.0,5,True,0.1254134444572188,2.6047364778198947,0.2545633746044045,2.4576742214380425,0.8437704558637654,8,7,10,5,9
brca,ILC,PathoTME-FusionVal,mgpath,plip,16,brca_morph64_v1,group,6,low/tissue_composition,1.177121365692893,0.9273183976195638,-0.3496213755676083,6.6,1.0,5,True,0.13120767536081201,2.0771076833193267,0.30816921036503986,2.0490462091411135,1.3200760502781723,7,10,5,6,5
brca,ILC,PathoTME-FusionVal,mgpath,plip,16,brca_morph64_v1,group,7,high/cell_granulocyte,1.1582508310807036,1.0928000543845113,-0.18715696791950734,7.0,0.6,5,True,0.22532982272037635,2.8758111263603165,0.4559572294669626,1.5966017891293682,0.6375541877264949,4,4,2,11,14
brca,ILC,PathoTME-FusionVal,mgpath,plip,16,brca_morph64_v1,group,8,low/compartment_extent,1.1490236921563173,1.3652721748341758,-0.3571129307924329,10.4,0.4,5,True,0.07876700446128895,3.14259726796545,0.07520717605360946,1.989675520296814,0.4588714920044241,13,2,15,7,15
brca,ILC,PathoTME-FusionVal,mgpath,plip,16,brca_morph64_v1,group,9,high/spatial_fibroblasts,1.1127097025952197,0.8411724132726124,0.013892805179610074,8.6,0.8,5,True,0.10425166111154219,1.6923163423602932,0.28458587219728854,1.7131777579817185,1.7692168793252563,10,12,9,9,3
brca,ILC,PathoTME-FusionVal,mgpath,plip,16,brca_morph64_v1,group,10,low/tumor_core_composition,1.0899429890450634,1.1420367245406942,-0.2395515200485586,9.0,0.6,5,True,0.11316122702846622,2.8713410693603083,0.2188493280123763,0.7179064423197102,1.5284568785044557,9,5,12,15,4
brca,ILC,PathoTME-FusionVal,mscpt,clip-rn50,16,brca_morph64_v1,feature,1,AVG_MIN_DISTANCE_OF_LYMPHOCYTES_AROUND_CARCINOMA_CELL_IN_WHOLE_TUMOR_REGION_20,1.2401884468539008,1.3439595338083141,-0.09223412973654875,15.8,0.8,5,True,0.12316792945712021,1.6965437383534663,0.021013086042203255,3.301631154064325,1.05858632635239,9,8,58,1,3
brca,ILC,PathoTME-FusionVal,mscpt,clip-rn50,16,brca_morph64_v1,feature,2,AVG_MIN_DISTANCE_OF_LYMPHOCYTES_AROUND_CARCINOMA_CELL_IN_WHOLE_TUMOR_REGION_40,1.0433321221447938,1.1890968361565917,-0.11046126992419938,18.2,0.8,5,True,0.12981661006625064,1.619324018305548,0.0044015020445169655,2.8412524235318934,0.6218660567757599,7,10,61,3,10
brca,ILC,PathoTME-FusionVal,mscpt,clip-rn50,16,brca_morph64_v1,feature,3,AVG_MIN_DISTANCE_OF_MACROPHAGES_AROUND_CARCINOMA_CELL_IN_WHOLE_TUMOR_REGION_20,0.9755654667685286,1.0577187899658382,-0.20105623674879122,15.2,0.2,5,True,0.0777854145773935,2.369131367023245,0.11323693625076467,1.8356875856958654,0.48198603029537485,26,4,17,11,18
brca,ILC,PathoTME-FusionVal,mscpt,clip-rn50,16,brca_morph64_v1,feature,4,RELATIVE_AREA_OUTER_INVASIVE_MARGIN,0.9404117866249194,1.040335861956301,-0.1881795250440828,17.0,0.4,5,True,0.09106111875259314,1.7249184488108262,0.06842698683771736,2.355706848742232,0.46194552998122856,16,7,38,5,19
brca,ILC,PathoTME-FusionVal,mscpt,clip-rn50,16,brca_morph64_v1,feature,5,AVG_SOLIDICITY_STROMA,0.8505142321341366,0.924830125571313,0.2517363502849416,17.0,0.2,5,True,0.08897422175766728,1.5350809900520366,0.09887730057055803,2.120509897829315,0.40912875046110536,17,12,26,7,23
brca,ILC,PathoTME-FusionVal,mscpt,clip-rn50,16,brca_morph64_v1,feature,6,CELL_DENSITY_MACROPHAGE_IN_INNER_INVASIVE_MARGIN,0.83439914880862,0.7431109782233936,-0.3299081618325558,8.8,0.4,5,True,0.16572566794719787,1.4500499190773677,0.1942674190439641,1.7862471506791038,0.5757055872954667,3,14,1,13,13
brca,ILC,PathoTME-FusionVal,mscpt,clip-rn50,16,brca_morph64_v1,feature,7,CELL_DENSITY_MACROPHAGE_IN_TUMOR_CORE,0.7795472764449916,0.732867120763734,-0.24685786740813853,12.0,0.4,5,True,0.15503061717656091,1.2483060802402446,0.13557890254755667,1.8135021452932774,0.545318636967318,5,20,8,12,15
brca,ILC,PathoTME-FusionVal,mscpt,clip-rn50,16,brca_morph64_v1,feature,8,RELATIVE_AREA_NECROSIS,0.7717438734862678,1.0248266285640597,-0.3481854031812876,17.6,0.6,5,True,0.08352074263688451,0.34544759114021634,0.1341048493218985,2.5433915586540348,0.7522546256783048,20,49,9,4,6
brca,ILC,PathoTME-FusionVal,mscpt,clip-rn50,16,brca_morph64_v1,feature,9,RELATIVE_AREA_TUMOR_CORE,0.7695512378064768,1.3435351345869888,-0.2819182247234417,37.0,0.2,5,True,0.03033256889471751,3.1534906367360667,0.0027761107314575964,0.2373126953632481,0.4238441773068945,47,1,64,51,22
brca,ILC,PathoTME-FusionVal,mscpt,clip-rn50,16,brca_morph64_v1,feature,10,AVG_ECCENTRICITY_CARCINOMA,0.7674046621300883,0.8784482913716448,0.1369630573251171,23.8,0.4,5,True,0.03332497675908202,1.7622917948550922,0.1327252279896334,1.6909898582467702,0.21769145279986343,46,6,10,15,42
brca,ILC,PathoTME-FusionVal,mscpt,clip-rn50,16,brca_morph64_v1,group,1,high/spatial_lymphocytes,2.8984392509545662,2.9932829562161647,-0.3499533002136022,4.6,0.8,5,True,0.4035269240041244,6.159335056087251,0.02629629987248644,6.014742613032859,1.8882953617761131,2,1,16,2,2
brca,ILC,PathoTME-FusionVal,mscpt,clip-rn50,16,brca_morph64_v1,group,2,high/cell_macrophage,2.6869095176695437,2.450895934758571,-0.974887443073694,2.4,1.0,5,True,0.6189444459716494,3.3276419928048835,0.5920736999863345,6.539561021198069,2.356326428386784,1,8,1,1,1
brca,ILC,PathoTME-FusionVal,mscpt,clip-rn50,16,brca_morph64_v1,group,3,low/carcinoma_geometry,1.88649165157826,2.2030588593027796,-0.31849215950477333,8.8,0.8,5,True,0.0912145814301551,3.0503950483577933,0.2975099435864615,5.215490042143279,0.7778486423736116,15,9,7,3,10
brca,ILC,PathoTME-FusionVal,mscpt,clip-rn50,16,brca_morph64_v1,group,4,high/spatial_macrophages,1.7835423798920178,1.890365994220733,-0.5323259738855108,7.0,0.6,5,True,0.3038010655664652,2.272226663167628,0.24819190404870303,4.823937618979186,1.269554647698108,3,11,11,4,6
brca,ILC,PathoTME-FusionVal,mscpt,clip-rn50,16,brca_morph64_v1,group,5,low/stroma_geometry,1.6030865377510088,1.6397371179983085,0.07701662100722399,7.8,1.0,5,True,0.1672179259429584,3.4729819704265266,0.2545633746044045,3.2768989619173894,0.8437704558637654,8,7,10,5,9
brca,ILC,PathoTME-FusionVal,mscpt,clip-rn50,16,brca_morph64_v1,group,6,low/compartment_extent,1.496426345004554,1.8456610477114723,-0.4688598526781641,10.4,0.4,5,True,0.10502267261505197,4.1901296906206005,0.07520717605360946,2.652900693729085,0.4588714920044241,13,2,15,7,15
brca,ILC,PathoTME-FusionVal,mscpt,clip-rn50,16,brca_morph64_v1,group,7,high/cell_granulocyte,1.471433680294708,1.5094359655151282,-0.2342412327861921,7.0,0.6,5,True,0.3004397636271685,3.8344148351470886,0.4559572294669626,2.1288023855058245,0.6375541877264949,4,4,2,11,14
brca,ILC,PathoTME-FusionVal,mscpt,clip-rn50,16,brca_morph64_v1,group,8,low/tissue_composition,1.4609454702143094,1.2580271232756746,-0.42489875315931613,6.6,1.0,5,True,0.17494356714774936,2.7694769110924353,0.30816921036503986,2.732061612188151,1.3200760502781723,7,10,5,6,5
brca,ILC,PathoTME-FusionVal,mscpt,clip-rn50,16,brca_morph64_v1,group,9,high/spatial_fibroblasts,1.34669275335879,1.0573209369742096,0.026935555135563595,8.6,0.8,5,True,0.1390022148153896,2.2564217898137247,0.28458587219728854,2.284237010642291,1.7692168793252563,10,12,9,9,3
brca,ILC,PathoTME-FusionVal,mscpt,clip-rn50,16,brca_morph64_v1,group,10,low/tumor_core_composition,1.3367702382922952,1.5037770365930112,-0.2721593560912952,9.0,0.6,5,True,0.15088163603795493,3.8284547591470774,0.2188493280123763,0.9572085897596136,1.5284568785044557,9,5,12,15,4
brca,ILC,PathoTME-FusionVal,mscpt,plip,16,brca_morph64_v1,feature,1,AVG_MIN_DISTANCE_OF_LYMPHOCYTES_AROUND_CARCINOMA_CELL_IN_WHOLE_TUMOR_REGION_20,0.9779629092872992,1.0116182160649783,-0.06982234530945529,15.8,0.8,5,True,0.061583964728560106,1.2724078037650997,0.021013086042203255,2.4762233655482433,1.05858632635239,9,8,58,1,3
brca,ILC,PathoTME-FusionVal,mscpt,plip,16,brca_morph64_v1,feature,2,AVG_MIN_DISTANCE_OF_LYMPHOCYTES_AROUND_CARCINOMA_CELL_IN_WHOLE_TUMOR_REGION_40,0.8073216390462967,0.8871308197483256,-0.08756931374212437,18.2,0.8,5,True,0.06490830503312532,1.2144930137291612,0.0044015020445169655,2.13093931764892,0.6218660567757599,7,10,61,3,10
brca,ILC,PathoTME-FusionVal,mscpt,plip,16,brca_morph64_v1,feature,3,AVG_MIN_DISTANCE_OF_MACROPHAGES_AROUND_CARCINOMA_CELL_IN_WHOLE_TUMOR_REGION_20,0.7575459776748339,0.7794133504207479,-0.16293445907750498,15.2,0.2,5,True,0.03889270728869675,1.7768485252674342,0.11323693625076467,1.3767656892718994,0.48198603029537485,26,4,17,11,18
brca,ILC,PathoTME-FusionVal,mscpt,plip,16,brca_morph64_v1,feature,4,RELATIVE_AREA_OUTER_INVASIVE_MARGIN,0.7272744098720072,0.7698460037008625,-0.15318033388277844,17.0,0.4,5,True,0.04553055937629657,1.2936888366081196,0.06842698683771736,1.766780136556674,0.46194552998122856,16,7,38,5,19
brca,ILC,PathoTME-FusionVal,mscpt,plip,16,brca_morph64_v1,feature,5,AVG_SOLIDICITY_STROMA,0.658837265564302,0.6825763920674769,0.18904188419676973,17.0,0.2,5,True,0.04448711087883364,1.151310742539027,0.09887730057055803,1.5903824233719863,0.40912875046110536,17,12,26,7,23
brca,ILC,PathoTME-FusionVal,mscpt,plip,16,brca_morph64_v1,feature,6,CELL_DENSITY_MACROPHAGE_IN_INNER_INVASIVE_MARGIN,0.6560117285260766,0.5481287751383327,-0.25914890915006195,8.8,0.4,5,True,0.08286283397359893,1.0875374393080257,0.1942674190439641,1.3396853630093277,0.5757055872954667,3,14,1,13,13
brca,ILC,PathoTME-FusionVal,mscpt,plip,16,brca_morph64_v1,feature,7,RELATIVE_AREA_NECROSIS,0.6189498417328668,0.7707088902076076,-0.2785249916894375,17.6,0.6,5,True,0.041760371318442256,0.2590856933551623,0.1341048493218985,1.907543668990526,0.7522546256783048,20,49,9,4,6
brca,ILC,PathoTME-FusionVal,mscpt,plip,16,brca_morph64_v1,feature,8,CELL_DENSITY_MACROPHAGE_IN_TUMOR_CORE,0.6109538034506594,0.5435784464395623,-0.195775308798232,12.0,0.4,5,True,0.07751530858828046,0.9362295601801836,0.13557890254755667,1.3601266089699582,0.545318636967318,5,20,8,12,15
brca,ILC,PathoTME-FusionVal,mscpt,plip,16,brca_morph64_v1,feature,9,RELATIVE_AREA_TUMOR_CORE,0.5969778143120392,1.0029245476790938,-0.20446105251790833,37.0,0.2,5,True,0.015166284447358755,2.3651179775520497,0.0027761107314575964,0.17798452152243602,0.4238441773068945,47,1,64,51,22
brca,ILC,PathoTME-FusionVal,mscpt,plip,16,brca_morph64_v1,feature,10,AVG_ECCENTRICITY_CARCINOMA,0.5914080817990868,0.6464992410252373,0.10636685549784142,23.8,0.4,5,True,0.01666248837954101,1.3217188461413192,0.1327252279896334,1.2682423936850773,0.21769145279986343,46,6,10,15,42
brca,ILC,PathoTME-FusionVal,mscpt,plip,16,brca_morph64_v1,group,1,high/spatial_lymphocytes,2.2493826750981483,2.235949146886966,-0.2733800546423696,4.6,0.8,5,True,0.2017634620020622,4.619501292065437,0.02629629987248644,4.511056959774644,1.8882953617761131,2,1,16,2,2
brca,ILC,PathoTME-FusionVal,mscpt,plip,16,brca_morph64_v1,group,2,high/cell_macrophage,2.131654922372231,1.8414196992250984,-0.7573548760174403,2.4,1.0,5,True,0.3094722229858247,2.495731494603663,0.5920736999863345,4.904670765898551,2.356326428386784,1,8,1,1,1
brca,ILC,PathoTME-FusionVal,mscpt,plip,16,brca_morph64_v1,group,3,low/carcinoma_geometry,1.4640759389101912,1.6211733781820605,-0.23664083372864325,8.8,0.8,5,True,0.04560729071507755,2.2877962862683456,0.2975099435864615,3.9116175316074595,0.7778486423736116,15,9,7,3,10
brca,ILC,PathoTME-FusionVal,mscpt,plip,16,brca_morph64_v1,group,4,high/spatial_macrophages,1.3983540592280306,1.4065251919299187,-0.40464319327409903,7.0,0.6,5,True,0.1519005327832326,1.7041699973757205,0.24819190404870303,3.6179532142343898,1.269554647698108,3,11,11,4,6
brca,ILC,PathoTME-FusionVal,mscpt,plip,16,brca_morph64_v1,group,5,low/stroma_geometry,1.2488706985395173,1.2052143110067048,0.049004484872621386,7.8,1.0,5,True,0.0836089629714792,2.6047364778198947,0.2545633746044045,2.4576742214380425,0.8437704558637654,8,7,10,5,9
brca,ILC,PathoTME-FusionVal,mscpt,plip,16,brca_morph64_v1,group,6,low/tissue_composition,1.1683741873355054,0.9397733557614918,-0.34769016669157293,6.6,1.0,5,True,0.08747178357387468,2.0771076833193267,0.30816921036503986,2.0490462091411135,1.3200760502781723,7,10,5,6,5
brca,ILC,PathoTME-FusionVal,mscpt,plip,16,brca_morph64_v1,group,7,low/compartment_extent,1.1437725585255647,1.3704583669758865,-0.3558994309757998,10.4,0.4,5,True,0.05251133630752598,3.14259726796545,0.07520717605360946,1.989675520296814,0.4588714920044241,13,2,15,7,15
brca,ILC,PathoTME-FusionVal,mscpt,plip,16,brca_morph64_v1,group,8,high/cell_granulocyte,1.1432288428993451,1.1092231878263814,-0.1823386885940523,7.0,0.6,5,True,0.15021988181358426,2.8758111263603165,0.4559572294669626,1.5966017891293682,0.6375541877264949,4,4,2,11,14
brca,ILC,PathoTME-FusionVal,mscpt,plip,16,brca_morph64_v1,group,9,high/spatial_fibroblasts,1.1057595918544503,0.8516658891324361,0.017759067260823252,8.6,0.8,5,True,0.0695011074076948,1.6923163423602932,0.28458587219728854,1.7131777579817185,1.7692168793252563,10,12,9,9,3
brca,ILC,PathoTME-FusionVal,mscpt,plip,16,brca_morph64_v1,group,10,low/tumor_core_composition,1.0823989072431657,1.1501977003276191,-0.23654333401738503,9.0,0.6,5,True,0.07544081801897747,2.8713410693603083,0.2188493280123763,0.7179064423197102,1.5284568785044557,9,5,12,15,4
brca,ILC,PathoTME-FusionVal,muse,clip-rn50,16,brca_morph64_v1,feature,1,AVG_MIN_DISTANCE_OF_LYMPHOCYTES_AROUND_CARCINOMA_CELL_IN_WHOLE_TUMOR_REGION_20,1.1862084762341711,1.3591665844463956,-0.09010959123221493,15.8,0.8,5,True,0.12316792945712021,1.6965437383534663,0.01575981453165244,3.301631154064325,0.7939397447642923,9,8,58,1,3
brca,ILC,PathoTME-FusionVal,muse,clip-rn50,16,brca_morph64_v1,feature,2,AVG_MIN_DISTANCE_OF_LYMPHOCYTES_AROUND_CARCINOMA_CELL_IN_WHOLE_TUMOR_REGION_40,1.01201874420378,1.2050319187052805,-0.10560041756737541,18.2,0.8,5,True,0.12981661006625064,1.619324018305548,0.003301126533387724,2.8412524235318934,0.4663995425818199,7,10,61,3,10
brca,ILC,PathoTME-FusionVal,muse,clip-rn50,16,brca_morph64_v1,feature,3,AVG_MIN_DISTANCE_OF_MACROPHAGES_AROUND_CARCINOMA_CELL_IN_WHOLE_TUMOR_REGION_20,0.9458043184412217,1.0786265877191221,-0.1870849083601591,15.2,0.2,5,True,0.0777854145773935,2.369131367023245,0.08492770218807351,1.8356875856958654,0.3614895227215312,26,4,17,11,18
brca,ILC,PathoTME-FusionVal,muse,clip-rn50,16,brca_morph64_v1,feature,4,RELATIVE_AREA_OUTER_INVASIVE_MARGIN,0.9138931607839723,1.0582597390164168,-0.17507141668143839,17.0,0.4,5,True,0.09106111875259314,1.7249184488108262,0.05132024012828803,2.355706848742232,0.3464591474859215,16,7,38,5,19
brca,ILC,PathoTME-FusionVal,muse,clip-rn50,16,brca_morph64_v1,feature,5,AVG_SOLIDICITY_STROMA,0.8251139295825534,0.942939754099204,0.2519736967617079,17.0,0.2,5,True,0.08897422175766728,1.5350809900520366,0.07415797542791852,2.120509897829315,0.306846562845829,17,12,26,7,23
brca,ILC,PathoTME-FusionVal,muse,clip-rn50,16,brca_morph64_v1,feature,6,CELL_DENSITY_MACROPHAGE_IN_INNER_INVASIVE_MARGIN,0.7959004984916485,0.7683037411080426,-0.3151055721646309,8.8,0.4,5,True,0.16572566794719787,1.4500499190773677,0.14570056428297307,1.7862471506791038,0.4317791904716,3,14,1,13,13
brca,ILC,PathoTME-FusionVal,muse,clip-rn50,16,brca_morph64_v1,feature,7,AVG_ECCENTRICITY_CARCINOMA,0.7498838280906134,0.8931918146988768,0.13296439034113178,23.8,0.4,5,True,0.03332497675908202,1.7622917948550922,0.09954392099222506,1.6909898582467702,0.16326858959989757,46,6,10,15,42
brca,ILC,PathoTME-FusionVal,muse,clip-rn50,16,brca_morph64_v1,feature,8,RELATIVE_AREA_TUMOR_CORE,0.7482202234045593,1.3512611779226504,-0.28864741099835645,37.0,0.2,5,True,0.03033256889471751,3.1534906367360667,0.0020820830485931974,0.2373126953632481,0.3178831329801709,47,1,64,51,22
brca,ILC,PathoTME-FusionVal,muse,clip-rn50,16,brca_morph64_v1,feature,9,CELL_DENSITY_MACROPHAGE_IN_TUMOR_CORE,0.7455023994692478,0.7532985979797684,-0.23263198695522197,12.0,0.4,5,True,0.15503061717656091,1.2483060802402446,0.10168417691066749,1.8135021452932774,0.40898897772548853,5,20,8,12,15
brca,ILC,PathoTME-FusionVal,muse,clip-rn50,16,brca_morph64_v1,feature,10,RELATIVE_AREA_NECROSIS,0.7274258997362576,1.0341464701970935,-0.32940726601845993,17.6,0.6,5,True,0.08352074263688451,0.34544759114021634,0.10057863699142386,2.5433915586540348,0.5641909692587286,20,49,9,4,6
brca,ILC,PathoTME-FusionVal,muse,clip-rn50,16,brca_morph64_v1,group,1,high/spatial_lymphocytes,2.802709667872137,3.041690975604464,-0.3393097390427931,4.6,0.8,5,True,0.4035269240041244,6.159335056087251,0.019722224904364833,6.014742613032859,1.416221521332085,2,1,16,2,2
brca,ILC,PathoTME-FusionVal,muse,clip-rn50,16,brca_morph64_v1,group,2,high/cell_macrophage,2.5394895112508884,2.5148288344491374,-0.9331806541189976,2.4,1.0,5,True,0.6189444459716494,3.3276419928048835,0.4440552749897508,6.539561021198069,1.767244821290088,1,8,1,1,1
brca,ILC,PathoTME-FusionVal,muse,clip-rn50,16,brca_morph64_v1,group,3,low/carcinoma_geometry,1.8327237222802566,2.2422261873170566,-0.3206689394551817,8.8,0.8,5,True,0.0912145814301551,3.0503950483577933,0.2231324576898461,5.215490042143279,0.5833864817802087,15,9,7,3,10
brca,ILC,PathoTME-FusionVal,muse,clip-rn50,16,brca_morph64_v1,group,4,high/spatial_macrophages,1.7076550523046774,1.929152922019946,-0.5158572079228663,7.0,0.6,5,True,0.3038010655664652,2.272226663167628,0.18614392803652732,4.823937618979186,0.9521659857735812,3,11,11,4,6
brca,ILC,PathoTME-FusionVal,muse,clip-rn50,16,brca_morph64_v1,group,5,low/stroma_geometry,1.5481698462276001,1.679315748656604,0.08850904583658006,7.8,1.0,5,True,0.1672179259429584,3.4729819704265266,0.19092253095330333,3.2768989619173894,0.6328278418978242,8,7,10,5,9
brca,ILC,PathoTME-FusionVal,muse,clip-rn50,16,brca_morph64_v1,group,6,low/compartment_extent,1.4697224116016525,1.8659650399690675,-0.4633918113943545,10.4,0.4,5,True,0.10502267261505197,4.1901296906206005,0.0564053820402071,2.652900693729085,0.3441536190033181,13,2,15,7,15
brca,ILC,PathoTME-FusionVal,muse,clip-rn50,16,brca_morph64_v1,group,7,high/cell_granulocyte,1.4167581094350352,1.551963877852216,-0.2227651894563288,7.0,0.6,5,True,0.3004397636271685,3.8344148351470886,0.341967922100222,2.1288023855058245,0.47816564079487117,4,4,2,11,14
brca,ILC,PathoTME-FusionVal,muse,clip-rn50,16,brca_morph64_v1,group,8,low/tissue_composition,1.3795332071821491,1.2925596216785051,-0.3939514424611949,6.6,1.0,5,True,0.17494356714774936,2.7694769110924353,0.23112690777377987,2.732061612188151,0.9900570377086292,7,10,5,6,5
brca,ILC,PathoTME-FusionVal,muse,clip-rn50,16,brca_morph64_v1,group,9,high/cell_plasma_cell,1.2570311031069037,1.5682286081432666,-0.10722762734628895,9.2,0.6,5,True,0.03394203321749175,3.8953533082644136,0.21586564509531286,1.4066603853763893,0.7333341435809116,16,3,8,12,7
brca,ILC,PathoTME-FusionVal,muse,clip-rn50,16,brca_morph64_v1,group,10,low/tumor_core_composition,1.2494049279664539,1.5109647969201583,-0.23672735311120802,9.0,0.6,5,True,0.15088163603795493,3.8284547591470774,0.16413699600928222,0.9572085897596136,1.1463426588783416,9,5,12,15,4
brca,ILC,PathoTME-FusionVal,muse,plip,16,brca_morph64_v1,feature,1,AVG_MIN_DISTANCE_OF_LYMPHOCYTES_AROUND_CARCINOMA_CELL_IN_WHOLE_TUMOR_REGION_20,0.9830706514580452,1.0059760116516556,-0.07066608617267514,15.8,0.8,5,True,0.09237594709284017,1.2724078037650997,0.01575981453165244,2.4762233655482433,1.05858632635239,9,8,58,1,3
brca,ILC,PathoTME-FusionVal,muse,plip,16,brca_morph64_v1,feature,2,AVG_MIN_DISTANCE_OF_LYMPHOCYTES_AROUND_CARCINOMA_CELL_IN_WHOLE_TUMOR_REGION_40,0.8135923944473834,0.8806872987235863,-0.08760343800535644,18.2,0.8,5,True,0.09736245754968799,1.2144930137291612,0.003301126533387724,2.13093931764892,0.6218660567757599,7,10,61,3,10
brca,ILC,PathoTME-FusionVal,muse,plip,16,brca_morph64_v1,feature,3,AVG_MIN_DISTANCE_OF_MACROPHAGES_AROUND_CARCINOMA_CELL_IN_WHOLE_TUMOR_REGION_20,0.7557734015911654,0.7809663831061119,-0.16193525705883752,15.2,0.2,5,True,0.05833906093304513,1.7768485252674342,0.08492770218807351,1.3767656892718994,0.48198603029537485,26,4,17,11,18
brca,ILC,PathoTME-FusionVal,muse,plip,16,brca_morph64_v1,feature,4,RELATIVE_AREA_OUTER_INVASIVE_MARGIN,0.728406116467751,0.7685956781213897,-0.1533872129227953,17.0,0.4,5,True,0.06829583906444486,1.2936888366081196,0.05132024012828803,1.766780136556674,0.46194552998122856,16,7,38,5,19
brca,ILC,PathoTME-FusionVal,muse,plip,16,brca_morph64_v1,feature,5,AVG_SOLIDICITY_STROMA,0.6583421116236574,0.6828432690543905,0.1912469349825873,17.0,0.2,5,True,0.06673066631825046,1.151310742539027,0.07415797542791852,1.5903824233719863,0.40912875046110536,17,12,26,7,23
brca,ILC,PathoTME-FusionVal,muse,plip,16,brca_morph64_v1,feature,6,CELL_DENSITY_MACROPHAGE_IN_INNER_INVASIVE_MARGIN,0.6545846409712384,0.5484532640249005,-0.25663133514974407,8.8,0.4,5,True,0.1242942509603984,1.0875374393080257,0.14570056428297307,1.3396853630093277,0.5757055872954667,3,14,1,13,13
brca,ILC,PathoTME-FusionVal,muse,plip,16,brca_morph64_v1,feature,7,RELATIVE_AREA_NECROSIS,0.6164206363986161,0.7723184518332965,-0.27513968661963,17.6,0.6,5,True,0.06264055697766338,0.2590856933551623,0.10057863699142386,1.907543668990526,0.7522546256783048,20,49,9,4,6
brca,ILC,PathoTME-FusionVal,muse,plip,16,brca_morph64_v1,feature,8,CELL_DENSITY_MACROPHAGE_IN_TUMOR_CORE,0.6119263891821095,0.5420867417792503,-0.19614800389801906,12.0,0.4,5,True,0.11627296288242071,0.9362295601801836,0.10168417691066749,1.3601266089699582,0.545318636967318,5,20,8,12,15
brca,ILC,PathoTME-FusionVal,muse,plip,16,brca_morph64_v1,feature,9,RELATIVE_AREA_TUMOR_CORE,0.5983556372202022,1.0019331256122008,-0.2046582899834807,37.0,0.2,5,True,0.02274942667103813,2.3651179775520497,0.0020820830485931974,0.17798452152243602,0.4238441773068945,47,1,64,51,22
brca,ILC,PathoTME-FusionVal,muse,plip,16,brca_morph64_v1,feature,10,AVG_ECCENTRICITY_CARCINOMA,0.5864380692375593,0.6507216531717268,0.10729288911546295,23.8,0.4,5,True,0.024993732569311512,1.3217188461413192,0.09954392099222506,1.2682423936850773,0.21769145279986343,46,6,10,15,42
brca,ILC,PathoTME-FusionVal,muse,plip,16,brca_morph64_v1,group,1,high/spatial_lymphocytes,2.2682442063047303,2.2148595122974983,-0.2729381553363219,4.6,0.8,5,True,0.3026451930030933,4.619501292065437,0.019722224904364833,4.511056959774644,1.8882953617761131,2,1,16,2,2
brca,ILC,PathoTME-FusionVal,muse,plip,16,brca_morph64_v1,group,2,high/cell_macrophage,2.132998459671497,1.8371858624246065,-0.7559184181192246,2.4,1.0,5,True,0.4642083344787371,2.495731494603663,0.4440552749897508,4.904670765898551,2.356326428386784,1,8,1,1,1
brca,ILC,PathoTME-FusionVal,muse,plip,16,brca_morph64_v1,group,3,low/carcinoma_geometry,1.4537611708023759,1.6299672168996306,-0.2344057729218776,8.8,0.8,5,True,0.06841093607261631,2.2877962862683456,0.2231324576898461,3.9116175316074595,0.7778486423736116,15,9,7,3,10
brca,ILC,PathoTME-FusionVal,muse,plip,16,brca_morph64_v1,group,4,high/spatial_macrophages,1.401134517303919,1.4032307111237479,-0.4080129817306751,7.0,0.6,5,True,0.22785079917484888,1.7041699973757205,0.18614392803652732,3.6179532142343898,1.269554647698108,3,11,11,4,6
brca,ILC,PathoTME-FusionVal,muse,plip,16,brca_morph64_v1,group,5,low/stroma_geometry,1.244503426106445,1.208821671786007,0.05389173111083909,7.8,1.0,5,True,0.1254134444572188,2.6047364778198947,0.19092253095330333,2.4576742214380425,0.8437704558637654,8,7,10,5,9
brca,ILC,PathoTME-FusionVal,muse,plip,16,brca_morph64_v1,group,6,low/tissue_composition,1.1617129051746409,0.945822156266957,-0.3434586169584313,6.6,1.0,5,True,0.13120767536081201,2.0771076833193267,0.23112690777377987,2.0490462091411135,1.3200760502781723,7,10,5,6,5
brca,ILC,PathoTME-FusionVal,muse,plip,16,brca_morph64_v1,group,7,low/compartment_extent,1.1452633333536368,1.3689900114098865,-0.3571266580554889,10.4,0.4,5,True,0.07876700446128895,3.14259726796545,0.0564053820402071,1.989675520296814,0.4588714920044241,13,2,15,7,15
brca,ILC,PathoTME-FusionVal,muse,plip,16,brca_morph64_v1,group,8,high/cell_granulocyte,1.1354529696073554,1.1121320298910569,-0.18302721951731662,7.0,0.6,5,True,0.22532982272037635,2.8758111263603165,0.341967922100222,1.5966017891293682,0.6375541877264949,4,4,2,11,14
brca,ILC,PathoTME-FusionVal,muse,plip,16,brca_morph64_v1,group,9,high/spatial_fibroblasts,1.0984804089853553,0.8590939620636346,0.02300331930866816,8.6,0.8,5,True,0.10425166111154219,1.6923163423602932,0.21343940414796642,1.7131777579817185,1.7692168793252563,10,12,9,9,3
brca,ILC,PathoTME-FusionVal,muse,plip,16,brca_morph64_v1,group,10,low/tumor_core_composition,1.0790005226444446,1.1526822419246279,-0.23257495006993817,9.0,0.6,5,True,0.11316122702846622,2.8713410693603083,0.16413699600928222,0.7179064423197102,1.5284568785044557,9,5,12,15,4
brca,ILC,PathoTME-FusionVal,vila_mil,clip-rn50,16,brca_morph64_v1,feature,1,AVG_MIN_DISTANCE_OF_LYMPHOCYTES_AROUND_CARCINOMA_CELL_IN_WHOLE_TUMOR_REGION_20,0.9902797022330112,0.9979543114376411,-0.07277792630403543,15.8,0.8,5,True,0.12316792945712021,1.2724078037650997,0.021013086042203255,2.4762233655482433,1.05858632635239,9,8,58,1,3
brca,ILC,PathoTME-FusionVal,vila_mil,clip-rn50,16,brca_morph64_v1,feature,2,AVG_MIN_DISTANCE_OF_LYMPHOCYTES_AROUND_CARCINOMA_CELL_IN_WHOLE_TUMOR_REGION_40,0.8203033000529217,0.8739275218159671,-0.08784429585782264,18.2,0.8,5,True,0.12981661006625064,1.2144930137291612,0.0044015020445169655,2.13093931764892,0.6218660567757599,7,10,61,3,10
brca,ILC,PathoTME-FusionVal,vila_mil,clip-rn50,16,brca_morph64_v1,feature,3,AVG_MIN_DISTANCE_OF_MACROPHAGES_AROUND_CARCINOMA_CELL_IN_WHOLE_TUMOR_REGION_20,0.7653245191325733,0.7705923135527293,-0.1665925528229463,15.2,0.2,5,True,0.0777854145773935,1.7768485252674342,0.11323693625076467,1.3767656892718994,0.48198603029537485,26,4,17,11,18
brca,ILC,PathoTME-FusionVal,vila_mil,clip-rn50,16,brca_morph64_v1,feature,4,RELATIVE_AREA_OUTER_INVASIVE_MARGIN,0.7363805217472665,0.7599719641864443,-0.15530517040863445,17.0,0.4,5,True,0.09106111875259314,1.2936888366081196,0.06842698683771736,1.766780136556674,0.46194552998122856,16,7,38,5,19
brca,ILC,PathoTME-FusionVal,vila_mil,clip-rn50,16,brca_morph64_v1,feature,5,CELL_DENSITY_MACROPHAGE_IN_INNER_INVASIVE_MARGIN,0.6725842953207964,0.527325357952516,-0.26531851293462144,8.8,0.4,5,True,0.16572566794719787,1.0875374393080257,0.1942674190439641,1.3396853630093277,0.5757055872954667,3,14,1,13,13
brca,ILC,PathoTME-FusionVal,vila_mil,clip-rn50,16,brca_morph64_v1,feature,6,AVG_SOLIDICITY_STROMA,0.6677346877400688,0.6727860134468928,0.1880879482771104,17.0,0.2,5,True,0.08897422175766728,1.151310742539027,0.09887730057055803,1.5903824233719863,0.40912875046110536,17,12,26,7,23
brca,ILC,PathoTME-FusionVal,vila_mil,clip-rn50,16,brca_morph64_v1,feature,7,RELATIVE_AREA_NECROSIS,0.6273019159965553,0.7630787350364131,-0.28130938740814937,17.6,0.6,5,True,0.08352074263688451,0.2590856933551623,0.1341048493218985,1.907543668990526,0.7522546256783048,20,49,9,4,6
brca,ILC,PathoTME-FusionVal,vila_mil,clip-rn50,16,brca_morph64_v1,feature,8,CELL_DENSITY_MACROPHAGE_IN_TUMOR_CORE,0.6264568651683154,0.5253612350332796,-0.20296325321980896,12.0,0.4,5,True,0.15503061717656091,0.9362295601801836,0.13557890254755667,1.3601266089699582,0.545318636967318,5,20,8,12,15
brca,ILC,PathoTME-FusionVal,vila_mil,clip-rn50,16,brca_morph64_v1,feature,9,RELATIVE_AREA_TUMOR_CORE,0.600011071201511,1.0007455680620136,-0.2049579120174247,37.0,0.2,5,True,0.03033256889471751,2.3651179775520497,0.0027761107314575964,0.17798452152243602,0.4238441773068945,47,1,64,51,22
brca,ILC,PathoTME-FusionVal,vila_mil,clip-rn50,16,brca_morph64_v1,feature,10,AVG_ECCENTRICITY_CARCINOMA,0.594740579474995,0.6428284767060609,0.10707506445780494,23.8,0.4,5,True,0.03332497675908202,1.3217188461413192,0.1327252279896334,1.2682423936850773,0.21769145279986343,46,6,10,15,42
brca,ILC,PathoTME-FusionVal,vila_mil,clip-rn50,16,brca_morph64_v1,group,1,high/spatial_lymphocytes,2.2897353674985608,2.1911282289579175,-0.272837018019652,4.6,0.8,5,True,0.4035269240041244,4.619501292065437,0.02629629987248644,4.511056959774644,1.8882953617761131,2,1,16,2,2
brca,ILC,PathoTME-FusionVal,vila_mil,clip-rn50,16,brca_morph64_v1,group,2,high/cell_macrophage,2.193549366969396,1.768621964898519,-0.7883898665024937,2.4,1.0,5,True,0.6189444459716494,2.495731494603663,0.5920736999863345,4.904670765898551,2.356326428386784,1,8,1,1,1
brca,ILC,PathoTME-FusionVal,vila_mil,clip-rn50,16,brca_morph64_v1,group,3,low/carcinoma_geometry,1.4731973970532066,1.6112954015683405,-0.23674384562769996,8.8,0.8,5,True,0.0912145814301551,2.2877962862683456,0.2975099435864615,3.9116175316074595,0.7778486423736116,15,9,7,3,10
brca,ILC,PathoTME-FusionVal,vila_mil,clip-rn50,16,brca_morph64_v1,group,4,high/spatial_macrophages,1.4287341657846773,1.3741395098486937,-0.42678329947945615,7.0,0.6,5,True,0.3038010655664652,1.7041699973757205,0.24819190404870303,3.6179532142343898,1.269554647698108,3,11,11,4,6
brca,ILC,PathoTME-FusionVal,vila_mil,clip-rn50,16,brca_morph64_v1,group,5,low/stroma_geometry,1.265592491133813,1.1854224835655027,0.04353559697950246,7.8,1.0,5,True,0.1672179259429584,2.6047364778198947,0.2545633746044045,2.4576742214380425,0.8437704558637654,8,7,10,5,9
brca,ILC,PathoTME-FusionVal,vila_mil,clip-rn50,16,brca_morph64_v1,group,6,low/tissue_composition,1.1858685440502803,0.9151120107508016,-0.3515525844436437,6.6,1.0,5,True,0.17494356714774936,2.0771076833193267,0.30816921036503986,2.0490462091411135,1.3200760502781723,7,10,5,6,5
brca,ILC,PathoTME-FusionVal,vila_mil,clip-rn50,16,brca_morph64_v1,group,7,high/cell_granulocyte,1.173272819262062,1.0771742842284486,-0.19197524724496234,7.0,0.6,5,True,0.3004397636271685,2.8758111263603165,0.4559572294669626,1.5966017891293682,0.6375541877264949,4,4,2,11,14
brca,ILC,PathoTME-FusionVal,vila_mil,clip-rn50,16,brca_morph64_v1,group,8,low/compartment_extent,1.1542748257870699,1.3601675746696607,-0.358326430609066,10.4,0.4,5,True,0.10502267261505197,3.14259726796545,0.07520717605360946,1.989675520296814,0.4588714920044241,13,2,15,7,15
brca,ILC,PathoTME-FusionVal,vila_mil,clip-rn50,16,brca_morph64_v1,group,9,high/spatial_fibroblasts,1.1196598133359892,0.8308371148324368,0.010026543098396902,8.6,0.8,5,True,0.1390022148153896,1.6923163423602932,0.28458587219728854,1.7131777579817185,1.7692168793252563,10,12,9,9,3
brca,ILC,PathoTME-FusionVal,vila_mil,clip-rn50,16,brca_morph64_v1,group,10,low/tumor_core_composition,1.097487070846961,1.1340679619240936,-0.24255970607973215,9.0,0.6,5,True,0.15088163603795493,2.8713410693603083,0.2188493280123763,0.7179064423197102,1.5284568785044557,9,5,12,15,4
brca,ILC,PathoTME-FusionVal,vila_mil,plip,16,brca_morph64_v1,feature,1,AVG_MIN_DISTANCE_OF_LYMPHOCYTES_AROUND_CARCINOMA_CELL_IN_WHOLE_TUMOR_REGION_20,1.096273547145752,1.336976685418963,-0.0826135823302004,15.8,0.8,5,True,0.09237594709284017,1.2724078037650997,0.021013086042203255,3.301631154064325,0.7939397447642923,9,8,58,1,3
brca,ILC,PathoTME-FusionVal,vila_mil,plip,16,brca_morph64_v1,feature,2,AVG_MIN_DISTANCE_OF_LYMPHOCYTES_AROUND_CARCINOMA_CELL_IN_WHOLE_TUMOR_REGION_40,0.9247817878874158,1.1724578023603305,-0.09623258396404735,18.2,0.8,5,True,0.09736245754968799,1.2144930137291612,0.0044015020445169655,2.8412524235318934,0.4663995425818199,7,10,61,3,10
brca,ILC,PathoTME-FusionVal,vila_mil,plip,16,brca_morph64_v1,feature,3,AVG_MIN_DISTANCE_OF_MACROPHAGES_AROUND_CARCINOMA_CELL_IN_WHOLE_TUMOR_REGION_20,0.8291203261737282,0.8995328985715689,-0.17299638440689774,15.2,0.2,5,True,0.05833906093304513,1.7768485252674342,0.11323693625076467,1.8356875856958654,0.3614895227215312,26,4,17,11,18
brca,ILC,PathoTME-FusionVal,vila_mil,plip,16,brca_morph64_v1,feature,4,RELATIVE_AREA_OUTER_INVASIVE_MARGIN,0.8265155317476871,0.9920592796189897,-0.1387015624042159,17.0,0.4,5,True,0.06829583906444486,1.2936888366081196,0.06842698683771736,2.355706848742232,0.3464591474859215,16,7,38,5,19
brca,ILC,PathoTME-FusionVal,vila_mil,plip,16,brca_morph64_v1,feature,5,AVG_SOLIDICITY_STROMA,0.7488550340205959,0.8841017840601861,0.22813905743403065,17.0,0.2,5,True,0.06673066631825046,1.151310742539027,0.09887730057055803,2.120509897829315,0.306846562845829,17,12,26,7,23
brca,ILC,PathoTME-FusionVal,vila_mil,plip,16,brca_morph64_v1,feature,6,CELL_DENSITY_MACROPHAGE_IN_INNER_INVASIVE_MARGIN,0.7248250900926184,0.7046597883580298,-0.28382293683642223,8.8,0.4,5,True,0.1242942509603984,1.0875374393080257,0.1942674190439641,1.7862471506791038,0.4317791904716,3,14,1,13,13
brca,ILC,PathoTME-FusionVal,vila_mil,plip,16,brca_morph64_v1,feature,7,RELATIVE_AREA_NECROSIS,0.7126827255134975,1.0412254895903208,-0.3186677849631911,17.6,0.6,5,True,0.06264055697766338,0.2590856933551623,0.1341048493218985,2.5433915586540348,0.5641909692587286,20,49,9,4,6
brca,ILC,PathoTME-FusionVal,vila_mil,plip,16,brca_morph64_v1,feature,8,CELL_DENSITY_MACROPHAGE_IN_TUMOR_CORE,0.6821145097257854,0.71380806647527,-0.22572799740922095,12.0,0.4,5,True,0.11627296288242071,0.9362295601801836,0.13557890254755667,1.8135021452932774,0.40898897772548853,5,20,8,12,15
brca,ILC,PathoTME-FusionVal,vila_mil,plip,16,brca_morph64_v1,feature,9,LARGEST_ROUNDNESS_CARCINOMA,0.6791823147878289,1.430225271849323,-0.4859053430792354,43.2,0.2,5,True,0.025122533924948377,0.030282369332763882,0.03316170606708525,3.2374507459407242,0.06989421867362243,45,63,52,2,54
brca,ILC,PathoTME-FusionVal,vila_mil,plip,16,brca_morph64_v1,feature,10,AVG_ECCENTRICITY_CARCINOMA,0.6667392509093865,0.7791948682109486,0.12666141411192622,23.8,0.4,5,True,0.024993732569311512,1.3217188461413192,0.1327252279896334,1.6909898582467702,0.16326858959989757,46,6,10,15,42
brca,ILC,PathoTME-FusionVal,vila_mil,plip,16,brca_morph64_v1,group,1,high/spatial_lymphocytes,2.4758813838611924,2.6909546056833884,-0.3026510161508823,4.6,0.8,5,True,0.3026451930030933,4.619501292065437,0.02629629987248644,6.014742613032859,1.416221521332085,2,1,16,2,2
brca,ILC,PathoTME-FusionVal,vila_mil,plip,16,brca_morph64_v1,group,2,high/cell_macrophage,2.3717638743113785,2.4777716585714082,-0.8886039446044289,2.4,1.0,5,True,0.4642083344787371,2.495731494603663,0.5920736999863345,6.539561021198069,1.767244821290088,1,8,1,1,1
brca,ILC,PathoTME-FusionVal,vila_mil,plip,16,brca_morph64_v1,group,3,low/carcinoma_geometry,1.6905187379701825,2.155203715420452,-0.3537184098433388,8.8,0.8,5,True,0.06841093607261631,2.2877962862683456,0.2975099435864615,5.215490042143279,0.5833864817802087,15,9,7,3,10
brca,ILC,PathoTME-FusionVal,vila_mil,plip,16,brca_morph64_v1,group,4,high/spatial_macrophages,1.591263261070408,1.9061814560778383,-0.4992144536787091,7.0,0.6,5,True,0.22785079917484888,1.7041699973757205,0.24819190404870303,4.823937618979186,0.9521659857735812,3,11,11,4,6
brca,ILC,PathoTME-FusionVal,vila_mil,plip,16,brca_morph64_v1,group,5,low/stroma_geometry,1.3788880201393463,1.4574858649660627,0.07861000656781465,7.8,1.0,5,True,0.1254134444572188,2.6047364778198947,0.2545633746044045,3.2768989619173894,0.6328278418978242,8,7,10,5,9
brca,ILC,PathoTME-FusionVal,vila_mil,plip,16,brca_morph64_v1,group,6,low/compartment_extent,1.2587251522425504,1.5101454159092476,-0.35706781671526777,10.4,0.4,5,True,0.07876700446128895,3.14259726796545,0.07520717605360946,2.652900693729085,0.3441536190033181,13,2,15,7,15
brca,ILC,PathoTME-FusionVal,vila_mil,plip,16,brca_morph64_v1,group,7,low/tissue_composition,1.2477206437883919,1.1277078090561283,-0.3708849257882142,6.6,1.0,5,True,0.13120767536081201,2.0771076833193267,0.30816921036503986,2.732061612188151,0.9900570377086292,7,10,5,6,5
brca,ILC,PathoTME-FusionVal,vila_mil,plip,16,brca_morph64_v1,group,8,high/cell_granulocyte,1.2328132409696702,1.1927132618141636,-0.19919705023555917,7.0,0.6,5,True,0.22532982272037635,2.8758111263603165,0.4559572294669626,2.1288023855058245,0.47816564079487117,4,4,2,11,14
brca,ILC,PathoTME-FusionVal,vila_mil,plip,16,brca_morph64_v1,group,9,high/spatial_fibroblasts,1.1384607091610714,0.9292152771713071,0.023921051789267806,8.6,0.8,5,True,0.10425166111154219,1.6923163423602932,0.28458587219728854,2.284237010642291,1.3269126594939422,10,12,9,9,3
brca,ILC,PathoTME-FusionVal,vila_mil,plip,16,brca_morph64_v1,group,10,high/cell_plasma_cell,1.0749573790391627,1.1573184781776988,-0.07290505682045478,9.2,0.6,5,True,0.02545652491311881,2.9215149811983103,0.28782086012708386,1.4066603853763893,0.7333341435809116,16,3,8,12,7
