cohort,positive_class,variant,image_architecture,image_encoder,shots,panel,level,rank_by_mean_absolute,feature_name,mean_absolute_pp,fold_sd_absolute_pp,mean_signed_pp,mean_rank,top10_fold_fraction,folds,complete_five_fold,fold_0_absolute_pp,fold_1_absolute_pp,fold_2_absolute_pp,fold_3_absolute_pp,fold_4_absolute_pp,fold_0_rank,fold_1_rank,fold_2_rank,fold_3_rank,fold_4_rank
blca,PAPILLARY,PathoTME-LR,none,none,16,shared_core62_v1,feature,1,AVG_MIN_DISTANCE_OF_FIBROBLASTS_AROUND_CARCINOMA_CELL_IN_WHOLE_TUMOR_REGION_20,2.939744556230081,5.059287696936473,-0.5778094266664919,18.2,0.6,5,True,2.580970650478729,0.10965013330866732,0.03886231462969261,0.18419890579273407,11.78504077694058,6,5,39,38,3
blca,PAPILLARY,PathoTME-LR,none,none,16,shared_core62_v1,feature,2,RELATIVE_AREA_OUTER_INVASIVE_MARGIN,2.889925371495915,4.954880090509184,-0.1357890760054929,24.4,0.4,5,True,2.6572024519667825,0.003194340255490713,0.08431833213813796,0.17833187630177375,11.52657985681739,5,62,11,40,4
blca,PAPILLARY,PathoTME-LR,none,none,16,shared_core62_v1,feature,3,CELL_DENSITY_PLASMA_CELL_IN_INNER_INVASIVE_MARGIN,2.784224017569585,5.227172016991647,-0.14412831274084462,22.2,0.2,5,True,1.3555821737173799,0.040960942090726565,0.058880410114598734,0.3799309330595579,12.085765628865662,23,41,24,22,1
blca,PAPILLARY,PathoTME-LR,none,none,16,shared_core62_v1,feature,4,CELL_PERCENTAGE_GRANULOCYTE_IN_TUMOR_CORE,2.5543060443418866,5.284066785602085,-0.14658871695908704,30.6,0.2,5,True,0.5030059986657063,0.04847376400085659,0.05003654054374058,0.16912341427045832,12.000890504228671,43,33,31,44,2
blca,PAPILLARY,PathoTME-LR,none,none,16,shared_core62_v1,feature,5,CELL_DENSITY_FIBROBLAST_IN_INNER_INVASIVE_MARGIN,2.481508201988568,4.976119572246256,-0.654467238671283,30.8,0.2,5,True,0.5313423343068713,0.04579005144444664,0.010926387597652621,0.4461407572580315,11.373341479335837,40,37,55,16,6
blca,PAPILLARY,PathoTME-LR,none,none,16,shared_core62_v1,feature,6,CELL_DENSITY_PLASMA_CELL_IN_TUMOR_CORE,2.456653478165834,5.027929465686734,0.008682682152295507,31.2,0.2,5,True,0.5973149561235686,0.041472232226526615,0.05331613651953614,0.14947096024390638,11.44169310571563,38,40,27,46,5
blca,PAPILLARY,PathoTME-LR,none,none,16,shared_core62_v1,feature,7,RATIO_OF_MACROPHAGES_AROUND_CARCINOMA_CELL_IN_WHOLE_TUMOR_REGION_40,2.4383841149447854,4.983887853114693,0.19606586492273465,26.2,0.4,5,True,0.643391866564153,0.09830629222063032,0.06401422948388667,0.043566301757682835,11.342641884697574,35,9,21,59,7
blca,PAPILLARY,PathoTME-LR,none,none,16,shared_core62_v1,feature,8,TLS_IMMATURE_PRESENT,2.2871411587637906,3.06025819731479,0.6761039224317342,31.4,0.2,5,True,5.381599707411432,0.05532464324253906,0.01019994905842077,0.10297098647792637,5.885610507628635,1,30,56,53,17
blca,PAPILLARY,PathoTME-LR,none,none,16,shared_core62_v1,feature,9,CELL_DENSITY_MACROPHAGE_IN_TUMOR_CORE,2.1907150412789345,4.5405368910419845,-0.44600098211516476,24.4,0.6,5,True,0.32707765777612696,0.12013138542522439,0.09805196463131811,0.09707695323182279,10.311237245330181,48,3,9,54,8
blca,PAPILLARY,PathoTME-LR,none,none,16,shared_core62_v1,feature,10,RATIO_OF_PLASMA_CELLS_AROUND_CARCINOMA_CELL_IN_WHOLE_TUMOR_REGION_40,2.160424853762453,4.439327551104092,0.5117605579066463,37.6,0.2,5,True,0.5831487775918958,0.03678263950145246,0.04107275515389295,0.05042890802975199,10.090691188535272,39,45,37,58,9
blca,PAPILLARY,PathoTME-LR,none,none,16,shared_core62_v1,group,1,high/spatial_plasma_cells,4.569401768071026,7.608325280400618,0.32575569161829365,8.0,0.6,5,True,4.633508611770544,0.09781610979401159,0.12956744594753652,0.2552765061888565,17.730840166654183,3,13,9,14,1
blca,PAPILLARY,PathoTME-LR,none,none,16,shared_core62_v1,group,2,high/cell_granulocyte,3.4649276246795537,5.614296703896407,-0.3558125935839257,5.4,1.0,5,True,2.5613793074490365,0.2996322948338273,0.21786003327528272,0.88024400786731,13.365522479972313,10,3,5,6,3
blca,PAPILLARY,PathoTME-LR,none,none,16,shared_core62_v1,group,3,low/tls,3.4486780416172826,4.500336327014346,0.5536116559859761,7.6,0.8,5,True,6.139280816675848,0.18961126618179544,0.05671031525015674,0.7489743598869023,10.108813450091711,1,7,15,7,8
blca,PAPILLARY,PathoTME-LR,none,none,16,shared_core62_v1,group,4,high/spatial_macrophages,3.428925440735329,6.383203255846143,0.26401369501943495,8.6,0.6,5,True,1.8232094248849844,0.23738539364634192,0.1904061046426332,0.11735092246354306,14.776275358039141,13,6,6,16,2
blca,PAPILLARY,PathoTME-LR,none,none,16,shared_core62_v1,group,5,high/cell_endothelial_cell,3.403700527417275,5.312434014450229,-0.36014405196815047,8.6,0.6,5,True,1.3805450757082582,0.1696656197034229,0.05791382782161312,2.6984044057123167,12.711973708140762,15,9,14,1,4
blca,PAPILLARY,PathoTME-LR,none,none,16,shared_core62_v1,group,6,low/compartment_extent,3.1177464718094257,5.175866734104416,-0.6727947825398416,10.0,0.4,5,True,2.8484899895007914,0.08338212352094565,0.09663441662711296,0.41708133294863275,12.143144496449645,7,15,11,12,5
blca,PAPILLARY,PathoTME-LR,none,none,16,shared_core62_v1,group,7,high/cell_fibroblast,2.9937643639860356,4.545781971492119,-0.2894621818371479,8.6,0.6,5,True,1.9848698296979592,0.24945067417730193,0.030005565028685514,1.7281414803710509,10.976354270655179,12,5,16,3,7
blca,PAPILLARY,PathoTME-LR,none,none,16,shared_core62_v1,group,8,high/cell_macrophage,2.9423789718298345,5.111671542613777,-0.6439131477387094,7.0,0.8,5,True,1.3581748083979746,0.4033114939313045,0.289246843513363,0.6051444874947538,12.056017225811777,16,1,3,9,6
blca,PAPILLARY,PathoTME-LR,none,none,16,shared_core62_v1,group,9,high/spatial_fibroblasts,2.7862717484659605,3.8627845809066446,0.2522979007948646,8.6,0.8,5,True,4.039881338376425,0.1415612658742482,0.08038806654656777,0.6273930911632815,9.04213498036928,4,10,12,8,9
blca,PAPILLARY,PathoTME-LR,none,none,16,shared_core62_v1,group,10,low/global_tissue,2.567615076980032,3.2532232305365527,-0.061991640249601646,6.8,0.8,5,True,3.75427937322193,0.2835366325204527,0.1300177984867329,0.9059353423913583,7.764306238279685,5,4,8,5,12
blca,PAPILLARY,PathoTME-Fusion50,dyko,clip-rn50,16,shared_core62_v1,feature,1,AVG_MIN_DISTANCE_OF_FIBROBLASTS_AROUND_CARCINOMA_CELL_IN_WHOLE_TUMOR_REGION_20,1.4698722781150404,2.5296438484682366,-0.28890471333324597,18.2,0.6,5,True,1.2904853252393644,0.05482506665433366,0.019431157314846306,0.09209945289636703,5.89252038847029,6,5,39,38,3
blca,PAPILLARY,PathoTME-Fusion50,dyko,clip-rn50,16,shared_core62_v1,feature,2,RELATIVE_AREA_OUTER_INVASIVE_MARGIN,1.4449626857479576,2.477440045254592,-0.06789453800274645,24.4,0.4,5,True,1.3286012259833913,0.0015971701277453566,0.04215916606906898,0.08916593815088687,5.763289928408695,5,62,11,40,4
blca,PAPILLARY,PathoTME-Fusion50,dyko,clip-rn50,16,shared_core62_v1,feature,3,CELL_DENSITY_PLASMA_CELL_IN_INNER_INVASIVE_MARGIN,1.3921120087847925,2.6135860084958233,-0.07206415637042231,22.2,0.2,5,True,0.6777910868586899,0.020480471045363283,0.029440205057299367,0.18996546652977894,6.042882814432831,23,41,24,22,1
blca,PAPILLARY,PathoTME-Fusion50,dyko,clip-rn50,16,shared_core62_v1,feature,4,CELL_PERCENTAGE_GRANULOCYTE_IN_TUMOR_CORE,1.2771530221709433,2.6420333928010424,-0.07329435847954352,30.6,0.2,5,True,0.25150299933285314,0.024236882000428294,0.02501827027187029,0.08456170713522916,6.000445252114336,43,33,31,44,2
blca,PAPILLARY,PathoTME-Fusion50,dyko,clip-rn50,16,shared_core62_v1,feature,5,CELL_DENSITY_FIBROBLAST_IN_INNER_INVASIVE_MARGIN,1.240754100994284,2.488059786123128,-0.3272336193356415,30.8,0.2,5,True,0.26567116715343564,0.02289502572222332,0.0054631937988263105,0.22307037862901574,5.686670739667918,40,37,55,16,6
blca,PAPILLARY,PathoTME-Fusion50,dyko,clip-rn50,16,shared_core62_v1,feature,6,CELL_DENSITY_PLASMA_CELL_IN_TUMOR_CORE,1.228326739082917,2.513964732843367,0.004341341076147753,31.2,0.2,5,True,0.2986574780617843,0.020736116113263307,0.02665806825976807,0.07473548012195319,5.720846552857815,38,40,27,46,5
blca,PAPILLARY,PathoTME-Fusion50,dyko,clip-rn50,16,shared_core62_v1,feature,7,RATIO_OF_MACROPHAGES_AROUND_CARCINOMA_CELL_IN_WHOLE_TUMOR_REGION_40,1.2191920574723927,2.4919439265573464,0.09803293246136732,26.2,0.4,5,True,0.3216959332820765,0.04915314611031516,0.032007114741943336,0.021783150878841417,5.671320942348787,35,9,21,59,7
blca,PAPILLARY,PathoTME-Fusion50,dyko,clip-rn50,16,shared_core62_v1,feature,8,TLS_IMMATURE_PRESENT,1.1435705793818953,1.530129098657395,0.3380519612158671,31.4,0.2,5,True,2.690799853705716,0.02766232162126953,0.005099974529210385,0.05148549323896318,2.9428052538143175,1,30,56,53,17
blca,PAPILLARY,PathoTME-Fusion50,dyko,clip-rn50,16,shared_core62_v1,feature,9,CELL_DENSITY_MACROPHAGE_IN_TUMOR_CORE,1.0953575206394672,2.2702684455209923,-0.22300049105758238,24.4,0.6,5,True,0.16353882888806348,0.060065692712612195,0.04902598231565906,0.048538476615911395,5.155618622665091,48,3,9,54,8
blca,PAPILLARY,PathoTME-Fusion50,dyko,clip-rn50,16,shared_core62_v1,feature,10,RATIO_OF_PLASMA_CELLS_AROUND_CARCINOMA_CELL_IN_WHOLE_TUMOR_REGION_40,1.0802124268812265,2.219663775552046,0.25588027895332316,37.6,0.2,5,True,0.2915743887959479,0.01839131975072623,0.020536377576946475,0.025214454014875994,5.045345594267636,39,45,37,58,9
blca,PAPILLARY,PathoTME-Fusion50,dyko,clip-rn50,16,shared_core62_v1,group,1,high/spatial_plasma_cells,2.284700884035513,3.804162640200309,0.16287784580914683,8.0,0.6,5,True,2.316754305885272,0.048908054897005795,0.06478372297376826,0.12763825309442825,8.865420083327091,3,13,9,14,1
blca,PAPILLARY,PathoTME-Fusion50,dyko,clip-rn50,16,shared_core62_v1,group,2,high/cell_granulocyte,1.7324638123397769,2.8071483519482037,-0.17790629679196285,5.4,1.0,5,True,1.2806896537245183,0.14981614741691365,0.10893001663764136,0.440122003933655,6.6827612399861565,10,3,5,6,3
blca,PAPILLARY,PathoTME-Fusion50,dyko,clip-rn50,16,shared_core62_v1,group,3,low/tls,1.7243390208086413,2.250168163507173,0.27680582799298803,7.6,0.8,5,True,3.069640408337924,0.09480563309089772,0.02835515762507837,0.37448717994345115,5.0544067250458555,1,7,15,7,8
blca,PAPILLARY,PathoTME-Fusion50,dyko,clip-rn50,16,shared_core62_v1,group,4,high/spatial_macrophages,1.7144627203676646,3.1916016279230717,0.13200684750971747,8.6,0.6,5,True,0.9116047124424922,0.11869269682317096,0.0952030523213166,0.05867546123177153,7.388137679019571,13,6,6,16,2
blca,PAPILLARY,PathoTME-Fusion50,dyko,clip-rn50,16,shared_core62_v1,group,5,high/cell_endothelial_cell,1.7018502637086375,2.6562170072251146,-0.18007202598407523,8.6,0.6,5,True,0.6902725378541291,0.08483280985171145,0.02895691391080656,1.3492022028561583,6.355986854070381,15,9,14,1,4
blca,PAPILLARY,PathoTME-Fusion50,dyko,clip-rn50,16,shared_core62_v1,group,6,low/compartment_extent,1.5588732359047128,2.587933367052208,-0.3363973912699208,10.0,0.4,5,True,1.4242449947503957,0.041691061760472825,0.04831720831355648,0.20854066647431638,6.071572248224823,7,15,11,12,5
blca,PAPILLARY,PathoTME-Fusion50,dyko,clip-rn50,16,shared_core62_v1,group,7,high/cell_fibroblast,1.4968821819930178,2.2728909857460593,-0.14473109091857395,8.6,0.6,5,True,0.9924349148489796,0.12472533708865097,0.015002782514342757,0.8640707401855254,5.488177135327589,12,5,16,3,7
blca,PAPILLARY,PathoTME-Fusion50,dyko,clip-rn50,16,shared_core62_v1,group,8,high/cell_macrophage,1.4711894859149173,2.5558357713068887,-0.3219565738693547,7.0,0.8,5,True,0.6790874041989873,0.20165574696565225,0.1446234217566815,0.3025722437473769,6.0280086129058885,16,1,3,9,6
blca,PAPILLARY,PathoTME-Fusion50,dyko,clip-rn50,16,shared_core62_v1,group,9,high/spatial_fibroblasts,1.3931358742329802,1.9313922904533223,0.1261489503974323,8.6,0.8,5,True,2.0199406691882125,0.0707806329371241,0.040194033273283886,0.31369654558164073,4.52106749018464,4,10,12,8,9
blca,PAPILLARY,PathoTME-Fusion50,dyko,clip-rn50,16,shared_core62_v1,group,10,low/global_tissue,1.283807538490016,1.6266116152682764,-0.030995820124800823,6.8,0.8,5,True,1.877139686610965,0.14176831626022635,0.06500889924336645,0.45296767119567916,3.8821531191398426,5,4,8,5,12
blca,PAPILLARY,PathoTME-Fusion50,dyko,plip,16,shared_core62_v1,feature,1,AVG_MIN_DISTANCE_OF_FIBROBLASTS_AROUND_CARCINOMA_CELL_IN_WHOLE_TUMOR_REGION_20,1.4698722781150404,2.5296438484682366,-0.28890471333324597,18.2,0.6,5,True,1.2904853252393644,0.05482506665433366,0.019431157314846306,0.09209945289636703,5.89252038847029,6,5,39,38,3
blca,PAPILLARY,PathoTME-Fusion50,dyko,plip,16,shared_core62_v1,feature,2,RELATIVE_AREA_OUTER_INVASIVE_MARGIN,1.4449626857479576,2.477440045254592,-0.06789453800274645,24.4,0.4,5,True,1.3286012259833913,0.0015971701277453566,0.04215916606906898,0.08916593815088687,5.763289928408695,5,62,11,40,4
blca,PAPILLARY,PathoTME-Fusion50,dyko,plip,16,shared_core62_v1,feature,3,CELL_DENSITY_PLASMA_CELL_IN_INNER_INVASIVE_MARGIN,1.3921120087847925,2.6135860084958233,-0.07206415637042231,22.2,0.2,5,True,0.6777910868586899,0.020480471045363283,0.029440205057299367,0.18996546652977894,6.042882814432831,23,41,24,22,1
blca,PAPILLARY,PathoTME-Fusion50,dyko,plip,16,shared_core62_v1,feature,4,CELL_PERCENTAGE_GRANULOCYTE_IN_TUMOR_CORE,1.2771530221709433,2.6420333928010424,-0.07329435847954352,30.6,0.2,5,True,0.25150299933285314,0.024236882000428294,0.02501827027187029,0.08456170713522916,6.000445252114336,43,33,31,44,2
blca,PAPILLARY,PathoTME-Fusion50,dyko,plip,16,shared_core62_v1,feature,5,CELL_DENSITY_FIBROBLAST_IN_INNER_INVASIVE_MARGIN,1.240754100994284,2.488059786123128,-0.3272336193356415,30.8,0.2,5,True,0.26567116715343564,0.02289502572222332,0.0054631937988263105,0.22307037862901574,5.686670739667918,40,37,55,16,6
blca,PAPILLARY,PathoTME-Fusion50,dyko,plip,16,shared_core62_v1,feature,6,CELL_DENSITY_PLASMA_CELL_IN_TUMOR_CORE,1.228326739082917,2.513964732843367,0.004341341076147753,31.2,0.2,5,True,0.2986574780617843,0.020736116113263307,0.02665806825976807,0.07473548012195319,5.720846552857815,38,40,27,46,5
blca,PAPILLARY,PathoTME-Fusion50,dyko,plip,16,shared_core62_v1,feature,7,RATIO_OF_MACROPHAGES_AROUND_CARCINOMA_CELL_IN_WHOLE_TUMOR_REGION_40,1.2191920574723927,2.4919439265573464,0.09803293246136732,26.2,0.4,5,True,0.3216959332820765,0.04915314611031516,0.032007114741943336,0.021783150878841417,5.671320942348787,35,9,21,59,7
blca,PAPILLARY,PathoTME-Fusion50,dyko,plip,16,shared_core62_v1,feature,8,TLS_IMMATURE_PRESENT,1.1435705793818953,1.530129098657395,0.3380519612158671,31.4,0.2,5,True,2.690799853705716,0.02766232162126953,0.005099974529210385,0.05148549323896318,2.9428052538143175,1,30,56,53,17
blca,PAPILLARY,PathoTME-Fusion50,dyko,plip,16,shared_core62_v1,feature,9,CELL_DENSITY_MACROPHAGE_IN_TUMOR_CORE,1.0953575206394672,2.2702684455209923,-0.22300049105758238,24.4,0.6,5,True,0.16353882888806348,0.060065692712612195,0.04902598231565906,0.048538476615911395,5.155618622665091,48,3,9,54,8
blca,PAPILLARY,PathoTME-Fusion50,dyko,plip,16,shared_core62_v1,feature,10,RATIO_OF_PLASMA_CELLS_AROUND_CARCINOMA_CELL_IN_WHOLE_TUMOR_REGION_40,1.0802124268812265,2.219663775552046,0.25588027895332316,37.6,0.2,5,True,0.2915743887959479,0.01839131975072623,0.020536377576946475,0.025214454014875994,5.045345594267636,39,45,37,58,9
blca,PAPILLARY,PathoTME-Fusion50,dyko,plip,16,shared_core62_v1,group,1,high/spatial_plasma_cells,2.284700884035513,3.804162640200309,0.16287784580914683,8.0,0.6,5,True,2.316754305885272,0.048908054897005795,0.06478372297376826,0.12763825309442825,8.865420083327091,3,13,9,14,1
blca,PAPILLARY,PathoTME-Fusion50,dyko,plip,16,shared_core62_v1,group,2,high/cell_granulocyte,1.7324638123397769,2.8071483519482037,-0.17790629679196285,5.4,1.0,5,True,1.2806896537245183,0.14981614741691365,0.10893001663764136,0.440122003933655,6.6827612399861565,10,3,5,6,3
blca,PAPILLARY,PathoTME-Fusion50,dyko,plip,16,shared_core62_v1,group,3,low/tls,1.7243390208086413,2.250168163507173,0.27680582799298803,7.6,0.8,5,True,3.069640408337924,0.09480563309089772,0.02835515762507837,0.37448717994345115,5.0544067250458555,1,7,15,7,8
blca,PAPILLARY,PathoTME-Fusion50,dyko,plip,16,shared_core62_v1,group,4,high/spatial_macrophages,1.7144627203676646,3.1916016279230717,0.13200684750971747,8.6,0.6,5,True,0.9116047124424922,0.11869269682317096,0.0952030523213166,0.05867546123177153,7.388137679019571,13,6,6,16,2
blca,PAPILLARY,PathoTME-Fusion50,dyko,plip,16,shared_core62_v1,group,5,high/cell_endothelial_cell,1.7018502637086375,2.6562170072251146,-0.18007202598407523,8.6,0.6,5,True,0.6902725378541291,0.08483280985171145,0.02895691391080656,1.3492022028561583,6.355986854070381,15,9,14,1,4
blca,PAPILLARY,PathoTME-Fusion50,dyko,plip,16,shared_core62_v1,group,6,low/compartment_extent,1.5588732359047128,2.587933367052208,-0.3363973912699208,10.0,0.4,5,True,1.4242449947503957,0.041691061760472825,0.04831720831355648,0.20854066647431638,6.071572248224823,7,15,11,12,5
blca,PAPILLARY,PathoTME-Fusion50,dyko,plip,16,shared_core62_v1,group,7,high/cell_fibroblast,1.4968821819930178,2.2728909857460593,-0.14473109091857395,8.6,0.6,5,True,0.9924349148489796,0.12472533708865097,0.015002782514342757,0.8640707401855254,5.488177135327589,12,5,16,3,7
blca,PAPILLARY,PathoTME-Fusion50,dyko,plip,16,shared_core62_v1,group,8,high/cell_macrophage,1.4711894859149173,2.5558357713068887,-0.3219565738693547,7.0,0.8,5,True,0.6790874041989873,0.20165574696565225,0.1446234217566815,0.3025722437473769,6.0280086129058885,16,1,3,9,6
blca,PAPILLARY,PathoTME-Fusion50,dyko,plip,16,shared_core62_v1,group,9,high/spatial_fibroblasts,1.3931358742329802,1.9313922904533223,0.1261489503974323,8.6,0.8,5,True,2.0199406691882125,0.0707806329371241,0.040194033273283886,0.31369654558164073,4.52106749018464,4,10,12,8,9
blca,PAPILLARY,PathoTME-Fusion50,dyko,plip,16,shared_core62_v1,group,10,low/global_tissue,1.283807538490016,1.6266116152682764,-0.030995820124800823,6.8,0.8,5,True,1.877139686610965,0.14176831626022635,0.06500889924336645,0.45296767119567916,3.8821531191398426,5,4,8,5,12
blca,PAPILLARY,PathoTME-Fusion50,focus,clip-rn50,16,shared_core62_v1,feature,1,AVG_MIN_DISTANCE_OF_FIBROBLASTS_AROUND_CARCINOMA_CELL_IN_WHOLE_TUMOR_REGION_20,1.4698722781150404,2.5296438484682366,-0.28890471333324597,18.2,0.6,5,True,1.2904853252393644,0.05482506665433366,0.019431157314846306,0.09209945289636703,5.89252038847029,6,5,39,38,3
blca,PAPILLARY,PathoTME-Fusion50,focus,clip-rn50,16,shared_core62_v1,feature,2,RELATIVE_AREA_OUTER_INVASIVE_MARGIN,1.4449626857479576,2.477440045254592,-0.06789453800274645,24.4,0.4,5,True,1.3286012259833913,0.0015971701277453566,0.04215916606906898,0.08916593815088687,5.763289928408695,5,62,11,40,4
blca,PAPILLARY,PathoTME-Fusion50,focus,clip-rn50,16,shared_core62_v1,feature,3,CELL_DENSITY_PLASMA_CELL_IN_INNER_INVASIVE_MARGIN,1.3921120087847925,2.6135860084958233,-0.07206415637042231,22.2,0.2,5,True,0.6777910868586899,0.020480471045363283,0.029440205057299367,0.18996546652977894,6.042882814432831,23,41,24,22,1
blca,PAPILLARY,PathoTME-Fusion50,focus,clip-rn50,16,shared_core62_v1,feature,4,CELL_PERCENTAGE_GRANULOCYTE_IN_TUMOR_CORE,1.2771530221709433,2.6420333928010424,-0.07329435847954352,30.6,0.2,5,True,0.25150299933285314,0.024236882000428294,0.02501827027187029,0.08456170713522916,6.000445252114336,43,33,31,44,2
blca,PAPILLARY,PathoTME-Fusion50,focus,clip-rn50,16,shared_core62_v1,feature,5,CELL_DENSITY_FIBROBLAST_IN_INNER_INVASIVE_MARGIN,1.240754100994284,2.488059786123128,-0.3272336193356415,30.8,0.2,5,True,0.26567116715343564,0.02289502572222332,0.0054631937988263105,0.22307037862901574,5.686670739667918,40,37,55,16,6
blca,PAPILLARY,PathoTME-Fusion50,focus,clip-rn50,16,shared_core62_v1,feature,6,CELL_DENSITY_PLASMA_CELL_IN_TUMOR_CORE,1.228326739082917,2.513964732843367,0.004341341076147753,31.2,0.2,5,True,0.2986574780617843,0.020736116113263307,0.02665806825976807,0.07473548012195319,5.720846552857815,38,40,27,46,5
blca,PAPILLARY,PathoTME-Fusion50,focus,clip-rn50,16,shared_core62_v1,feature,7,RATIO_OF_MACROPHAGES_AROUND_CARCINOMA_CELL_IN_WHOLE_TUMOR_REGION_40,1.2191920574723927,2.4919439265573464,0.09803293246136732,26.2,0.4,5,True,0.3216959332820765,0.04915314611031516,0.032007114741943336,0.021783150878841417,5.671320942348787,35,9,21,59,7
blca,PAPILLARY,PathoTME-Fusion50,focus,clip-rn50,16,shared_core62_v1,feature,8,TLS_IMMATURE_PRESENT,1.1435705793818953,1.530129098657395,0.3380519612158671,31.4,0.2,5,True,2.690799853705716,0.02766232162126953,0.005099974529210385,0.05148549323896318,2.9428052538143175,1,30,56,53,17
blca,PAPILLARY,PathoTME-Fusion50,focus,clip-rn50,16,shared_core62_v1,feature,9,CELL_DENSITY_MACROPHAGE_IN_TUMOR_CORE,1.0953575206394672,2.2702684455209923,-0.22300049105758238,24.4,0.6,5,True,0.16353882888806348,0.060065692712612195,0.04902598231565906,0.048538476615911395,5.155618622665091,48,3,9,54,8
blca,PAPILLARY,PathoTME-Fusion50,focus,clip-rn50,16,shared_core62_v1,feature,10,RATIO_OF_PLASMA_CELLS_AROUND_CARCINOMA_CELL_IN_WHOLE_TUMOR_REGION_40,1.0802124268812265,2.219663775552046,0.25588027895332316,37.6,0.2,5,True,0.2915743887959479,0.01839131975072623,0.020536377576946475,0.025214454014875994,5.045345594267636,39,45,37,58,9
blca,PAPILLARY,PathoTME-Fusion50,focus,clip-rn50,16,shared_core62_v1,group,1,high/spatial_plasma_cells,2.284700884035513,3.804162640200309,0.16287784580914683,8.0,0.6,5,True,2.316754305885272,0.048908054897005795,0.06478372297376826,0.12763825309442825,8.865420083327091,3,13,9,14,1
blca,PAPILLARY,PathoTME-Fusion50,focus,clip-rn50,16,shared_core62_v1,group,2,high/cell_granulocyte,1.7324638123397769,2.8071483519482037,-0.17790629679196285,5.4,1.0,5,True,1.2806896537245183,0.14981614741691365,0.10893001663764136,0.440122003933655,6.6827612399861565,10,3,5,6,3
blca,PAPILLARY,PathoTME-Fusion50,focus,clip-rn50,16,shared_core62_v1,group,3,low/tls,1.7243390208086413,2.250168163507173,0.27680582799298803,7.6,0.8,5,True,3.069640408337924,0.09480563309089772,0.02835515762507837,0.37448717994345115,5.0544067250458555,1,7,15,7,8
blca,PAPILLARY,PathoTME-Fusion50,focus,clip-rn50,16,shared_core62_v1,group,4,high/spatial_macrophages,1.7144627203676646,3.1916016279230717,0.13200684750971747,8.6,0.6,5,True,0.9116047124424922,0.11869269682317096,0.0952030523213166,0.05867546123177153,7.388137679019571,13,6,6,16,2
blca,PAPILLARY,PathoTME-Fusion50,focus,clip-rn50,16,shared_core62_v1,group,5,high/cell_endothelial_cell,1.7018502637086375,2.6562170072251146,-0.18007202598407523,8.6,0.6,5,True,0.6902725378541291,0.08483280985171145,0.02895691391080656,1.3492022028561583,6.355986854070381,15,9,14,1,4
blca,PAPILLARY,PathoTME-Fusion50,focus,clip-rn50,16,shared_core62_v1,group,6,low/compartment_extent,1.5588732359047128,2.587933367052208,-0.3363973912699208,10.0,0.4,5,True,1.4242449947503957,0.041691061760472825,0.04831720831355648,0.20854066647431638,6.071572248224823,7,15,11,12,5
blca,PAPILLARY,PathoTME-Fusion50,focus,clip-rn50,16,shared_core62_v1,group,7,high/cell_fibroblast,1.4968821819930178,2.2728909857460593,-0.14473109091857395,8.6,0.6,5,True,0.9924349148489796,0.12472533708865097,0.015002782514342757,0.8640707401855254,5.488177135327589,12,5,16,3,7
blca,PAPILLARY,PathoTME-Fusion50,focus,clip-rn50,16,shared_core62_v1,group,8,high/cell_macrophage,1.4711894859149173,2.5558357713068887,-0.3219565738693547,7.0,0.8,5,True,0.6790874041989873,0.20165574696565225,0.1446234217566815,0.3025722437473769,6.0280086129058885,16,1,3,9,6
blca,PAPILLARY,PathoTME-Fusion50,focus,clip-rn50,16,shared_core62_v1,group,9,high/spatial_fibroblasts,1.3931358742329802,1.9313922904533223,0.1261489503974323,8.6,0.8,5,True,2.0199406691882125,0.0707806329371241,0.040194033273283886,0.31369654558164073,4.52106749018464,4,10,12,8,9
blca,PAPILLARY,PathoTME-Fusion50,focus,clip-rn50,16,shared_core62_v1,group,10,low/global_tissue,1.283807538490016,1.6266116152682764,-0.030995820124800823,6.8,0.8,5,True,1.877139686610965,0.14176831626022635,0.06500889924336645,0.45296767119567916,3.8821531191398426,5,4,8,5,12
blca,PAPILLARY,PathoTME-Fusion50,focus,plip,16,shared_core62_v1,feature,1,AVG_MIN_DISTANCE_OF_FIBROBLASTS_AROUND_CARCINOMA_CELL_IN_WHOLE_TUMOR_REGION_20,1.4698722781150404,2.5296438484682366,-0.28890471333324597,18.2,0.6,5,True,1.2904853252393644,0.05482506665433366,0.019431157314846306,0.09209945289636703,5.89252038847029,6,5,39,38,3
blca,PAPILLARY,PathoTME-Fusion50,focus,plip,16,shared_core62_v1,feature,2,RELATIVE_AREA_OUTER_INVASIVE_MARGIN,1.4449626857479576,2.477440045254592,-0.06789453800274645,24.4,0.4,5,True,1.3286012259833913,0.0015971701277453566,0.04215916606906898,0.08916593815088687,5.763289928408695,5,62,11,40,4
blca,PAPILLARY,PathoTME-Fusion50,focus,plip,16,shared_core62_v1,feature,3,CELL_DENSITY_PLASMA_CELL_IN_INNER_INVASIVE_MARGIN,1.3921120087847925,2.6135860084958233,-0.07206415637042231,22.2,0.2,5,True,0.6777910868586899,0.020480471045363283,0.029440205057299367,0.18996546652977894,6.042882814432831,23,41,24,22,1
blca,PAPILLARY,PathoTME-Fusion50,focus,plip,16,shared_core62_v1,feature,4,CELL_PERCENTAGE_GRANULOCYTE_IN_TUMOR_CORE,1.2771530221709433,2.6420333928010424,-0.07329435847954352,30.6,0.2,5,True,0.25150299933285314,0.024236882000428294,0.02501827027187029,0.08456170713522916,6.000445252114336,43,33,31,44,2
blca,PAPILLARY,PathoTME-Fusion50,focus,plip,16,shared_core62_v1,feature,5,CELL_DENSITY_FIBROBLAST_IN_INNER_INVASIVE_MARGIN,1.240754100994284,2.488059786123128,-0.3272336193356415,30.8,0.2,5,True,0.26567116715343564,0.02289502572222332,0.0054631937988263105,0.22307037862901574,5.686670739667918,40,37,55,16,6
blca,PAPILLARY,PathoTME-Fusion50,focus,plip,16,shared_core62_v1,feature,6,CELL_DENSITY_PLASMA_CELL_IN_TUMOR_CORE,1.228326739082917,2.513964732843367,0.004341341076147753,31.2,0.2,5,True,0.2986574780617843,0.020736116113263307,0.02665806825976807,0.07473548012195319,5.720846552857815,38,40,27,46,5
blca,PAPILLARY,PathoTME-Fusion50,focus,plip,16,shared_core62_v1,feature,7,RATIO_OF_MACROPHAGES_AROUND_CARCINOMA_CELL_IN_WHOLE_TUMOR_REGION_40,1.2191920574723927,2.4919439265573464,0.09803293246136732,26.2,0.4,5,True,0.3216959332820765,0.04915314611031516,0.032007114741943336,0.021783150878841417,5.671320942348787,35,9,21,59,7
blca,PAPILLARY,PathoTME-Fusion50,focus,plip,16,shared_core62_v1,feature,8,TLS_IMMATURE_PRESENT,1.1435705793818953,1.530129098657395,0.3380519612158671,31.4,0.2,5,True,2.690799853705716,0.02766232162126953,0.005099974529210385,0.05148549323896318,2.9428052538143175,1,30,56,53,17
blca,PAPILLARY,PathoTME-Fusion50,focus,plip,16,shared_core62_v1,feature,9,CELL_DENSITY_MACROPHAGE_IN_TUMOR_CORE,1.0953575206394672,2.2702684455209923,-0.22300049105758238,24.4,0.6,5,True,0.16353882888806348,0.060065692712612195,0.04902598231565906,0.048538476615911395,5.155618622665091,48,3,9,54,8
blca,PAPILLARY,PathoTME-Fusion50,focus,plip,16,shared_core62_v1,feature,10,RATIO_OF_PLASMA_CELLS_AROUND_CARCINOMA_CELL_IN_WHOLE_TUMOR_REGION_40,1.0802124268812265,2.219663775552046,0.25588027895332316,37.6,0.2,5,True,0.2915743887959479,0.01839131975072623,0.020536377576946475,0.025214454014875994,5.045345594267636,39,45,37,58,9
blca,PAPILLARY,PathoTME-Fusion50,focus,plip,16,shared_core62_v1,group,1,high/spatial_plasma_cells,2.284700884035513,3.804162640200309,0.16287784580914683,8.0,0.6,5,True,2.316754305885272,0.048908054897005795,0.06478372297376826,0.12763825309442825,8.865420083327091,3,13,9,14,1
blca,PAPILLARY,PathoTME-Fusion50,focus,plip,16,shared_core62_v1,group,2,high/cell_granulocyte,1.7324638123397769,2.8071483519482037,-0.17790629679196285,5.4,1.0,5,True,1.2806896537245183,0.14981614741691365,0.10893001663764136,0.440122003933655,6.6827612399861565,10,3,5,6,3
blca,PAPILLARY,PathoTME-Fusion50,focus,plip,16,shared_core62_v1,group,3,low/tls,1.7243390208086413,2.250168163507173,0.27680582799298803,7.6,0.8,5,True,3.069640408337924,0.09480563309089772,0.02835515762507837,0.37448717994345115,5.0544067250458555,1,7,15,7,8
blca,PAPILLARY,PathoTME-Fusion50,focus,plip,16,shared_core62_v1,group,4,high/spatial_macrophages,1.7144627203676646,3.1916016279230717,0.13200684750971747,8.6,0.6,5,True,0.9116047124424922,0.11869269682317096,0.0952030523213166,0.05867546123177153,7.388137679019571,13,6,6,16,2
blca,PAPILLARY,PathoTME-Fusion50,focus,plip,16,shared_core62_v1,group,5,high/cell_endothelial_cell,1.7018502637086375,2.6562170072251146,-0.18007202598407523,8.6,0.6,5,True,0.6902725378541291,0.08483280985171145,0.02895691391080656,1.3492022028561583,6.355986854070381,15,9,14,1,4
blca,PAPILLARY,PathoTME-Fusion50,focus,plip,16,shared_core62_v1,group,6,low/compartment_extent,1.5588732359047128,2.587933367052208,-0.3363973912699208,10.0,0.4,5,True,1.4242449947503957,0.041691061760472825,0.04831720831355648,0.20854066647431638,6.071572248224823,7,15,11,12,5
blca,PAPILLARY,PathoTME-Fusion50,focus,plip,16,shared_core62_v1,group,7,high/cell_fibroblast,1.4968821819930178,2.2728909857460593,-0.14473109091857395,8.6,0.6,5,True,0.9924349148489796,0.12472533708865097,0.015002782514342757,0.8640707401855254,5.488177135327589,12,5,16,3,7
blca,PAPILLARY,PathoTME-Fusion50,focus,plip,16,shared_core62_v1,group,8,high/cell_macrophage,1.4711894859149173,2.5558357713068887,-0.3219565738693547,7.0,0.8,5,True,0.6790874041989873,0.20165574696565225,0.1446234217566815,0.3025722437473769,6.0280086129058885,16,1,3,9,6
blca,PAPILLARY,PathoTME-Fusion50,focus,plip,16,shared_core62_v1,group,9,high/spatial_fibroblasts,1.3931358742329802,1.9313922904533223,0.1261489503974323,8.6,0.8,5,True,2.0199406691882125,0.0707806329371241,0.040194033273283886,0.31369654558164073,4.52106749018464,4,10,12,8,9
blca,PAPILLARY,PathoTME-Fusion50,focus,plip,16,shared_core62_v1,group,10,low/global_tissue,1.283807538490016,1.6266116152682764,-0.030995820124800823,6.8,0.8,5,True,1.877139686610965,0.14176831626022635,0.06500889924336645,0.45296767119567916,3.8821531191398426,5,4,8,5,12
blca,PAPILLARY,PathoTME-Fusion50,hive_mil,clip-rn50,16,shared_core62_v1,feature,1,AVG_MIN_DISTANCE_OF_FIBROBLASTS_AROUND_CARCINOMA_CELL_IN_WHOLE_TUMOR_REGION_20,1.4698722781150404,2.5296438484682366,-0.28890471333324597,18.2,0.6,5,True,1.2904853252393644,0.05482506665433366,0.019431157314846306,0.09209945289636703,5.89252038847029,6,5,39,38,3
blca,PAPILLARY,PathoTME-Fusion50,hive_mil,clip-rn50,16,shared_core62_v1,feature,2,RELATIVE_AREA_OUTER_INVASIVE_MARGIN,1.4449626857479576,2.477440045254592,-0.06789453800274645,24.4,0.4,5,True,1.3286012259833913,0.0015971701277453566,0.04215916606906898,0.08916593815088687,5.763289928408695,5,62,11,40,4
blca,PAPILLARY,PathoTME-Fusion50,hive_mil,clip-rn50,16,shared_core62_v1,feature,3,CELL_DENSITY_PLASMA_CELL_IN_INNER_INVASIVE_MARGIN,1.3921120087847925,2.6135860084958233,-0.07206415637042231,22.2,0.2,5,True,0.6777910868586899,0.020480471045363283,0.029440205057299367,0.18996546652977894,6.042882814432831,23,41,24,22,1
blca,PAPILLARY,PathoTME-Fusion50,hive_mil,clip-rn50,16,shared_core62_v1,feature,4,CELL_PERCENTAGE_GRANULOCYTE_IN_TUMOR_CORE,1.2771530221709433,2.6420333928010424,-0.07329435847954352,30.6,0.2,5,True,0.25150299933285314,0.024236882000428294,0.02501827027187029,0.08456170713522916,6.000445252114336,43,33,31,44,2
blca,PAPILLARY,PathoTME-Fusion50,hive_mil,clip-rn50,16,shared_core62_v1,feature,5,CELL_DENSITY_FIBROBLAST_IN_INNER_INVASIVE_MARGIN,1.240754100994284,2.488059786123128,-0.3272336193356415,30.8,0.2,5,True,0.26567116715343564,0.02289502572222332,0.0054631937988263105,0.22307037862901574,5.686670739667918,40,37,55,16,6
blca,PAPILLARY,PathoTME-Fusion50,hive_mil,clip-rn50,16,shared_core62_v1,feature,6,CELL_DENSITY_PLASMA_CELL_IN_TUMOR_CORE,1.228326739082917,2.513964732843367,0.004341341076147753,31.2,0.2,5,True,0.2986574780617843,0.020736116113263307,0.02665806825976807,0.07473548012195319,5.720846552857815,38,40,27,46,5
blca,PAPILLARY,PathoTME-Fusion50,hive_mil,clip-rn50,16,shared_core62_v1,feature,7,RATIO_OF_MACROPHAGES_AROUND_CARCINOMA_CELL_IN_WHOLE_TUMOR_REGION_40,1.2191920574723927,2.4919439265573464,0.09803293246136732,26.2,0.4,5,True,0.3216959332820765,0.04915314611031516,0.032007114741943336,0.021783150878841417,5.671320942348787,35,9,21,59,7
blca,PAPILLARY,PathoTME-Fusion50,hive_mil,clip-rn50,16,shared_core62_v1,feature,8,TLS_IMMATURE_PRESENT,1.1435705793818953,1.530129098657395,0.3380519612158671,31.4,0.2,5,True,2.690799853705716,0.02766232162126953,0.005099974529210385,0.05148549323896318,2.9428052538143175,1,30,56,53,17
blca,PAPILLARY,PathoTME-Fusion50,hive_mil,clip-rn50,16,shared_core62_v1,feature,9,CELL_DENSITY_MACROPHAGE_IN_TUMOR_CORE,1.0953575206394672,2.2702684455209923,-0.22300049105758238,24.4,0.6,5,True,0.16353882888806348,0.060065692712612195,0.04902598231565906,0.048538476615911395,5.155618622665091,48,3,9,54,8
blca,PAPILLARY,PathoTME-Fusion50,hive_mil,clip-rn50,16,shared_core62_v1,feature,10,RATIO_OF_PLASMA_CELLS_AROUND_CARCINOMA_CELL_IN_WHOLE_TUMOR_REGION_40,1.0802124268812265,2.219663775552046,0.25588027895332316,37.6,0.2,5,True,0.2915743887959479,0.01839131975072623,0.020536377576946475,0.025214454014875994,5.045345594267636,39,45,37,58,9
blca,PAPILLARY,PathoTME-Fusion50,hive_mil,clip-rn50,16,shared_core62_v1,group,1,high/spatial_plasma_cells,2.284700884035513,3.804162640200309,0.16287784580914683,8.0,0.6,5,True,2.316754305885272,0.048908054897005795,0.06478372297376826,0.12763825309442825,8.865420083327091,3,13,9,14,1
blca,PAPILLARY,PathoTME-Fusion50,hive_mil,clip-rn50,16,shared_core62_v1,group,2,high/cell_granulocyte,1.7324638123397769,2.8071483519482037,-0.17790629679196285,5.4,1.0,5,True,1.2806896537245183,0.14981614741691365,0.10893001663764136,0.440122003933655,6.6827612399861565,10,3,5,6,3
blca,PAPILLARY,PathoTME-Fusion50,hive_mil,clip-rn50,16,shared_core62_v1,group,3,low/tls,1.7243390208086413,2.250168163507173,0.27680582799298803,7.6,0.8,5,True,3.069640408337924,0.09480563309089772,0.02835515762507837,0.37448717994345115,5.0544067250458555,1,7,15,7,8
blca,PAPILLARY,PathoTME-Fusion50,hive_mil,clip-rn50,16,shared_core62_v1,group,4,high/spatial_macrophages,1.7144627203676646,3.1916016279230717,0.13200684750971747,8.6,0.6,5,True,0.9116047124424922,0.11869269682317096,0.0952030523213166,0.05867546123177153,7.388137679019571,13,6,6,16,2
blca,PAPILLARY,PathoTME-Fusion50,hive_mil,clip-rn50,16,shared_core62_v1,group,5,high/cell_endothelial_cell,1.7018502637086375,2.6562170072251146,-0.18007202598407523,8.6,0.6,5,True,0.6902725378541291,0.08483280985171145,0.02895691391080656,1.3492022028561583,6.355986854070381,15,9,14,1,4
blca,PAPILLARY,PathoTME-Fusion50,hive_mil,clip-rn50,16,shared_core62_v1,group,6,low/compartment_extent,1.5588732359047128,2.587933367052208,-0.3363973912699208,10.0,0.4,5,True,1.4242449947503957,0.041691061760472825,0.04831720831355648,0.20854066647431638,6.071572248224823,7,15,11,12,5
blca,PAPILLARY,PathoTME-Fusion50,hive_mil,clip-rn50,16,shared_core62_v1,group,7,high/cell_fibroblast,1.4968821819930178,2.2728909857460593,-0.14473109091857395,8.6,0.6,5,True,0.9924349148489796,0.12472533708865097,0.015002782514342757,0.8640707401855254,5.488177135327589,12,5,16,3,7
blca,PAPILLARY,PathoTME-Fusion50,hive_mil,clip-rn50,16,shared_core62_v1,group,8,high/cell_macrophage,1.4711894859149173,2.5558357713068887,-0.3219565738693547,7.0,0.8,5,True,0.6790874041989873,0.20165574696565225,0.1446234217566815,0.3025722437473769,6.0280086129058885,16,1,3,9,6
blca,PAPILLARY,PathoTME-Fusion50,hive_mil,clip-rn50,16,shared_core62_v1,group,9,high/spatial_fibroblasts,1.3931358742329802,1.9313922904533223,0.1261489503974323,8.6,0.8,5,True,2.0199406691882125,0.0707806329371241,0.040194033273283886,0.31369654558164073,4.52106749018464,4,10,12,8,9
blca,PAPILLARY,PathoTME-Fusion50,hive_mil,clip-rn50,16,shared_core62_v1,group,10,low/global_tissue,1.283807538490016,1.6266116152682764,-0.030995820124800823,6.8,0.8,5,True,1.877139686610965,0.14176831626022635,0.06500889924336645,0.45296767119567916,3.8821531191398426,5,4,8,5,12
blca,PAPILLARY,PathoTME-Fusion50,hive_mil,plip,16,shared_core62_v1,feature,1,AVG_MIN_DISTANCE_OF_FIBROBLASTS_AROUND_CARCINOMA_CELL_IN_WHOLE_TUMOR_REGION_20,1.4698722781150404,2.5296438484682366,-0.28890471333324597,18.2,0.6,5,True,1.2904853252393644,0.05482506665433366,0.019431157314846306,0.09209945289636703,5.89252038847029,6,5,39,38,3
blca,PAPILLARY,PathoTME-Fusion50,hive_mil,plip,16,shared_core62_v1,feature,2,RELATIVE_AREA_OUTER_INVASIVE_MARGIN,1.4449626857479576,2.477440045254592,-0.06789453800274645,24.4,0.4,5,True,1.3286012259833913,0.0015971701277453566,0.04215916606906898,0.08916593815088687,5.763289928408695,5,62,11,40,4
blca,PAPILLARY,PathoTME-Fusion50,hive_mil,plip,16,shared_core62_v1,feature,3,CELL_DENSITY_PLASMA_CELL_IN_INNER_INVASIVE_MARGIN,1.3921120087847925,2.6135860084958233,-0.07206415637042231,22.2,0.2,5,True,0.6777910868586899,0.020480471045363283,0.029440205057299367,0.18996546652977894,6.042882814432831,23,41,24,22,1
blca,PAPILLARY,PathoTME-Fusion50,hive_mil,plip,16,shared_core62_v1,feature,4,CELL_PERCENTAGE_GRANULOCYTE_IN_TUMOR_CORE,1.2771530221709433,2.6420333928010424,-0.07329435847954352,30.6,0.2,5,True,0.25150299933285314,0.024236882000428294,0.02501827027187029,0.08456170713522916,6.000445252114336,43,33,31,44,2
blca,PAPILLARY,PathoTME-Fusion50,hive_mil,plip,16,shared_core62_v1,feature,5,CELL_DENSITY_FIBROBLAST_IN_INNER_INVASIVE_MARGIN,1.240754100994284,2.488059786123128,-0.3272336193356415,30.8,0.2,5,True,0.26567116715343564,0.02289502572222332,0.0054631937988263105,0.22307037862901574,5.686670739667918,40,37,55,16,6
blca,PAPILLARY,PathoTME-Fusion50,hive_mil,plip,16,shared_core62_v1,feature,6,CELL_DENSITY_PLASMA_CELL_IN_TUMOR_CORE,1.228326739082917,2.513964732843367,0.004341341076147753,31.2,0.2,5,True,0.2986574780617843,0.020736116113263307,0.02665806825976807,0.07473548012195319,5.720846552857815,38,40,27,46,5
blca,PAPILLARY,PathoTME-Fusion50,hive_mil,plip,16,shared_core62_v1,feature,7,RATIO_OF_MACROPHAGES_AROUND_CARCINOMA_CELL_IN_WHOLE_TUMOR_REGION_40,1.2191920574723927,2.4919439265573464,0.09803293246136732,26.2,0.4,5,True,0.3216959332820765,0.04915314611031516,0.032007114741943336,0.021783150878841417,5.671320942348787,35,9,21,59,7
blca,PAPILLARY,PathoTME-Fusion50,hive_mil,plip,16,shared_core62_v1,feature,8,TLS_IMMATURE_PRESENT,1.1435705793818953,1.530129098657395,0.3380519612158671,31.4,0.2,5,True,2.690799853705716,0.02766232162126953,0.005099974529210385,0.05148549323896318,2.9428052538143175,1,30,56,53,17
blca,PAPILLARY,PathoTME-Fusion50,hive_mil,plip,16,shared_core62_v1,feature,9,CELL_DENSITY_MACROPHAGE_IN_TUMOR_CORE,1.0953575206394672,2.2702684455209923,-0.22300049105758238,24.4,0.6,5,True,0.16353882888806348,0.060065692712612195,0.04902598231565906,0.048538476615911395,5.155618622665091,48,3,9,54,8
blca,PAPILLARY,PathoTME-Fusion50,hive_mil,plip,16,shared_core62_v1,feature,10,RATIO_OF_PLASMA_CELLS_AROUND_CARCINOMA_CELL_IN_WHOLE_TUMOR_REGION_40,1.0802124268812265,2.219663775552046,0.25588027895332316,37.6,0.2,5,True,0.2915743887959479,0.01839131975072623,0.020536377576946475,0.025214454014875994,5.045345594267636,39,45,37,58,9
blca,PAPILLARY,PathoTME-Fusion50,hive_mil,plip,16,shared_core62_v1,group,1,high/spatial_plasma_cells,2.284700884035513,3.804162640200309,0.16287784580914683,8.0,0.6,5,True,2.316754305885272,0.048908054897005795,0.06478372297376826,0.12763825309442825,8.865420083327091,3,13,9,14,1
blca,PAPILLARY,PathoTME-Fusion50,hive_mil,plip,16,shared_core62_v1,group,2,high/cell_granulocyte,1.7324638123397769,2.8071483519482037,-0.17790629679196285,5.4,1.0,5,True,1.2806896537245183,0.14981614741691365,0.10893001663764136,0.440122003933655,6.6827612399861565,10,3,5,6,3
blca,PAPILLARY,PathoTME-Fusion50,hive_mil,plip,16,shared_core62_v1,group,3,low/tls,1.7243390208086413,2.250168163507173,0.27680582799298803,7.6,0.8,5,True,3.069640408337924,0.09480563309089772,0.02835515762507837,0.37448717994345115,5.0544067250458555,1,7,15,7,8
blca,PAPILLARY,PathoTME-Fusion50,hive_mil,plip,16,shared_core62_v1,group,4,high/spatial_macrophages,1.7144627203676646,3.1916016279230717,0.13200684750971747,8.6,0.6,5,True,0.9116047124424922,0.11869269682317096,0.0952030523213166,0.05867546123177153,7.388137679019571,13,6,6,16,2
blca,PAPILLARY,PathoTME-Fusion50,hive_mil,plip,16,shared_core62_v1,group,5,high/cell_endothelial_cell,1.7018502637086375,2.6562170072251146,-0.18007202598407523,8.6,0.6,5,True,0.6902725378541291,0.08483280985171145,0.02895691391080656,1.3492022028561583,6.355986854070381,15,9,14,1,4
blca,PAPILLARY,PathoTME-Fusion50,hive_mil,plip,16,shared_core62_v1,group,6,low/compartment_extent,1.5588732359047128,2.587933367052208,-0.3363973912699208,10.0,0.4,5,True,1.4242449947503957,0.041691061760472825,0.04831720831355648,0.20854066647431638,6.071572248224823,7,15,11,12,5
blca,PAPILLARY,PathoTME-Fusion50,hive_mil,plip,16,shared_core62_v1,group,7,high/cell_fibroblast,1.4968821819930178,2.2728909857460593,-0.14473109091857395,8.6,0.6,5,True,0.9924349148489796,0.12472533708865097,0.015002782514342757,0.8640707401855254,5.488177135327589,12,5,16,3,7
blca,PAPILLARY,PathoTME-Fusion50,hive_mil,plip,16,shared_core62_v1,group,8,high/cell_macrophage,1.4711894859149173,2.5558357713068887,-0.3219565738693547,7.0,0.8,5,True,0.6790874041989873,0.20165574696565225,0.1446234217566815,0.3025722437473769,6.0280086129058885,16,1,3,9,6
blca,PAPILLARY,PathoTME-Fusion50,hive_mil,plip,16,shared_core62_v1,group,9,high/spatial_fibroblasts,1.3931358742329802,1.9313922904533223,0.1261489503974323,8.6,0.8,5,True,2.0199406691882125,0.0707806329371241,0.040194033273283886,0.31369654558164073,4.52106749018464,4,10,12,8,9
blca,PAPILLARY,PathoTME-Fusion50,hive_mil,plip,16,shared_core62_v1,group,10,low/global_tissue,1.283807538490016,1.6266116152682764,-0.030995820124800823,6.8,0.8,5,True,1.877139686610965,0.14176831626022635,0.06500889924336645,0.45296767119567916,3.8821531191398426,5,4,8,5,12
blca,PAPILLARY,PathoTME-Fusion50,mgpath,clip-rn50,16,shared_core62_v1,feature,1,AVG_MIN_DISTANCE_OF_FIBROBLASTS_AROUND_CARCINOMA_CELL_IN_WHOLE_TUMOR_REGION_20,1.4698722781150404,2.5296438484682366,-0.28890471333324597,18.2,0.6,5,True,1.2904853252393644,0.05482506665433366,0.019431157314846306,0.09209945289636703,5.89252038847029,6,5,39,38,3
blca,PAPILLARY,PathoTME-Fusion50,mgpath,clip-rn50,16,shared_core62_v1,feature,2,RELATIVE_AREA_OUTER_INVASIVE_MARGIN,1.4449626857479576,2.477440045254592,-0.06789453800274645,24.4,0.4,5,True,1.3286012259833913,0.0015971701277453566,0.04215916606906898,0.08916593815088687,5.763289928408695,5,62,11,40,4
blca,PAPILLARY,PathoTME-Fusion50,mgpath,clip-rn50,16,shared_core62_v1,feature,3,CELL_DENSITY_PLASMA_CELL_IN_INNER_INVASIVE_MARGIN,1.3921120087847925,2.6135860084958233,-0.07206415637042231,22.2,0.2,5,True,0.6777910868586899,0.020480471045363283,0.029440205057299367,0.18996546652977894,6.042882814432831,23,41,24,22,1
blca,PAPILLARY,PathoTME-Fusion50,mgpath,clip-rn50,16,shared_core62_v1,feature,4,CELL_PERCENTAGE_GRANULOCYTE_IN_TUMOR_CORE,1.2771530221709433,2.6420333928010424,-0.07329435847954352,30.6,0.2,5,True,0.25150299933285314,0.024236882000428294,0.02501827027187029,0.08456170713522916,6.000445252114336,43,33,31,44,2
blca,PAPILLARY,PathoTME-Fusion50,mgpath,clip-rn50,16,shared_core62_v1,feature,5,CELL_DENSITY_FIBROBLAST_IN_INNER_INVASIVE_MARGIN,1.240754100994284,2.488059786123128,-0.3272336193356415,30.8,0.2,5,True,0.26567116715343564,0.02289502572222332,0.0054631937988263105,0.22307037862901574,5.686670739667918,40,37,55,16,6
blca,PAPILLARY,PathoTME-Fusion50,mgpath,clip-rn50,16,shared_core62_v1,feature,6,CELL_DENSITY_PLASMA_CELL_IN_TUMOR_CORE,1.228326739082917,2.513964732843367,0.004341341076147753,31.2,0.2,5,True,0.2986574780617843,0.020736116113263307,0.02665806825976807,0.07473548012195319,5.720846552857815,38,40,27,46,5
blca,PAPILLARY,PathoTME-Fusion50,mgpath,clip-rn50,16,shared_core62_v1,feature,7,RATIO_OF_MACROPHAGES_AROUND_CARCINOMA_CELL_IN_WHOLE_TUMOR_REGION_40,1.2191920574723927,2.4919439265573464,0.09803293246136732,26.2,0.4,5,True,0.3216959332820765,0.04915314611031516,0.032007114741943336,0.021783150878841417,5.671320942348787,35,9,21,59,7
blca,PAPILLARY,PathoTME-Fusion50,mgpath,clip-rn50,16,shared_core62_v1,feature,8,TLS_IMMATURE_PRESENT,1.1435705793818953,1.530129098657395,0.3380519612158671,31.4,0.2,5,True,2.690799853705716,0.02766232162126953,0.005099974529210385,0.05148549323896318,2.9428052538143175,1,30,56,53,17
blca,PAPILLARY,PathoTME-Fusion50,mgpath,clip-rn50,16,shared_core62_v1,feature,9,CELL_DENSITY_MACROPHAGE_IN_TUMOR_CORE,1.0953575206394672,2.2702684455209923,-0.22300049105758238,24.4,0.6,5,True,0.16353882888806348,0.060065692712612195,0.04902598231565906,0.048538476615911395,5.155618622665091,48,3,9,54,8
blca,PAPILLARY,PathoTME-Fusion50,mgpath,clip-rn50,16,shared_core62_v1,feature,10,RATIO_OF_PLASMA_CELLS_AROUND_CARCINOMA_CELL_IN_WHOLE_TUMOR_REGION_40,1.0802124268812265,2.219663775552046,0.25588027895332316,37.6,0.2,5,True,0.2915743887959479,0.01839131975072623,0.020536377576946475,0.025214454014875994,5.045345594267636,39,45,37,58,9
blca,PAPILLARY,PathoTME-Fusion50,mgpath,clip-rn50,16,shared_core62_v1,group,1,high/spatial_plasma_cells,2.284700884035513,3.804162640200309,0.16287784580914683,8.0,0.6,5,True,2.316754305885272,0.048908054897005795,0.06478372297376826,0.12763825309442825,8.865420083327091,3,13,9,14,1
blca,PAPILLARY,PathoTME-Fusion50,mgpath,clip-rn50,16,shared_core62_v1,group,2,high/cell_granulocyte,1.7324638123397769,2.8071483519482037,-0.17790629679196285,5.4,1.0,5,True,1.2806896537245183,0.14981614741691365,0.10893001663764136,0.440122003933655,6.6827612399861565,10,3,5,6,3
blca,PAPILLARY,PathoTME-Fusion50,mgpath,clip-rn50,16,shared_core62_v1,group,3,low/tls,1.7243390208086413,2.250168163507173,0.27680582799298803,7.6,0.8,5,True,3.069640408337924,0.09480563309089772,0.02835515762507837,0.37448717994345115,5.0544067250458555,1,7,15,7,8
blca,PAPILLARY,PathoTME-Fusion50,mgpath,clip-rn50,16,shared_core62_v1,group,4,high/spatial_macrophages,1.7144627203676646,3.1916016279230717,0.13200684750971747,8.6,0.6,5,True,0.9116047124424922,0.11869269682317096,0.0952030523213166,0.05867546123177153,7.388137679019571,13,6,6,16,2
blca,PAPILLARY,PathoTME-Fusion50,mgpath,clip-rn50,16,shared_core62_v1,group,5,high/cell_endothelial_cell,1.7018502637086375,2.6562170072251146,-0.18007202598407523,8.6,0.6,5,True,0.6902725378541291,0.08483280985171145,0.02895691391080656,1.3492022028561583,6.355986854070381,15,9,14,1,4
blca,PAPILLARY,PathoTME-Fusion50,mgpath,clip-rn50,16,shared_core62_v1,group,6,low/compartment_extent,1.5588732359047128,2.587933367052208,-0.3363973912699208,10.0,0.4,5,True,1.4242449947503957,0.041691061760472825,0.04831720831355648,0.20854066647431638,6.071572248224823,7,15,11,12,5
blca,PAPILLARY,PathoTME-Fusion50,mgpath,clip-rn50,16,shared_core62_v1,group,7,high/cell_fibroblast,1.4968821819930178,2.2728909857460593,-0.14473109091857395,8.6,0.6,5,True,0.9924349148489796,0.12472533708865097,0.015002782514342757,0.8640707401855254,5.488177135327589,12,5,16,3,7
blca,PAPILLARY,PathoTME-Fusion50,mgpath,clip-rn50,16,shared_core62_v1,group,8,high/cell_macrophage,1.4711894859149173,2.5558357713068887,-0.3219565738693547,7.0,0.8,5,True,0.6790874041989873,0.20165574696565225,0.1446234217566815,0.3025722437473769,6.0280086129058885,16,1,3,9,6
blca,PAPILLARY,PathoTME-Fusion50,mgpath,clip-rn50,16,shared_core62_v1,group,9,high/spatial_fibroblasts,1.3931358742329802,1.9313922904533223,0.1261489503974323,8.6,0.8,5,True,2.0199406691882125,0.0707806329371241,0.040194033273283886,0.31369654558164073,4.52106749018464,4,10,12,8,9
blca,PAPILLARY,PathoTME-Fusion50,mgpath,clip-rn50,16,shared_core62_v1,group,10,low/global_tissue,1.283807538490016,1.6266116152682764,-0.030995820124800823,6.8,0.8,5,True,1.877139686610965,0.14176831626022635,0.06500889924336645,0.45296767119567916,3.8821531191398426,5,4,8,5,12
blca,PAPILLARY,PathoTME-Fusion50,mgpath,plip,16,shared_core62_v1,feature,1,AVG_MIN_DISTANCE_OF_FIBROBLASTS_AROUND_CARCINOMA_CELL_IN_WHOLE_TUMOR_REGION_20,1.4698722781150404,2.5296438484682366,-0.28890471333324597,18.2,0.6,5,True,1.2904853252393644,0.05482506665433366,0.019431157314846306,0.09209945289636703,5.89252038847029,6,5,39,38,3
blca,PAPILLARY,PathoTME-Fusion50,mgpath,plip,16,shared_core62_v1,feature,2,RELATIVE_AREA_OUTER_INVASIVE_MARGIN,1.4449626857479576,2.477440045254592,-0.06789453800274645,24.4,0.4,5,True,1.3286012259833913,0.0015971701277453566,0.04215916606906898,0.08916593815088687,5.763289928408695,5,62,11,40,4
blca,PAPILLARY,PathoTME-Fusion50,mgpath,plip,16,shared_core62_v1,feature,3,CELL_DENSITY_PLASMA_CELL_IN_INNER_INVASIVE_MARGIN,1.3921120087847925,2.6135860084958233,-0.07206415637042231,22.2,0.2,5,True,0.6777910868586899,0.020480471045363283,0.029440205057299367,0.18996546652977894,6.042882814432831,23,41,24,22,1
blca,PAPILLARY,PathoTME-Fusion50,mgpath,plip,16,shared_core62_v1,feature,4,CELL_PERCENTAGE_GRANULOCYTE_IN_TUMOR_CORE,1.2771530221709433,2.6420333928010424,-0.07329435847954352,30.6,0.2,5,True,0.25150299933285314,0.024236882000428294,0.02501827027187029,0.08456170713522916,6.000445252114336,43,33,31,44,2
blca,PAPILLARY,PathoTME-Fusion50,mgpath,plip,16,shared_core62_v1,feature,5,CELL_DENSITY_FIBROBLAST_IN_INNER_INVASIVE_MARGIN,1.240754100994284,2.488059786123128,-0.3272336193356415,30.8,0.2,5,True,0.26567116715343564,0.02289502572222332,0.0054631937988263105,0.22307037862901574,5.686670739667918,40,37,55,16,6
blca,PAPILLARY,PathoTME-Fusion50,mgpath,plip,16,shared_core62_v1,feature,6,CELL_DENSITY_PLASMA_CELL_IN_TUMOR_CORE,1.228326739082917,2.513964732843367,0.004341341076147753,31.2,0.2,5,True,0.2986574780617843,0.020736116113263307,0.02665806825976807,0.07473548012195319,5.720846552857815,38,40,27,46,5
blca,PAPILLARY,PathoTME-Fusion50,mgpath,plip,16,shared_core62_v1,feature,7,RATIO_OF_MACROPHAGES_AROUND_CARCINOMA_CELL_IN_WHOLE_TUMOR_REGION_40,1.2191920574723927,2.4919439265573464,0.09803293246136732,26.2,0.4,5,True,0.3216959332820765,0.04915314611031516,0.032007114741943336,0.021783150878841417,5.671320942348787,35,9,21,59,7
blca,PAPILLARY,PathoTME-Fusion50,mgpath,plip,16,shared_core62_v1,feature,8,TLS_IMMATURE_PRESENT,1.1435705793818953,1.530129098657395,0.3380519612158671,31.4,0.2,5,True,2.690799853705716,0.02766232162126953,0.005099974529210385,0.05148549323896318,2.9428052538143175,1,30,56,53,17
blca,PAPILLARY,PathoTME-Fusion50,mgpath,plip,16,shared_core62_v1,feature,9,CELL_DENSITY_MACROPHAGE_IN_TUMOR_CORE,1.0953575206394672,2.2702684455209923,-0.22300049105758238,24.4,0.6,5,True,0.16353882888806348,0.060065692712612195,0.04902598231565906,0.048538476615911395,5.155618622665091,48,3,9,54,8
blca,PAPILLARY,PathoTME-Fusion50,mgpath,plip,16,shared_core62_v1,feature,10,RATIO_OF_PLASMA_CELLS_AROUND_CARCINOMA_CELL_IN_WHOLE_TUMOR_REGION_40,1.0802124268812265,2.219663775552046,0.25588027895332316,37.6,0.2,5,True,0.2915743887959479,0.01839131975072623,0.020536377576946475,0.025214454014875994,5.045345594267636,39,45,37,58,9
blca,PAPILLARY,PathoTME-Fusion50,mgpath,plip,16,shared_core62_v1,group,1,high/spatial_plasma_cells,2.284700884035513,3.804162640200309,0.16287784580914683,8.0,0.6,5,True,2.316754305885272,0.048908054897005795,0.06478372297376826,0.12763825309442825,8.865420083327091,3,13,9,14,1
blca,PAPILLARY,PathoTME-Fusion50,mgpath,plip,16,shared_core62_v1,group,2,high/cell_granulocyte,1.7324638123397769,2.8071483519482037,-0.17790629679196285,5.4,1.0,5,True,1.2806896537245183,0.14981614741691365,0.10893001663764136,0.440122003933655,6.6827612399861565,10,3,5,6,3
blca,PAPILLARY,PathoTME-Fusion50,mgpath,plip,16,shared_core62_v1,group,3,low/tls,1.7243390208086413,2.250168163507173,0.27680582799298803,7.6,0.8,5,True,3.069640408337924,0.09480563309089772,0.02835515762507837,0.37448717994345115,5.0544067250458555,1,7,15,7,8
blca,PAPILLARY,PathoTME-Fusion50,mgpath,plip,16,shared_core62_v1,group,4,high/spatial_macrophages,1.7144627203676646,3.1916016279230717,0.13200684750971747,8.6,0.6,5,True,0.9116047124424922,0.11869269682317096,0.0952030523213166,0.05867546123177153,7.388137679019571,13,6,6,16,2
blca,PAPILLARY,PathoTME-Fusion50,mgpath,plip,16,shared_core62_v1,group,5,high/cell_endothelial_cell,1.7018502637086375,2.6562170072251146,-0.18007202598407523,8.6,0.6,5,True,0.6902725378541291,0.08483280985171145,0.02895691391080656,1.3492022028561583,6.355986854070381,15,9,14,1,4
blca,PAPILLARY,PathoTME-Fusion50,mgpath,plip,16,shared_core62_v1,group,6,low/compartment_extent,1.5588732359047128,2.587933367052208,-0.3363973912699208,10.0,0.4,5,True,1.4242449947503957,0.041691061760472825,0.04831720831355648,0.20854066647431638,6.071572248224823,7,15,11,12,5
blca,PAPILLARY,PathoTME-Fusion50,mgpath,plip,16,shared_core62_v1,group,7,high/cell_fibroblast,1.4968821819930178,2.2728909857460593,-0.14473109091857395,8.6,0.6,5,True,0.9924349148489796,0.12472533708865097,0.015002782514342757,0.8640707401855254,5.488177135327589,12,5,16,3,7
blca,PAPILLARY,PathoTME-Fusion50,mgpath,plip,16,shared_core62_v1,group,8,high/cell_macrophage,1.4711894859149173,2.5558357713068887,-0.3219565738693547,7.0,0.8,5,True,0.6790874041989873,0.20165574696565225,0.1446234217566815,0.3025722437473769,6.0280086129058885,16,1,3,9,6
blca,PAPILLARY,PathoTME-Fusion50,mgpath,plip,16,shared_core62_v1,group,9,high/spatial_fibroblasts,1.3931358742329802,1.9313922904533223,0.1261489503974323,8.6,0.8,5,True,2.0199406691882125,0.0707806329371241,0.040194033273283886,0.31369654558164073,4.52106749018464,4,10,12,8,9
blca,PAPILLARY,PathoTME-Fusion50,mgpath,plip,16,shared_core62_v1,group,10,low/global_tissue,1.283807538490016,1.6266116152682764,-0.030995820124800823,6.8,0.8,5,True,1.877139686610965,0.14176831626022635,0.06500889924336645,0.45296767119567916,3.8821531191398426,5,4,8,5,12
blca,PAPILLARY,PathoTME-Fusion50,mscpt,clip-rn50,16,shared_core62_v1,feature,1,AVG_MIN_DISTANCE_OF_FIBROBLASTS_AROUND_CARCINOMA_CELL_IN_WHOLE_TUMOR_REGION_20,1.4698722781150404,2.5296438484682366,-0.28890471333324597,18.2,0.6,5,True,1.2904853252393644,0.05482506665433366,0.019431157314846306,0.09209945289636703,5.89252038847029,6,5,39,38,3
blca,PAPILLARY,PathoTME-Fusion50,mscpt,clip-rn50,16,shared_core62_v1,feature,2,RELATIVE_AREA_OUTER_INVASIVE_MARGIN,1.4449626857479576,2.477440045254592,-0.06789453800274645,24.4,0.4,5,True,1.3286012259833913,0.0015971701277453566,0.04215916606906898,0.08916593815088687,5.763289928408695,5,62,11,40,4
blca,PAPILLARY,PathoTME-Fusion50,mscpt,clip-rn50,16,shared_core62_v1,feature,3,CELL_DENSITY_PLASMA_CELL_IN_INNER_INVASIVE_MARGIN,1.3921120087847925,2.6135860084958233,-0.07206415637042231,22.2,0.2,5,True,0.6777910868586899,0.020480471045363283,0.029440205057299367,0.18996546652977894,6.042882814432831,23,41,24,22,1
blca,PAPILLARY,PathoTME-Fusion50,mscpt,clip-rn50,16,shared_core62_v1,feature,4,CELL_PERCENTAGE_GRANULOCYTE_IN_TUMOR_CORE,1.2771530221709433,2.6420333928010424,-0.07329435847954352,30.6,0.2,5,True,0.25150299933285314,0.024236882000428294,0.02501827027187029,0.08456170713522916,6.000445252114336,43,33,31,44,2
blca,PAPILLARY,PathoTME-Fusion50,mscpt,clip-rn50,16,shared_core62_v1,feature,5,CELL_DENSITY_FIBROBLAST_IN_INNER_INVASIVE_MARGIN,1.240754100994284,2.488059786123128,-0.3272336193356415,30.8,0.2,5,True,0.26567116715343564,0.02289502572222332,0.0054631937988263105,0.22307037862901574,5.686670739667918,40,37,55,16,6
blca,PAPILLARY,PathoTME-Fusion50,mscpt,clip-rn50,16,shared_core62_v1,feature,6,CELL_DENSITY_PLASMA_CELL_IN_TUMOR_CORE,1.228326739082917,2.513964732843367,0.004341341076147753,31.2,0.2,5,True,0.2986574780617843,0.020736116113263307,0.02665806825976807,0.07473548012195319,5.720846552857815,38,40,27,46,5
blca,PAPILLARY,PathoTME-Fusion50,mscpt,clip-rn50,16,shared_core62_v1,feature,7,RATIO_OF_MACROPHAGES_AROUND_CARCINOMA_CELL_IN_WHOLE_TUMOR_REGION_40,1.2191920574723927,2.4919439265573464,0.09803293246136732,26.2,0.4,5,True,0.3216959332820765,0.04915314611031516,0.032007114741943336,0.021783150878841417,5.671320942348787,35,9,21,59,7
blca,PAPILLARY,PathoTME-Fusion50,mscpt,clip-rn50,16,shared_core62_v1,feature,8,TLS_IMMATURE_PRESENT,1.1435705793818953,1.530129098657395,0.3380519612158671,31.4,0.2,5,True,2.690799853705716,0.02766232162126953,0.005099974529210385,0.05148549323896318,2.9428052538143175,1,30,56,53,17
blca,PAPILLARY,PathoTME-Fusion50,mscpt,clip-rn50,16,shared_core62_v1,feature,9,CELL_DENSITY_MACROPHAGE_IN_TUMOR_CORE,1.0953575206394672,2.2702684455209923,-0.22300049105758238,24.4,0.6,5,True,0.16353882888806348,0.060065692712612195,0.04902598231565906,0.048538476615911395,5.155618622665091,48,3,9,54,8
blca,PAPILLARY,PathoTME-Fusion50,mscpt,clip-rn50,16,shared_core62_v1,feature,10,RATIO_OF_PLASMA_CELLS_AROUND_CARCINOMA_CELL_IN_WHOLE_TUMOR_REGION_40,1.0802124268812265,2.219663775552046,0.25588027895332316,37.6,0.2,5,True,0.2915743887959479,0.01839131975072623,0.020536377576946475,0.025214454014875994,5.045345594267636,39,45,37,58,9
blca,PAPILLARY,PathoTME-Fusion50,mscpt,clip-rn50,16,shared_core62_v1,group,1,high/spatial_plasma_cells,2.284700884035513,3.804162640200309,0.16287784580914683,8.0,0.6,5,True,2.316754305885272,0.048908054897005795,0.06478372297376826,0.12763825309442825,8.865420083327091,3,13,9,14,1
blca,PAPILLARY,PathoTME-Fusion50,mscpt,clip-rn50,16,shared_core62_v1,group,2,high/cell_granulocyte,1.7324638123397769,2.8071483519482037,-0.17790629679196285,5.4,1.0,5,True,1.2806896537245183,0.14981614741691365,0.10893001663764136,0.440122003933655,6.6827612399861565,10,3,5,6,3
blca,PAPILLARY,PathoTME-Fusion50,mscpt,clip-rn50,16,shared_core62_v1,group,3,low/tls,1.7243390208086413,2.250168163507173,0.27680582799298803,7.6,0.8,5,True,3.069640408337924,0.09480563309089772,0.02835515762507837,0.37448717994345115,5.0544067250458555,1,7,15,7,8
blca,PAPILLARY,PathoTME-Fusion50,mscpt,clip-rn50,16,shared_core62_v1,group,4,high/spatial_macrophages,1.7144627203676646,3.1916016279230717,0.13200684750971747,8.6,0.6,5,True,0.9116047124424922,0.11869269682317096,0.0952030523213166,0.05867546123177153,7.388137679019571,13,6,6,16,2
blca,PAPILLARY,PathoTME-Fusion50,mscpt,clip-rn50,16,shared_core62_v1,group,5,high/cell_endothelial_cell,1.7018502637086375,2.6562170072251146,-0.18007202598407523,8.6,0.6,5,True,0.6902725378541291,0.08483280985171145,0.02895691391080656,1.3492022028561583,6.355986854070381,15,9,14,1,4
blca,PAPILLARY,PathoTME-Fusion50,mscpt,clip-rn50,16,shared_core62_v1,group,6,low/compartment_extent,1.5588732359047128,2.587933367052208,-0.3363973912699208,10.0,0.4,5,True,1.4242449947503957,0.041691061760472825,0.04831720831355648,0.20854066647431638,6.071572248224823,7,15,11,12,5
blca,PAPILLARY,PathoTME-Fusion50,mscpt,clip-rn50,16,shared_core62_v1,group,7,high/cell_fibroblast,1.4968821819930178,2.2728909857460593,-0.14473109091857395,8.6,0.6,5,True,0.9924349148489796,0.12472533708865097,0.015002782514342757,0.8640707401855254,5.488177135327589,12,5,16,3,7
blca,PAPILLARY,PathoTME-Fusion50,mscpt,clip-rn50,16,shared_core62_v1,group,8,high/cell_macrophage,1.4711894859149173,2.5558357713068887,-0.3219565738693547,7.0,0.8,5,True,0.6790874041989873,0.20165574696565225,0.1446234217566815,0.3025722437473769,6.0280086129058885,16,1,3,9,6
blca,PAPILLARY,PathoTME-Fusion50,mscpt,clip-rn50,16,shared_core62_v1,group,9,high/spatial_fibroblasts,1.3931358742329802,1.9313922904533223,0.1261489503974323,8.6,0.8,5,True,2.0199406691882125,0.0707806329371241,0.040194033273283886,0.31369654558164073,4.52106749018464,4,10,12,8,9
blca,PAPILLARY,PathoTME-Fusion50,mscpt,clip-rn50,16,shared_core62_v1,group,10,low/global_tissue,1.283807538490016,1.6266116152682764,-0.030995820124800823,6.8,0.8,5,True,1.877139686610965,0.14176831626022635,0.06500889924336645,0.45296767119567916,3.8821531191398426,5,4,8,5,12
blca,PAPILLARY,PathoTME-Fusion50,mscpt,plip,16,shared_core62_v1,feature,1,AVG_MIN_DISTANCE_OF_FIBROBLASTS_AROUND_CARCINOMA_CELL_IN_WHOLE_TUMOR_REGION_20,1.4698722781150404,2.5296438484682366,-0.28890471333324597,18.2,0.6,5,True,1.2904853252393644,0.05482506665433366,0.019431157314846306,0.09209945289636703,5.89252038847029,6,5,39,38,3
blca,PAPILLARY,PathoTME-Fusion50,mscpt,plip,16,shared_core62_v1,feature,2,RELATIVE_AREA_OUTER_INVASIVE_MARGIN,1.4449626857479576,2.477440045254592,-0.06789453800274645,24.4,0.4,5,True,1.3286012259833913,0.0015971701277453566,0.04215916606906898,0.08916593815088687,5.763289928408695,5,62,11,40,4
blca,PAPILLARY,PathoTME-Fusion50,mscpt,plip,16,shared_core62_v1,feature,3,CELL_DENSITY_PLASMA_CELL_IN_INNER_INVASIVE_MARGIN,1.3921120087847925,2.6135860084958233,-0.07206415637042231,22.2,0.2,5,True,0.6777910868586899,0.020480471045363283,0.029440205057299367,0.18996546652977894,6.042882814432831,23,41,24,22,1
blca,PAPILLARY,PathoTME-Fusion50,mscpt,plip,16,shared_core62_v1,feature,4,CELL_PERCENTAGE_GRANULOCYTE_IN_TUMOR_CORE,1.2771530221709433,2.6420333928010424,-0.07329435847954352,30.6,0.2,5,True,0.25150299933285314,0.024236882000428294,0.02501827027187029,0.08456170713522916,6.000445252114336,43,33,31,44,2
blca,PAPILLARY,PathoTME-Fusion50,mscpt,plip,16,shared_core62_v1,feature,5,CELL_DENSITY_FIBROBLAST_IN_INNER_INVASIVE_MARGIN,1.240754100994284,2.488059786123128,-0.3272336193356415,30.8,0.2,5,True,0.26567116715343564,0.02289502572222332,0.0054631937988263105,0.22307037862901574,5.686670739667918,40,37,55,16,6
blca,PAPILLARY,PathoTME-Fusion50,mscpt,plip,16,shared_core62_v1,feature,6,CELL_DENSITY_PLASMA_CELL_IN_TUMOR_CORE,1.228326739082917,2.513964732843367,0.004341341076147753,31.2,0.2,5,True,0.2986574780617843,0.020736116113263307,0.02665806825976807,0.07473548012195319,5.720846552857815,38,40,27,46,5
blca,PAPILLARY,PathoTME-Fusion50,mscpt,plip,16,shared_core62_v1,feature,7,RATIO_OF_MACROPHAGES_AROUND_CARCINOMA_CELL_IN_WHOLE_TUMOR_REGION_40,1.2191920574723927,2.4919439265573464,0.09803293246136732,26.2,0.4,5,True,0.3216959332820765,0.04915314611031516,0.032007114741943336,0.021783150878841417,5.671320942348787,35,9,21,59,7
blca,PAPILLARY,PathoTME-Fusion50,mscpt,plip,16,shared_core62_v1,feature,8,TLS_IMMATURE_PRESENT,1.1435705793818953,1.530129098657395,0.3380519612158671,31.4,0.2,5,True,2.690799853705716,0.02766232162126953,0.005099974529210385,0.05148549323896318,2.9428052538143175,1,30,56,53,17
blca,PAPILLARY,PathoTME-Fusion50,mscpt,plip,16,shared_core62_v1,feature,9,CELL_DENSITY_MACROPHAGE_IN_TUMOR_CORE,1.0953575206394672,2.2702684455209923,-0.22300049105758238,24.4,0.6,5,True,0.16353882888806348,0.060065692712612195,0.04902598231565906,0.048538476615911395,5.155618622665091,48,3,9,54,8
blca,PAPILLARY,PathoTME-Fusion50,mscpt,plip,16,shared_core62_v1,feature,10,RATIO_OF_PLASMA_CELLS_AROUND_CARCINOMA_CELL_IN_WHOLE_TUMOR_REGION_40,1.0802124268812265,2.219663775552046,0.25588027895332316,37.6,0.2,5,True,0.2915743887959479,0.01839131975072623,0.020536377576946475,0.025214454014875994,5.045345594267636,39,45,37,58,9
blca,PAPILLARY,PathoTME-Fusion50,mscpt,plip,16,shared_core62_v1,group,1,high/spatial_plasma_cells,2.284700884035513,3.804162640200309,0.16287784580914683,8.0,0.6,5,True,2.316754305885272,0.048908054897005795,0.06478372297376826,0.12763825309442825,8.865420083327091,3,13,9,14,1
blca,PAPILLARY,PathoTME-Fusion50,mscpt,plip,16,shared_core62_v1,group,2,high/cell_granulocyte,1.7324638123397769,2.8071483519482037,-0.17790629679196285,5.4,1.0,5,True,1.2806896537245183,0.14981614741691365,0.10893001663764136,0.440122003933655,6.6827612399861565,10,3,5,6,3
blca,PAPILLARY,PathoTME-Fusion50,mscpt,plip,16,shared_core62_v1,group,3,low/tls,1.7243390208086413,2.250168163507173,0.27680582799298803,7.6,0.8,5,True,3.069640408337924,0.09480563309089772,0.02835515762507837,0.37448717994345115,5.0544067250458555,1,7,15,7,8
blca,PAPILLARY,PathoTME-Fusion50,mscpt,plip,16,shared_core62_v1,group,4,high/spatial_macrophages,1.7144627203676646,3.1916016279230717,0.13200684750971747,8.6,0.6,5,True,0.9116047124424922,0.11869269682317096,0.0952030523213166,0.05867546123177153,7.388137679019571,13,6,6,16,2
blca,PAPILLARY,PathoTME-Fusion50,mscpt,plip,16,shared_core62_v1,group,5,high/cell_endothelial_cell,1.7018502637086375,2.6562170072251146,-0.18007202598407523,8.6,0.6,5,True,0.6902725378541291,0.08483280985171145,0.02895691391080656,1.3492022028561583,6.355986854070381,15,9,14,1,4
blca,PAPILLARY,PathoTME-Fusion50,mscpt,plip,16,shared_core62_v1,group,6,low/compartment_extent,1.5588732359047128,2.587933367052208,-0.3363973912699208,10.0,0.4,5,True,1.4242449947503957,0.041691061760472825,0.04831720831355648,0.20854066647431638,6.071572248224823,7,15,11,12,5
blca,PAPILLARY,PathoTME-Fusion50,mscpt,plip,16,shared_core62_v1,group,7,high/cell_fibroblast,1.4968821819930178,2.2728909857460593,-0.14473109091857395,8.6,0.6,5,True,0.9924349148489796,0.12472533708865097,0.015002782514342757,0.8640707401855254,5.488177135327589,12,5,16,3,7
blca,PAPILLARY,PathoTME-Fusion50,mscpt,plip,16,shared_core62_v1,group,8,high/cell_macrophage,1.4711894859149173,2.5558357713068887,-0.3219565738693547,7.0,0.8,5,True,0.6790874041989873,0.20165574696565225,0.1446234217566815,0.3025722437473769,6.0280086129058885,16,1,3,9,6
blca,PAPILLARY,PathoTME-Fusion50,mscpt,plip,16,shared_core62_v1,group,9,high/spatial_fibroblasts,1.3931358742329802,1.9313922904533223,0.1261489503974323,8.6,0.8,5,True,2.0199406691882125,0.0707806329371241,0.040194033273283886,0.31369654558164073,4.52106749018464,4,10,12,8,9
blca,PAPILLARY,PathoTME-Fusion50,mscpt,plip,16,shared_core62_v1,group,10,low/global_tissue,1.283807538490016,1.6266116152682764,-0.030995820124800823,6.8,0.8,5,True,1.877139686610965,0.14176831626022635,0.06500889924336645,0.45296767119567916,3.8821531191398426,5,4,8,5,12
blca,PAPILLARY,PathoTME-Fusion50,muse,clip-rn50,16,shared_core62_v1,feature,1,AVG_MIN_DISTANCE_OF_FIBROBLASTS_AROUND_CARCINOMA_CELL_IN_WHOLE_TUMOR_REGION_20,1.4698722781150404,2.5296438484682366,-0.28890471333324597,18.2,0.6,5,True,1.2904853252393644,0.05482506665433366,0.019431157314846306,0.09209945289636703,5.89252038847029,6,5,39,38,3
blca,PAPILLARY,PathoTME-Fusion50,muse,clip-rn50,16,shared_core62_v1,feature,2,RELATIVE_AREA_OUTER_INVASIVE_MARGIN,1.4449626857479576,2.477440045254592,-0.06789453800274645,24.4,0.4,5,True,1.3286012259833913,0.0015971701277453566,0.04215916606906898,0.08916593815088687,5.763289928408695,5,62,11,40,4
blca,PAPILLARY,PathoTME-Fusion50,muse,clip-rn50,16,shared_core62_v1,feature,3,CELL_DENSITY_PLASMA_CELL_IN_INNER_INVASIVE_MARGIN,1.3921120087847925,2.6135860084958233,-0.07206415637042231,22.2,0.2,5,True,0.6777910868586899,0.020480471045363283,0.029440205057299367,0.18996546652977894,6.042882814432831,23,41,24,22,1
blca,PAPILLARY,PathoTME-Fusion50,muse,clip-rn50,16,shared_core62_v1,feature,4,CELL_PERCENTAGE_GRANULOCYTE_IN_TUMOR_CORE,1.2771530221709433,2.6420333928010424,-0.07329435847954352,30.6,0.2,5,True,0.25150299933285314,0.024236882000428294,0.02501827027187029,0.08456170713522916,6.000445252114336,43,33,31,44,2
blca,PAPILLARY,PathoTME-Fusion50,muse,clip-rn50,16,shared_core62_v1,feature,5,CELL_DENSITY_FIBROBLAST_IN_INNER_INVASIVE_MARGIN,1.240754100994284,2.488059786123128,-0.3272336193356415,30.8,0.2,5,True,0.26567116715343564,0.02289502572222332,0.0054631937988263105,0.22307037862901574,5.686670739667918,40,37,55,16,6
blca,PAPILLARY,PathoTME-Fusion50,muse,clip-rn50,16,shared_core62_v1,feature,6,CELL_DENSITY_PLASMA_CELL_IN_TUMOR_CORE,1.228326739082917,2.513964732843367,0.004341341076147753,31.2,0.2,5,True,0.2986574780617843,0.020736116113263307,0.02665806825976807,0.07473548012195319,5.720846552857815,38,40,27,46,5
blca,PAPILLARY,PathoTME-Fusion50,muse,clip-rn50,16,shared_core62_v1,feature,7,RATIO_OF_MACROPHAGES_AROUND_CARCINOMA_CELL_IN_WHOLE_TUMOR_REGION_40,1.2191920574723927,2.4919439265573464,0.09803293246136732,26.2,0.4,5,True,0.3216959332820765,0.04915314611031516,0.032007114741943336,0.021783150878841417,5.671320942348787,35,9,21,59,7
blca,PAPILLARY,PathoTME-Fusion50,muse,clip-rn50,16,shared_core62_v1,feature,8,TLS_IMMATURE_PRESENT,1.1435705793818953,1.530129098657395,0.3380519612158671,31.4,0.2,5,True,2.690799853705716,0.02766232162126953,0.005099974529210385,0.05148549323896318,2.9428052538143175,1,30,56,53,17
blca,PAPILLARY,PathoTME-Fusion50,muse,clip-rn50,16,shared_core62_v1,feature,9,CELL_DENSITY_MACROPHAGE_IN_TUMOR_CORE,1.0953575206394672,2.2702684455209923,-0.22300049105758238,24.4,0.6,5,True,0.16353882888806348,0.060065692712612195,0.04902598231565906,0.048538476615911395,5.155618622665091,48,3,9,54,8
blca,PAPILLARY,PathoTME-Fusion50,muse,clip-rn50,16,shared_core62_v1,feature,10,RATIO_OF_PLASMA_CELLS_AROUND_CARCINOMA_CELL_IN_WHOLE_TUMOR_REGION_40,1.0802124268812265,2.219663775552046,0.25588027895332316,37.6,0.2,5,True,0.2915743887959479,0.01839131975072623,0.020536377576946475,0.025214454014875994,5.045345594267636,39,45,37,58,9
blca,PAPILLARY,PathoTME-Fusion50,muse,clip-rn50,16,shared_core62_v1,group,1,high/spatial_plasma_cells,2.284700884035513,3.804162640200309,0.16287784580914683,8.0,0.6,5,True,2.316754305885272,0.048908054897005795,0.06478372297376826,0.12763825309442825,8.865420083327091,3,13,9,14,1
blca,PAPILLARY,PathoTME-Fusion50,muse,clip-rn50,16,shared_core62_v1,group,2,high/cell_granulocyte,1.7324638123397769,2.8071483519482037,-0.17790629679196285,5.4,1.0,5,True,1.2806896537245183,0.14981614741691365,0.10893001663764136,0.440122003933655,6.6827612399861565,10,3,5,6,3
blca,PAPILLARY,PathoTME-Fusion50,muse,clip-rn50,16,shared_core62_v1,group,3,low/tls,1.7243390208086413,2.250168163507173,0.27680582799298803,7.6,0.8,5,True,3.069640408337924,0.09480563309089772,0.02835515762507837,0.37448717994345115,5.0544067250458555,1,7,15,7,8
blca,PAPILLARY,PathoTME-Fusion50,muse,clip-rn50,16,shared_core62_v1,group,4,high/spatial_macrophages,1.7144627203676646,3.1916016279230717,0.13200684750971747,8.6,0.6,5,True,0.9116047124424922,0.11869269682317096,0.0952030523213166,0.05867546123177153,7.388137679019571,13,6,6,16,2
blca,PAPILLARY,PathoTME-Fusion50,muse,clip-rn50,16,shared_core62_v1,group,5,high/cell_endothelial_cell,1.7018502637086375,2.6562170072251146,-0.18007202598407523,8.6,0.6,5,True,0.6902725378541291,0.08483280985171145,0.02895691391080656,1.3492022028561583,6.355986854070381,15,9,14,1,4
blca,PAPILLARY,PathoTME-Fusion50,muse,clip-rn50,16,shared_core62_v1,group,6,low/compartment_extent,1.5588732359047128,2.587933367052208,-0.3363973912699208,10.0,0.4,5,True,1.4242449947503957,0.041691061760472825,0.04831720831355648,0.20854066647431638,6.071572248224823,7,15,11,12,5
blca,PAPILLARY,PathoTME-Fusion50,muse,clip-rn50,16,shared_core62_v1,group,7,high/cell_fibroblast,1.4968821819930178,2.2728909857460593,-0.14473109091857395,8.6,0.6,5,True,0.9924349148489796,0.12472533708865097,0.015002782514342757,0.8640707401855254,5.488177135327589,12,5,16,3,7
blca,PAPILLARY,PathoTME-Fusion50,muse,clip-rn50,16,shared_core62_v1,group,8,high/cell_macrophage,1.4711894859149173,2.5558357713068887,-0.3219565738693547,7.0,0.8,5,True,0.6790874041989873,0.20165574696565225,0.1446234217566815,0.3025722437473769,6.0280086129058885,16,1,3,9,6
blca,PAPILLARY,PathoTME-Fusion50,muse,clip-rn50,16,shared_core62_v1,group,9,high/spatial_fibroblasts,1.3931358742329802,1.9313922904533223,0.1261489503974323,8.6,0.8,5,True,2.0199406691882125,0.0707806329371241,0.040194033273283886,0.31369654558164073,4.52106749018464,4,10,12,8,9
blca,PAPILLARY,PathoTME-Fusion50,muse,clip-rn50,16,shared_core62_v1,group,10,low/global_tissue,1.283807538490016,1.6266116152682764,-0.030995820124800823,6.8,0.8,5,True,1.877139686610965,0.14176831626022635,0.06500889924336645,0.45296767119567916,3.8821531191398426,5,4,8,5,12
blca,PAPILLARY,PathoTME-Fusion50,muse,plip,16,shared_core62_v1,feature,1,AVG_MIN_DISTANCE_OF_FIBROBLASTS_AROUND_CARCINOMA_CELL_IN_WHOLE_TUMOR_REGION_20,1.4698722781150404,2.5296438484682366,-0.28890471333324597,18.2,0.6,5,True,1.2904853252393644,0.05482506665433366,0.019431157314846306,0.09209945289636703,5.89252038847029,6,5,39,38,3
blca,PAPILLARY,PathoTME-Fusion50,muse,plip,16,shared_core62_v1,feature,2,RELATIVE_AREA_OUTER_INVASIVE_MARGIN,1.4449626857479576,2.477440045254592,-0.06789453800274645,24.4,0.4,5,True,1.3286012259833913,0.0015971701277453566,0.04215916606906898,0.08916593815088687,5.763289928408695,5,62,11,40,4
blca,PAPILLARY,PathoTME-Fusion50,muse,plip,16,shared_core62_v1,feature,3,CELL_DENSITY_PLASMA_CELL_IN_INNER_INVASIVE_MARGIN,1.3921120087847925,2.6135860084958233,-0.07206415637042231,22.2,0.2,5,True,0.6777910868586899,0.020480471045363283,0.029440205057299367,0.18996546652977894,6.042882814432831,23,41,24,22,1
blca,PAPILLARY,PathoTME-Fusion50,muse,plip,16,shared_core62_v1,feature,4,CELL_PERCENTAGE_GRANULOCYTE_IN_TUMOR_CORE,1.2771530221709433,2.6420333928010424,-0.07329435847954352,30.6,0.2,5,True,0.25150299933285314,0.024236882000428294,0.02501827027187029,0.08456170713522916,6.000445252114336,43,33,31,44,2
blca,PAPILLARY,PathoTME-Fusion50,muse,plip,16,shared_core62_v1,feature,5,CELL_DENSITY_FIBROBLAST_IN_INNER_INVASIVE_MARGIN,1.240754100994284,2.488059786123128,-0.3272336193356415,30.8,0.2,5,True,0.26567116715343564,0.02289502572222332,0.0054631937988263105,0.22307037862901574,5.686670739667918,40,37,55,16,6
blca,PAPILLARY,PathoTME-Fusion50,muse,plip,16,shared_core62_v1,feature,6,CELL_DENSITY_PLASMA_CELL_IN_TUMOR_CORE,1.228326739082917,2.513964732843367,0.004341341076147753,31.2,0.2,5,True,0.2986574780617843,0.020736116113263307,0.02665806825976807,0.07473548012195319,5.720846552857815,38,40,27,46,5
blca,PAPILLARY,PathoTME-Fusion50,muse,plip,16,shared_core62_v1,feature,7,RATIO_OF_MACROPHAGES_AROUND_CARCINOMA_CELL_IN_WHOLE_TUMOR_REGION_40,1.2191920574723927,2.4919439265573464,0.09803293246136732,26.2,0.4,5,True,0.3216959332820765,0.04915314611031516,0.032007114741943336,0.021783150878841417,5.671320942348787,35,9,21,59,7
blca,PAPILLARY,PathoTME-Fusion50,muse,plip,16,shared_core62_v1,feature,8,TLS_IMMATURE_PRESENT,1.1435705793818953,1.530129098657395,0.3380519612158671,31.4,0.2,5,True,2.690799853705716,0.02766232162126953,0.005099974529210385,0.05148549323896318,2.9428052538143175,1,30,56,53,17
blca,PAPILLARY,PathoTME-Fusion50,muse,plip,16,shared_core62_v1,feature,9,CELL_DENSITY_MACROPHAGE_IN_TUMOR_CORE,1.0953575206394672,2.2702684455209923,-0.22300049105758238,24.4,0.6,5,True,0.16353882888806348,0.060065692712612195,0.04902598231565906,0.048538476615911395,5.155618622665091,48,3,9,54,8
blca,PAPILLARY,PathoTME-Fusion50,muse,plip,16,shared_core62_v1,feature,10,RATIO_OF_PLASMA_CELLS_AROUND_CARCINOMA_CELL_IN_WHOLE_TUMOR_REGION_40,1.0802124268812265,2.219663775552046,0.25588027895332316,37.6,0.2,5,True,0.2915743887959479,0.01839131975072623,0.020536377576946475,0.025214454014875994,5.045345594267636,39,45,37,58,9
blca,PAPILLARY,PathoTME-Fusion50,muse,plip,16,shared_core62_v1,group,1,high/spatial_plasma_cells,2.284700884035513,3.804162640200309,0.16287784580914683,8.0,0.6,5,True,2.316754305885272,0.048908054897005795,0.06478372297376826,0.12763825309442825,8.865420083327091,3,13,9,14,1
blca,PAPILLARY,PathoTME-Fusion50,muse,plip,16,shared_core62_v1,group,2,high/cell_granulocyte,1.7324638123397769,2.8071483519482037,-0.17790629679196285,5.4,1.0,5,True,1.2806896537245183,0.14981614741691365,0.10893001663764136,0.440122003933655,6.6827612399861565,10,3,5,6,3
blca,PAPILLARY,PathoTME-Fusion50,muse,plip,16,shared_core62_v1,group,3,low/tls,1.7243390208086413,2.250168163507173,0.27680582799298803,7.6,0.8,5,True,3.069640408337924,0.09480563309089772,0.02835515762507837,0.37448717994345115,5.0544067250458555,1,7,15,7,8
blca,PAPILLARY,PathoTME-Fusion50,muse,plip,16,shared_core62_v1,group,4,high/spatial_macrophages,1.7144627203676646,3.1916016279230717,0.13200684750971747,8.6,0.6,5,True,0.9116047124424922,0.11869269682317096,0.0952030523213166,0.05867546123177153,7.388137679019571,13,6,6,16,2
blca,PAPILLARY,PathoTME-Fusion50,muse,plip,16,shared_core62_v1,group,5,high/cell_endothelial_cell,1.7018502637086375,2.6562170072251146,-0.18007202598407523,8.6,0.6,5,True,0.6902725378541291,0.08483280985171145,0.02895691391080656,1.3492022028561583,6.355986854070381,15,9,14,1,4
blca,PAPILLARY,PathoTME-Fusion50,muse,plip,16,shared_core62_v1,group,6,low/compartment_extent,1.5588732359047128,2.587933367052208,-0.3363973912699208,10.0,0.4,5,True,1.4242449947503957,0.041691061760472825,0.04831720831355648,0.20854066647431638,6.071572248224823,7,15,11,12,5
blca,PAPILLARY,PathoTME-Fusion50,muse,plip,16,shared_core62_v1,group,7,high/cell_fibroblast,1.4968821819930178,2.2728909857460593,-0.14473109091857395,8.6,0.6,5,True,0.9924349148489796,0.12472533708865097,0.015002782514342757,0.8640707401855254,5.488177135327589,12,5,16,3,7
blca,PAPILLARY,PathoTME-Fusion50,muse,plip,16,shared_core62_v1,group,8,high/cell_macrophage,1.4711894859149173,2.5558357713068887,-0.3219565738693547,7.0,0.8,5,True,0.6790874041989873,0.20165574696565225,0.1446234217566815,0.3025722437473769,6.0280086129058885,16,1,3,9,6
blca,PAPILLARY,PathoTME-Fusion50,muse,plip,16,shared_core62_v1,group,9,high/spatial_fibroblasts,1.3931358742329802,1.9313922904533223,0.1261489503974323,8.6,0.8,5,True,2.0199406691882125,0.0707806329371241,0.040194033273283886,0.31369654558164073,4.52106749018464,4,10,12,8,9
blca,PAPILLARY,PathoTME-Fusion50,muse,plip,16,shared_core62_v1,group,10,low/global_tissue,1.283807538490016,1.6266116152682764,-0.030995820124800823,6.8,0.8,5,True,1.877139686610965,0.14176831626022635,0.06500889924336645,0.45296767119567916,3.8821531191398426,5,4,8,5,12
blca,PAPILLARY,PathoTME-Fusion50,vila_mil,clip-rn50,16,shared_core62_v1,feature,1,AVG_MIN_DISTANCE_OF_FIBROBLASTS_AROUND_CARCINOMA_CELL_IN_WHOLE_TUMOR_REGION_20,1.4698722781150404,2.5296438484682366,-0.28890471333324597,18.2,0.6,5,True,1.2904853252393644,0.05482506665433366,0.019431157314846306,0.09209945289636703,5.89252038847029,6,5,39,38,3
blca,PAPILLARY,PathoTME-Fusion50,vila_mil,clip-rn50,16,shared_core62_v1,feature,2,RELATIVE_AREA_OUTER_INVASIVE_MARGIN,1.4449626857479576,2.477440045254592,-0.06789453800274645,24.4,0.4,5,True,1.3286012259833913,0.0015971701277453566,0.04215916606906898,0.08916593815088687,5.763289928408695,5,62,11,40,4
blca,PAPILLARY,PathoTME-Fusion50,vila_mil,clip-rn50,16,shared_core62_v1,feature,3,CELL_DENSITY_PLASMA_CELL_IN_INNER_INVASIVE_MARGIN,1.3921120087847925,2.6135860084958233,-0.07206415637042231,22.2,0.2,5,True,0.6777910868586899,0.020480471045363283,0.029440205057299367,0.18996546652977894,6.042882814432831,23,41,24,22,1
blca,PAPILLARY,PathoTME-Fusion50,vila_mil,clip-rn50,16,shared_core62_v1,feature,4,CELL_PERCENTAGE_GRANULOCYTE_IN_TUMOR_CORE,1.2771530221709433,2.6420333928010424,-0.07329435847954352,30.6,0.2,5,True,0.25150299933285314,0.024236882000428294,0.02501827027187029,0.08456170713522916,6.000445252114336,43,33,31,44,2
blca,PAPILLARY,PathoTME-Fusion50,vila_mil,clip-rn50,16,shared_core62_v1,feature,5,CELL_DENSITY_FIBROBLAST_IN_INNER_INVASIVE_MARGIN,1.240754100994284,2.488059786123128,-0.3272336193356415,30.8,0.2,5,True,0.26567116715343564,0.02289502572222332,0.0054631937988263105,0.22307037862901574,5.686670739667918,40,37,55,16,6
blca,PAPILLARY,PathoTME-Fusion50,vila_mil,clip-rn50,16,shared_core62_v1,feature,6,CELL_DENSITY_PLASMA_CELL_IN_TUMOR_CORE,1.228326739082917,2.513964732843367,0.004341341076147753,31.2,0.2,5,True,0.2986574780617843,0.020736116113263307,0.02665806825976807,0.07473548012195319,5.720846552857815,38,40,27,46,5
blca,PAPILLARY,PathoTME-Fusion50,vila_mil,clip-rn50,16,shared_core62_v1,feature,7,RATIO_OF_MACROPHAGES_AROUND_CARCINOMA_CELL_IN_WHOLE_TUMOR_REGION_40,1.2191920574723927,2.4919439265573464,0.09803293246136732,26.2,0.4,5,True,0.3216959332820765,0.04915314611031516,0.032007114741943336,0.021783150878841417,5.671320942348787,35,9,21,59,7
blca,PAPILLARY,PathoTME-Fusion50,vila_mil,clip-rn50,16,shared_core62_v1,feature,8,TLS_IMMATURE_PRESENT,1.1435705793818953,1.530129098657395,0.3380519612158671,31.4,0.2,5,True,2.690799853705716,0.02766232162126953,0.005099974529210385,0.05148549323896318,2.9428052538143175,1,30,56,53,17
blca,PAPILLARY,PathoTME-Fusion50,vila_mil,clip-rn50,16,shared_core62_v1,feature,9,CELL_DENSITY_MACROPHAGE_IN_TUMOR_CORE,1.0953575206394672,2.2702684455209923,-0.22300049105758238,24.4,0.6,5,True,0.16353882888806348,0.060065692712612195,0.04902598231565906,0.048538476615911395,5.155618622665091,48,3,9,54,8
blca,PAPILLARY,PathoTME-Fusion50,vila_mil,clip-rn50,16,shared_core62_v1,feature,10,RATIO_OF_PLASMA_CELLS_AROUND_CARCINOMA_CELL_IN_WHOLE_TUMOR_REGION_40,1.0802124268812265,2.219663775552046,0.25588027895332316,37.6,0.2,5,True,0.2915743887959479,0.01839131975072623,0.020536377576946475,0.025214454014875994,5.045345594267636,39,45,37,58,9
blca,PAPILLARY,PathoTME-Fusion50,vila_mil,clip-rn50,16,shared_core62_v1,group,1,high/spatial_plasma_cells,2.284700884035513,3.804162640200309,0.16287784580914683,8.0,0.6,5,True,2.316754305885272,0.048908054897005795,0.06478372297376826,0.12763825309442825,8.865420083327091,3,13,9,14,1
blca,PAPILLARY,PathoTME-Fusion50,vila_mil,clip-rn50,16,shared_core62_v1,group,2,high/cell_granulocyte,1.7324638123397769,2.8071483519482037,-0.17790629679196285,5.4,1.0,5,True,1.2806896537245183,0.14981614741691365,0.10893001663764136,0.440122003933655,6.6827612399861565,10,3,5,6,3
blca,PAPILLARY,PathoTME-Fusion50,vila_mil,clip-rn50,16,shared_core62_v1,group,3,low/tls,1.7243390208086413,2.250168163507173,0.27680582799298803,7.6,0.8,5,True,3.069640408337924,0.09480563309089772,0.02835515762507837,0.37448717994345115,5.0544067250458555,1,7,15,7,8
blca,PAPILLARY,PathoTME-Fusion50,vila_mil,clip-rn50,16,shared_core62_v1,group,4,high/spatial_macrophages,1.7144627203676646,3.1916016279230717,0.13200684750971747,8.6,0.6,5,True,0.9116047124424922,0.11869269682317096,0.0952030523213166,0.05867546123177153,7.388137679019571,13,6,6,16,2
blca,PAPILLARY,PathoTME-Fusion50,vila_mil,clip-rn50,16,shared_core62_v1,group,5,high/cell_endothelial_cell,1.7018502637086375,2.6562170072251146,-0.18007202598407523,8.6,0.6,5,True,0.6902725378541291,0.08483280985171145,0.02895691391080656,1.3492022028561583,6.355986854070381,15,9,14,1,4
blca,PAPILLARY,PathoTME-Fusion50,vila_mil,clip-rn50,16,shared_core62_v1,group,6,low/compartment_extent,1.5588732359047128,2.587933367052208,-0.3363973912699208,10.0,0.4,5,True,1.4242449947503957,0.041691061760472825,0.04831720831355648,0.20854066647431638,6.071572248224823,7,15,11,12,5
blca,PAPILLARY,PathoTME-Fusion50,vila_mil,clip-rn50,16,shared_core62_v1,group,7,high/cell_fibroblast,1.4968821819930178,2.2728909857460593,-0.14473109091857395,8.6,0.6,5,True,0.9924349148489796,0.12472533708865097,0.015002782514342757,0.8640707401855254,5.488177135327589,12,5,16,3,7
blca,PAPILLARY,PathoTME-Fusion50,vila_mil,clip-rn50,16,shared_core62_v1,group,8,high/cell_macrophage,1.4711894859149173,2.5558357713068887,-0.3219565738693547,7.0,0.8,5,True,0.6790874041989873,0.20165574696565225,0.1446234217566815,0.3025722437473769,6.0280086129058885,16,1,3,9,6
blca,PAPILLARY,PathoTME-Fusion50,vila_mil,clip-rn50,16,shared_core62_v1,group,9,high/spatial_fibroblasts,1.3931358742329802,1.9313922904533223,0.1261489503974323,8.6,0.8,5,True,2.0199406691882125,0.0707806329371241,0.040194033273283886,0.31369654558164073,4.52106749018464,4,10,12,8,9
blca,PAPILLARY,PathoTME-Fusion50,vila_mil,clip-rn50,16,shared_core62_v1,group,10,low/global_tissue,1.283807538490016,1.6266116152682764,-0.030995820124800823,6.8,0.8,5,True,1.877139686610965,0.14176831626022635,0.06500889924336645,0.45296767119567916,3.8821531191398426,5,4,8,5,12
blca,PAPILLARY,PathoTME-Fusion50,vila_mil,plip,16,shared_core62_v1,feature,1,AVG_MIN_DISTANCE_OF_FIBROBLASTS_AROUND_CARCINOMA_CELL_IN_WHOLE_TUMOR_REGION_20,1.4698722781150404,2.5296438484682366,-0.28890471333324597,18.2,0.6,5,True,1.2904853252393644,0.05482506665433366,0.019431157314846306,0.09209945289636703,5.89252038847029,6,5,39,38,3
blca,PAPILLARY,PathoTME-Fusion50,vila_mil,plip,16,shared_core62_v1,feature,2,RELATIVE_AREA_OUTER_INVASIVE_MARGIN,1.4449626857479576,2.477440045254592,-0.06789453800274645,24.4,0.4,5,True,1.3286012259833913,0.0015971701277453566,0.04215916606906898,0.08916593815088687,5.763289928408695,5,62,11,40,4
blca,PAPILLARY,PathoTME-Fusion50,vila_mil,plip,16,shared_core62_v1,feature,3,CELL_DENSITY_PLASMA_CELL_IN_INNER_INVASIVE_MARGIN,1.3921120087847925,2.6135860084958233,-0.07206415637042231,22.2,0.2,5,True,0.6777910868586899,0.020480471045363283,0.029440205057299367,0.18996546652977894,6.042882814432831,23,41,24,22,1
blca,PAPILLARY,PathoTME-Fusion50,vila_mil,plip,16,shared_core62_v1,feature,4,CELL_PERCENTAGE_GRANULOCYTE_IN_TUMOR_CORE,1.2771530221709433,2.6420333928010424,-0.07329435847954352,30.6,0.2,5,True,0.25150299933285314,0.024236882000428294,0.02501827027187029,0.08456170713522916,6.000445252114336,43,33,31,44,2
blca,PAPILLARY,PathoTME-Fusion50,vila_mil,plip,16,shared_core62_v1,feature,5,CELL_DENSITY_FIBROBLAST_IN_INNER_INVASIVE_MARGIN,1.240754100994284,2.488059786123128,-0.3272336193356415,30.8,0.2,5,True,0.26567116715343564,0.02289502572222332,0.0054631937988263105,0.22307037862901574,5.686670739667918,40,37,55,16,6
blca,PAPILLARY,PathoTME-Fusion50,vila_mil,plip,16,shared_core62_v1,feature,6,CELL_DENSITY_PLASMA_CELL_IN_TUMOR_CORE,1.228326739082917,2.513964732843367,0.004341341076147753,31.2,0.2,5,True,0.2986574780617843,0.020736116113263307,0.02665806825976807,0.07473548012195319,5.720846552857815,38,40,27,46,5
blca,PAPILLARY,PathoTME-Fusion50,vila_mil,plip,16,shared_core62_v1,feature,7,RATIO_OF_MACROPHAGES_AROUND_CARCINOMA_CELL_IN_WHOLE_TUMOR_REGION_40,1.2191920574723927,2.4919439265573464,0.09803293246136732,26.2,0.4,5,True,0.3216959332820765,0.04915314611031516,0.032007114741943336,0.021783150878841417,5.671320942348787,35,9,21,59,7
blca,PAPILLARY,PathoTME-Fusion50,vila_mil,plip,16,shared_core62_v1,feature,8,TLS_IMMATURE_PRESENT,1.1435705793818953,1.530129098657395,0.3380519612158671,31.4,0.2,5,True,2.690799853705716,0.02766232162126953,0.005099974529210385,0.05148549323896318,2.9428052538143175,1,30,56,53,17
blca,PAPILLARY,PathoTME-Fusion50,vila_mil,plip,16,shared_core62_v1,feature,9,CELL_DENSITY_MACROPHAGE_IN_TUMOR_CORE,1.0953575206394672,2.2702684455209923,-0.22300049105758238,24.4,0.6,5,True,0.16353882888806348,0.060065692712612195,0.04902598231565906,0.048538476615911395,5.155618622665091,48,3,9,54,8
blca,PAPILLARY,PathoTME-Fusion50,vila_mil,plip,16,shared_core62_v1,feature,10,RATIO_OF_PLASMA_CELLS_AROUND_CARCINOMA_CELL_IN_WHOLE_TUMOR_REGION_40,1.0802124268812265,2.219663775552046,0.25588027895332316,37.6,0.2,5,True,0.2915743887959479,0.01839131975072623,0.020536377576946475,0.025214454014875994,5.045345594267636,39,45,37,58,9
blca,PAPILLARY,PathoTME-Fusion50,vila_mil,plip,16,shared_core62_v1,group,1,high/spatial_plasma_cells,2.284700884035513,3.804162640200309,0.16287784580914683,8.0,0.6,5,True,2.316754305885272,0.048908054897005795,0.06478372297376826,0.12763825309442825,8.865420083327091,3,13,9,14,1
blca,PAPILLARY,PathoTME-Fusion50,vila_mil,plip,16,shared_core62_v1,group,2,high/cell_granulocyte,1.7324638123397769,2.8071483519482037,-0.17790629679196285,5.4,1.0,5,True,1.2806896537245183,0.14981614741691365,0.10893001663764136,0.440122003933655,6.6827612399861565,10,3,5,6,3
blca,PAPILLARY,PathoTME-Fusion50,vila_mil,plip,16,shared_core62_v1,group,3,low/tls,1.7243390208086413,2.250168163507173,0.27680582799298803,7.6,0.8,5,True,3.069640408337924,0.09480563309089772,0.02835515762507837,0.37448717994345115,5.0544067250458555,1,7,15,7,8
blca,PAPILLARY,PathoTME-Fusion50,vila_mil,plip,16,shared_core62_v1,group,4,high/spatial_macrophages,1.7144627203676646,3.1916016279230717,0.13200684750971747,8.6,0.6,5,True,0.9116047124424922,0.11869269682317096,0.0952030523213166,0.05867546123177153,7.388137679019571,13,6,6,16,2
blca,PAPILLARY,PathoTME-Fusion50,vila_mil,plip,16,shared_core62_v1,group,5,high/cell_endothelial_cell,1.7018502637086375,2.6562170072251146,-0.18007202598407523,8.6,0.6,5,True,0.6902725378541291,0.08483280985171145,0.02895691391080656,1.3492022028561583,6.355986854070381,15,9,14,1,4
blca,PAPILLARY,PathoTME-Fusion50,vila_mil,plip,16,shared_core62_v1,group,6,low/compartment_extent,1.5588732359047128,2.587933367052208,-0.3363973912699208,10.0,0.4,5,True,1.4242449947503957,0.041691061760472825,0.04831720831355648,0.20854066647431638,6.071572248224823,7,15,11,12,5
blca,PAPILLARY,PathoTME-Fusion50,vila_mil,plip,16,shared_core62_v1,group,7,high/cell_fibroblast,1.4968821819930178,2.2728909857460593,-0.14473109091857395,8.6,0.6,5,True,0.9924349148489796,0.12472533708865097,0.015002782514342757,0.8640707401855254,5.488177135327589,12,5,16,3,7
blca,PAPILLARY,PathoTME-Fusion50,vila_mil,plip,16,shared_core62_v1,group,8,high/cell_macrophage,1.4711894859149173,2.5558357713068887,-0.3219565738693547,7.0,0.8,5,True,0.6790874041989873,0.20165574696565225,0.1446234217566815,0.3025722437473769,6.0280086129058885,16,1,3,9,6
blca,PAPILLARY,PathoTME-Fusion50,vila_mil,plip,16,shared_core62_v1,group,9,high/spatial_fibroblasts,1.3931358742329802,1.9313922904533223,0.1261489503974323,8.6,0.8,5,True,2.0199406691882125,0.0707806329371241,0.040194033273283886,0.31369654558164073,4.52106749018464,4,10,12,8,9
blca,PAPILLARY,PathoTME-Fusion50,vila_mil,plip,16,shared_core62_v1,group,10,low/global_tissue,1.283807538490016,1.6266116152682764,-0.030995820124800823,6.8,0.8,5,True,1.877139686610965,0.14176831626022635,0.06500889924336645,0.45296767119567916,3.8821531191398426,5,4,8,5,12
blca,PAPILLARY,PathoTME-FusionVal,dyko,clip-rn50,16,shared_core62_v1,feature,1,TLS_IMMATURE_PRESENT,0.2807809939245639,0.595265703952978,0.13031547432980328,35.0,0.2,5,True,1.345399926852858,0.02766232162126953,0.005099974529210385,0.02574274661948159,0.0,1,30,56,53,
blca,PAPILLARY,PathoTME-FusionVal,dyko,clip-rn50,16,shared_core62_v1,feature,2,CELL_PERCENTAGE_CARCINOMA_CELL_IN_INNER_INVASIVE_MARGIN,0.21228876238512404,0.3124141563593351,-0.05583509169128079,5.75,0.6,5,True,0.7524312032269547,0.04454605276619115,0.05275162115192757,0.21171493478054687,0.0,2,13,6,2,
blca,PAPILLARY,PathoTME-FusionVal,dyko,clip-rn50,16,shared_core62_v1,feature,3,LOG1P_COUNT_TLS_MATURE,0.17967869918567425,0.30704449812184786,-0.06399084223374397,19.5,0.4,5,True,0.7228089989984139,0.04755003141446019,0.011020990851623981,0.11701347466387316,0.0,3,10,51,14,
blca,PAPILLARY,PathoTME-FusionVal,dyko,clip-rn50,16,shared_core62_v1,feature,4,RELATIVE_AREA_VESSEL,0.17301283071243254,0.24647480880976358,0.005399088110954309,13.25,0.4,5,True,0.5906564380602852,0.03917954861900321,0.03220239405616856,0.20302577282670575,0.0,9,20,20,4,
blca,PAPILLARY,PathoTME-FusionVal,dyko,clip-rn50,16,shared_core62_v1,feature,5,CELL_DENSITY_GRANULOCYTE_IN_INNER_INVASIVE_MARGIN,0.1718853726237639,0.29155649418801477,-0.042692131712544615,13.75,0.2,5,True,0.6904615732254376,0.04753228513420925,0.03450415538978257,0.08692884936939012,0.0,4,11,17,23,
blca,PAPILLARY,PathoTME-FusionVal,dyko,clip-rn50,16,shared_core62_v1,feature,6,AVG_MIN_DISTANCE_OF_FIBROBLASTS_AROUND_CARCINOMA_CELL_IN_WHOLE_TUMOR_REGION_20,0.15310972260740913,0.2759660726403461,-0.007212211677291812,22.0,0.4,5,True,0.6452426626196822,0.05482506665433366,0.019431157314846306,0.04604972644818352,0.0,6,5,39,38,
blca,PAPILLARY,PathoTME-FusionVal,dyko,clip-rn50,16,shared_core62_v1,feature,7,RELATIVE_AREA_OUTER_INVASIVE_MARGIN,0.1505279836527907,0.2879971885608897,-0.023481267260043133,29.5,0.2,5,True,0.6643006129916956,0.0015971701277453566,0.04215916606906898,0.044582969075443436,0.0,5,62,11,40,
blca,PAPILLARY,PathoTME-FusionVal,dyko,clip-rn50,16,shared_core62_v1,feature,8,LOG1P_COUNT_TLS_IMMATURE,0.14254966516560522,0.25562500447534175,0.04025646189995098,27.25,0.2,5,True,0.597545483588044,0.01901458722120899,0.026526128520558707,0.0696621264982143,0.0,8,43,28,30,
blca,PAPILLARY,PathoTME-FusionVal,dyko,clip-rn50,16,shared_core62_v1,feature,9,AVG_MIN_DISTANCE_OF_PLASMA_CELLS_AROUND_CARCINOMA_CELL_IN_WHOLE_TUMOR_REGION_40,0.13627947340900942,0.271298331801194,0.004999524759443952,33.5,0.2,5,True,0.6211781226789319,0.015238123631786706,0.03158733445553273,0.013393786278795821,0.0,7,48,22,57,
blca,PAPILLARY,PathoTME-FusionVal,dyko,clip-rn50,16,shared_core62_v1,feature,10,CELL_PERCENTAGE_ENDOTHELIAL_CELL_IN_TUMOR_CORE,0.12717621735897314,0.18450854732602945,0.027887681233590235,32.75,0.2,5,True,0.4160957780796701,0.008006240712368325,0.0024062401661596737,0.20937282783666755,0.0,14,55,59,3,
blca,PAPILLARY,PathoTME-FusionVal,dyko,clip-rn50,16,shared_core62_v1,group,1,high/cell_carcinoma_cell,0.46406709292177195,0.5315177586891355,-0.11792130798126758,2.0,0.8,5,True,1.3249715300241378,0.17832627373164975,0.2015034204103235,0.6155342404427488,0.0,2,2,2,2,
blca,PAPILLARY,PathoTME-FusionVal,dyko,clip-rn50,16,shared_core62_v1,group,2,low/tls,0.36904491697133274,0.6556589415291637,0.11161291707772351,7.5,0.6,5,True,1.534820204168962,0.09480563309089772,0.02835515762507837,0.18724358997172558,0.0,1,7,15,7,
blca,PAPILLARY,PathoTME-FusionVal,dyko,clip-rn50,16,shared_core62_v1,group,3,high/cell_lymphocyte,0.2810226847873042,0.2943219204677123,-0.0638600251755523,5.5,0.6,5,True,0.7261565766710639,0.05786379296350342,0.2160996244312335,0.4049934298707204,0.0,6,11,1,4,
blca,PAPILLARY,PathoTME-FusionVal,dyko,clip-rn50,16,shared_core62_v1,group,4,low/global_tissue,0.274366178881383,0.3808374621987134,0.08113920896768878,5.5,0.8,5,True,0.9385698433054825,0.14176831626022635,0.06500889924336645,0.22648383559783958,0.0,5,4,8,5,
blca,PAPILLARY,PathoTME-FusionVal,dyko,clip-rn50,16,shared_core62_v1,group,5,high/spatial_plasma_cells,0.2671776114721248,0.4988937907032765,-0.02807779824780826,9.75,0.4,5,True,1.158377152942636,0.048908054897005795,0.06478372297376826,0.06381912654721413,0.0,3,13,9,14,
blca,PAPILLARY,PathoTME-FusionVal,dyko,clip-rn50,16,shared_core62_v1,group,6,high/spatial_fibroblasts,0.25555865471906697,0.42565120278763807,0.014322080115478938,8.5,0.6,5,True,1.0099703345941062,0.0707806329371241,0.040194033273283886,0.15684827279082036,0.0,4,10,12,8,
blca,PAPILLARY,PathoTME-FusionVal,dyko,clip-rn50,16,shared_core62_v1,group,7,high/cell_endothelial_cell,0.22670541882353232,0.285159632507689,-0.01900758464343716,9.75,0.4,5,True,0.34513626892706456,0.08483280985171145,0.02895691391080656,0.6746011014280792,0.0,15,9,14,1,
blca,PAPILLARY,PathoTME-FusionVal,dyko,clip-rn50,16,shared_core62_v1,group,8,high/cell_granulocyte,0.22383039857672832,0.2461090874959408,-0.054545020023769916,6.0,0.8,5,True,0.6403448268622591,0.14981614741691365,0.10893001663764136,0.2200610019668275,0.0,10,3,5,6,
blca,PAPILLARY,PathoTME-FusionVal,dyko,clip-rn50,16,shared_core62_v1,group,9,high/cell_fibroblast,0.21359618942404923,0.23481437273764486,-0.0013016883785468031,9.0,0.4,5,True,0.4962174574244898,0.12472533708865097,0.015002782514342757,0.4320353700927627,0.0,12,5,16,3,
blca,PAPILLARY,PathoTME-FusionVal,dyko,clip-rn50,16,shared_core62_v1,group,10,high/spatial_lymphocytes,0.18969838936401473,0.27873691433455583,-0.024536320125648298,8.75,0.6,5,True,0.6800921690328535,0.09071728263160017,0.13446988988320996,0.043212605272410054,0.0,8,8,4,15,
blca,PAPILLARY,PathoTME-FusionVal,dyko,plip,16,shared_core62_v1,feature,1,CELL_DENSITY_PLASMA_CELL_IN_INNER_INVASIVE_MARGIN,1.8570020789494137,4.029786614367778,-0.0010925276047295145,21.333333333333332,0.2,5,True,0.0,0.03072070656804493,0.0,0.18996546652977894,9.064324221649244,,41,,22,1
blca,PAPILLARY,PathoTME-FusionVal,dyko,plip,16,shared_core62_v1,feature,2,CELL_PERCENTAGE_GRANULOCYTE_IN_TUMOR_CORE,1.8243169816614748,4.011852203069059,-0.11368769492558246,26.333333333333332,0.2,5,True,0.0,0.03635532300064243,0.0,0.08456170713522916,9.000667878171503,,33,,44,2
blca,PAPILLARY,PathoTME-FusionVal,dyko,plip,16,shared_core62_v1,feature,3,AVG_MIN_DISTANCE_OF_FIBROBLASTS_AROUND_CARCINOMA_CELL_IN_WHOLE_TUMOR_REGION_20,1.8026235271166609,3.9335743802142806,-0.40649290924534365,15.333333333333334,0.4,5,True,0.0,0.08223759998150049,0.0,0.09209945289636703,8.838780582705438,,5,,38,3
blca,PAPILLARY,PathoTME-FusionVal,dyko,plip,16,shared_core62_v1,feature,4,CELL_DENSITY_FIBROBLAST_IN_INNER_INVASIVE_MARGIN,1.7574838053428459,3.787089826030852,-0.464480643454694,19.666666666666668,0.2,5,True,0.0,0.03434253858333499,0.0,0.22307037862901574,8.530006109501878,,37,,16,6
blca,PAPILLARY,PathoTME-FusionVal,dyko,plip,16,shared_core62_v1,feature,5,RELATIVE_AREA_OUTER_INVASIVE_MARGIN,1.7472993171911095,3.856085485385573,-0.02662005719532886,35.333333333333336,0.2,5,True,0.0,0.0023957551916180347,0.0,0.08916593815088687,8.644934892613042,,62,,40,4
blca,PAPILLARY,PathoTME-FusionVal,dyko,plip,16,shared_core62_v1,feature,6,CELL_DENSITY_PLASMA_CELL_IN_TUMOR_CORE,1.737421896715715,3.8259498986764817,0.039379741859951814,30.333333333333332,0.2,5,True,0.0,0.031104174169894964,0.0,0.07473548012195319,8.581269829286725,,40,,46,5
blca,PAPILLARY,PathoTME-FusionVal,dyko,plip,16,shared_core62_v1,feature,7,RATIO_OF_MACROPHAGES_AROUND_CARCINOMA_CELL_IN_WHOLE_TUMOR_REGION_40,1.7204988567134987,3.793878680434345,0.12147332700115913,25.0,0.4,5,True,0.0,0.07372971916547273,0.0,0.021783150878841417,8.50698141352318,,9,,59,7
blca,PAPILLARY,PathoTME-FusionVal,dyko,plip,16,shared_core62_v1,feature,8,CELL_DENSITY_MACROPHAGE_IN_TUMOR_CORE,1.5744129899364931,3.4431998208928296,-0.34727687931982976,21.666666666666668,0.4,5,True,0.0,0.09009853906891829,0.0,0.048538476615911395,7.733427933997636,,3,,54,8
blca,PAPILLARY,PathoTME-FusionVal,dyko,plip,16,shared_core62_v1,feature,9,RATIO_OF_PLASMA_CELLS_AROUND_CARCINOMA_CELL_IN_WHOLE_TUMOR_REGION_40,1.5241639650084842,3.378643227006031,0.40122522347436895,37.333333333333336,0.2,5,True,0.0,0.02758697962608934,0.0,0.025214454014875994,7.568018391401456,,45,,58,9
blca,PAPILLARY,PathoTME-FusionVal,dyko,plip,16,shared_core62_v1,feature,10,CELL_DENSITY_ENDOTHELIAL_CELL_IN_TUMOR_CORE,1.3497972405666254,2.75286558494067,-0.03342418787031073,11.0,0.4,5,True,0.0,0.05662603096368692,0.0,0.4284935172801595,6.263866654589281,,22,,1,10
blca,PAPILLARY,PathoTME-FusionVal,dyko,plip,16,shared_core62_v1,group,1,high/spatial_plasma_cells,2.6998260920861146,5.9248762371550345,0.33350204709177445,9.333333333333334,0.2,5,True,0.0,0.07336208234550867,0.0,0.12763825309442825,13.298130124990635,,13,,14,1
blca,PAPILLARY,PathoTME-FusionVal,dyko,plip,16,shared_core62_v1,group,2,high/spatial_macrophages,2.263784204999177,4.930183754098183,0.2641641646612882,8.0,0.4,5,True,0.0,0.17803904523475644,0.0,0.05867546123177153,11.082206518529356,,6,,16,2
blca,PAPILLARY,PathoTME-FusionVal,dyko,plip,16,shared_core62_v1,group,3,high/cell_endothelial_cell,2.202086339747859,4.137855655676097,-0.2913133803521758,4.666666666666667,0.6,5,True,0.0,0.12724921477756718,0.0,1.3492022028561583,9.53398028110557,,9,,1,4
blca,PAPILLARY,PathoTME-FusionVal,dyko,plip,16,shared_core62_v1,group,4,high/cell_granulocyte,2.137797617007652,4.412389803906636,-0.14727796866422796,4.0,0.6,5,True,0.0,0.22472422112537055,0.0,0.440122003933655,10.024141859979235,,3,,6,3
blca,PAPILLARY,PathoTME-FusionVal,dyko,plip,16,shared_core62_v1,group,5,high/cell_macrophage,1.9294137567109384,3.978940082303671,-0.34656836176157685,5.333333333333333,0.6,5,True,0.0,0.30248362044847843,0.0,0.3025722437473769,9.042012919358838,,1,,9,6
blca,PAPILLARY,PathoTME-FusionVal,dyko,plip,16,shared_core62_v1,group,6,low/compartment_extent,1.8756871262904522,4.043524625203707,-0.4029232832521532,10.666666666666666,0.2,5,True,0.0,0.06253659264070925,0.0,0.20854066647431638,9.107358372337234,,15,,12,5
blca,PAPILLARY,PathoTME-FusionVal,dyko,plip,16,shared_core62_v1,group,7,high/cell_fibroblast,1.856684889761977,3.5817392727274444,-0.17507390079828875,5.0,0.6,5,True,0.0,0.18708800563297645,0.0,0.8640707401855254,8.232265702991384,,5,,3,7
blca,PAPILLARY,PathoTME-FusionVal,dyko,plip,16,shared_core62_v1,group,8,low/tls,1.6196611434297157,3.3363439688277947,0.046300374557437574,7.333333333333333,0.6,5,True,0.0,0.1422084496363466,0.0,0.37448717994345115,7.581610087568781,,7,,7,8
blca,PAPILLARY,PathoTME-FusionVal,dyko,plip,16,shared_core62_v1,group,9,high/spatial_fibroblasts,1.440293746052857,2.9886268892638084,0.16628099788477543,9.0,0.6,5,True,0.0,0.10617094940568614,0.0,0.31369654558164073,6.781601235276959,,10,,8,9
blca,PAPILLARY,PathoTME-FusionVal,dyko,plip,16,shared_core62_v1,group,10,low/global_tissue,1.2977699648591565,2.536699147936463,-0.33404919922511167,7.0,0.4,5,True,0.0,0.21265247439033955,0.0,0.45296767119567916,5.823229678709764,,4,,5,12
blca,PAPILLARY,PathoTME-FusionVal,focus,clip-rn50,16,shared_core62_v1,feature,1,TLS_IMMATURE_PRESENT,1.4005133555515263,2.3093182732556534,0.5650189040452797,31.4,0.2,5,True,5.381599707411432,0.041493482431904295,0.005099974529210385,0.10297098647792637,1.4714026269071587,1,30,56,53,17
blca,PAPILLARY,PathoTME-FusionVal,focus,clip-rn50,16,shared_core62_v1,feature,2,AVG_MIN_DISTANCE_OF_FIBROBLASTS_AROUND_CARCINOMA_CELL_IN_WHOLE_TUMOR_REGION_20,1.162619701560591,1.468375429522664,-0.16587296212769717,18.2,0.6,5,True,2.580970650478729,0.08223759998150049,0.019431157314846306,0.18419890579273407,2.946260194235145,6,5,39,38,3
blca,PAPILLARY,PathoTME-FusionVal,focus,clip-rn50,16,shared_core62_v1,feature,3,RELATIVE_AREA_OUTER_INVASIVE_MARGIN,1.1523468427467183,1.4797526595307067,-0.11177825196836129,24.4,0.4,5,True,2.6572024519667825,0.0023957551916180347,0.04215916606906898,0.17833187630177375,2.8816449642043476,5,62,11,40,4
blca,PAPILLARY,PathoTME-FusionVal,focus,clip-rn50,16,shared_core62_v1,feature,4,CELL_DENSITY_PLASMA_CELL_IN_INNER_INVASIVE_MARGIN,0.9634230851237394,1.2720012778665841,-0.14551984278619073,22.2,0.2,5,True,1.3555821737173799,0.03072070656804493,0.029440205057299367,0.3799309330595579,3.0214414072164155,23,41,24,22,1
blca,PAPILLARY,PathoTME-FusionVal,focus,clip-rn50,16,shared_core62_v1,feature,5,LOG1P_COUNT_TLS_MATURE,0.9441299827538934,1.2002602221453345,-0.31252076812709983,20.2,0.4,5,True,2.8912359959936555,0.07132504712169029,0.011020990851623981,0.46805389865549263,1.2790139811470045,3,10,51,14,23
blca,PAPILLARY,PathoTME-FusionVal,focus,clip-rn50,16,shared_core62_v1,feature,6,CELL_PERCENTAGE_CARCINOMA_CELL_IN_INNER_INVASIVE_MARGIN,0.9165465201196197,1.2196834478426333,-0.19791079510852422,12.6,0.6,5,True,3.0097248129078187,0.06681907914928674,0.05275162115192757,0.8468597391221875,0.6065773482668783,2,13,6,2,40
blca,PAPILLARY,PathoTME-FusionVal,focus,clip-rn50,16,shared_core62_v1,feature,7,LOG1P_COUNT_TLS_IMMATURE,0.806992547975196,1.0313691089871264,0.2308640070573667,26.2,0.2,5,True,2.390181934352176,0.02852188083181349,0.026526128520558707,0.2786485059928572,1.3110842901785744,8,43,28,30,22
blca,PAPILLARY,PathoTME-FusionVal,focus,clip-rn50,16,shared_core62_v1,feature,8,CELL_DENSITY_MACROPHAGE_IN_INNER_INVASIVE_MARGIN,0.7884091306868388,0.9066721412774642,-0.14043854491323532,16.6,0.2,5,True,1.459439897017653,0.07624204143894521,0.032991342992512676,0.3373193703076582,2.0360530016774248,22,7,18,25,11
blca,PAPILLARY,PathoTME-FusionVal,focus,clip-rn50,16,shared_core62_v1,feature,9,CELL_DENSITY_FIBROBLAST_IN_INNER_INVASIVE_MARGIN,0.7721248387562046,1.1817622117185438,-0.18585906255193707,30.8,0.2,5,True,0.5313423343068713,0.03434253858333499,0.0054631937988263105,0.4461407572580315,2.843335369833959,40,37,55,16,6
blca,PAPILLARY,PathoTME-FusionVal,focus,clip-rn50,16,shared_core62_v1,feature,10,AVG_MIN_DISTANCE_OF_FIBROBLASTS_AROUND_CARCINOMA_CELL_IN_WHOLE_TUMOR_REGION_40,0.7569633606157179,0.9437455517435389,0.23259104533182023,26.8,0.0,5,True,1.5214967055968038,0.03727991918111194,0.024996684654098954,0.18173797735020294,2.019305516296372,19,32,32,39,12
blca,PAPILLARY,PathoTME-FusionVal,focus,clip-rn50,16,shared_core62_v1,group,1,low/tls,1.9172044292694206,2.563257278999698,0.48810322943039797,7.6,0.8,5,True,6.139280816675848,0.1422084496363466,0.02835515762507837,0.7489743598869023,2.5272033625229278,1,7,15,7,8
blca,PAPILLARY,PathoTME-FusionVal,focus,clip-rn50,16,shared_core62_v1,group,2,high/spatial_plasma_cells,1.8919281929884448,2.413301884980121,-0.008659645317924647,8.0,0.6,5,True,4.633508611770544,0.07336208234550867,0.06478372297376826,0.2552765061888565,4.432710041663546,3,13,9,14,1
blca,PAPILLARY,PathoTME-FusionVal,focus,clip-rn50,16,shared_core62_v1,group,3,high/cell_carcinoma_cell,1.8329701849762743,2.1410403342953597,-0.40330658965857413,4.6,0.8,5,True,5.299886120096551,0.2674894105974746,0.2015034204103235,2.4621369617709954,0.9338350120060273,2,2,2,2,15
blca,PAPILLARY,PathoTME-FusionVal,focus,clip-rn50,16,shared_core62_v1,group,4,high/cell_endothelial_cell,1.4826298074288278,1.4416144076391724,-0.1286951735173496,8.6,0.6,5,True,1.3805450757082582,0.12724921477756718,0.02895691391080656,2.6984044057123167,3.1779934270351906,15,9,14,1,4
blca,PAPILLARY,PathoTME-FusionVal,focus,clip-rn50,16,shared_core62_v1,group,5,high/cell_granulocyte,1.4233316346144875,1.4520089472256255,-0.22072583116592023,5.4,1.0,5,True,2.5613793074490365,0.22472422112537055,0.10893001663764136,0.88024400786731,3.3413806199930782,10,3,5,6,3
blca,PAPILLARY,PathoTME-FusionVal,focus,clip-rn50,16,shared_core62_v1,group,6,high/spatial_fibroblasts,1.4148346314621993,1.719620509777318,0.10332764356620708,8.6,0.8,5,True,4.039881338376425,0.10617094940568614,0.040194033273283886,0.6273930911632815,2.26053374509232,4,10,12,8,9
blca,PAPILLARY,PathoTME-FusionVal,focus,clip-rn50,16,shared_core62_v1,group,7,low/global_tissue,1.3757905297633832,1.5222154898220976,0.26117548423492004,6.8,0.8,5,True,3.75427937322193,0.21265247439033955,0.06500889924336645,0.9059353423913583,1.9410765595699213,5,4,8,5,12
blca,PAPILLARY,PathoTME-FusionVal,focus,clip-rn50,16,shared_core62_v1,group,8,high/cell_fibroblast,1.3318381331760247,1.1855870091049088,-0.0811678651769895,8.6,0.6,5,True,1.9848698296979592,0.18708800563297645,0.015002782514342757,1.7281414803710509,2.7440885676637947,12,5,16,3,7
blca,PAPILLARY,PathoTME-FusionVal,focus,clip-rn50,16,shared_core62_v1,group,9,low/compartment_extent,1.2824422495032202,1.5237129168102672,-0.27749275925780814,10.0,0.4,5,True,2.8484899895007914,0.06253659264070925,0.04831720831355648,0.41708133294863275,3.0357861241124113,7,15,11,12,5
blca,PAPILLARY,PathoTME-FusionVal,focus,clip-rn50,16,shared_core62_v1,group,10,high/spatial_macrophages,1.181574256882877,1.5846278220127459,-0.006846971574915706,8.6,0.6,5,True,1.8232094248849844,0.17803904523475644,0.0952030523213166,0.11735092246354306,3.6940688395097854,13,6,6,16,2
blca,PAPILLARY,PathoTME-FusionVal,focus,plip,16,shared_core62_v1,feature,1,CELL_DENSITY_PLASMA_CELL_IN_INNER_INVASIVE_MARGIN,2.5758946239017115,5.318638379944434,-0.040849975311605335,22.2,0.2,5,True,0.33889554342934497,0.03072070656804493,0.044160307585949056,0.3799309330595579,12.085765628865662,23,41,24,22,1
blca,PAPILLARY,PathoTME-FusionVal,focus,plip,16,shared_core62_v1,feature,2,AVG_MIN_DISTANCE_OF_FIBROBLASTS_AROUND_CARCINOMA_CELL_IN_WHOLE_TUMOR_REGION_20,2.545173336261353,5.170965321912869,-0.5490216479790095,18.2,0.6,5,True,0.6452426626196822,0.08223759998150049,0.029146735972269456,0.18419890579273407,11.78504077694058,6,5,39,38,3
blca,PAPILLARY,PathoTME-FusionVal,focus,plip,16,shared_core62_v1,feature,3,RELATIVE_AREA_OUTER_INVASIVE_MARGIN,2.4869693700812165,5.059991660035991,-0.05768167253228858,24.4,0.4,5,True,0.6643006129916956,0.0023957551916180347,0.06323874910360348,0.17833187630177375,11.52657985681739,5,62,11,40,4
blca,PAPILLARY,PathoTME-FusionVal,focus,plip,16,shared_core62_v1,feature,4,CELL_PERCENTAGE_GRANULOCYTE_IN_TUMOR_CORE,2.4739296293148008,5.326041682738399,-0.15432420765556357,30.6,0.2,5,True,0.12575149966642657,0.03635532300064243,0.03752740540780544,0.16912341427045832,12.000890504228671,43,33,31,44,2
blca,PAPILLARY,PathoTME-FusionVal,focus,plip,16,shared_core62_v1,feature,5,CELL_DENSITY_FIBROBLAST_IN_INNER_INVASIVE_MARGIN,2.398971029890432,5.019848598972263,-0.6257203941279448,30.8,0.2,5,True,0.13283558357671782,0.03434253858333499,0.008194790698239465,0.4461407572580315,11.373341479335837,40,37,55,16,6
blca,PAPILLARY,PathoTME-FusionVal,focus,plip,16,shared_core62_v1,feature,6,CELL_DENSITY_PLASMA_CELL_IN_TUMOR_CORE,2.3623168163099955,5.075845853169222,0.03970051957337688,31.2,0.2,5,True,0.14932873903089214,0.031104174169894964,0.039987102389652106,0.14947096024390638,11.44169310571563,38,40,27,46,5
blca,PAPILLARY,PathoTME-FusionVal,focus,plip,16,shared_core62_v1,feature,7,RATIO_OF_MACROPHAGES_AROUND_CARCINOMA_CELL_IN_WHOLE_TUMOR_REGION_40,2.3337593088749364,5.03633978085375,0.17203226257220988,26.2,0.4,5,True,0.16084796664103826,0.07372971916547273,0.04801067211291501,0.043566301757682835,11.342641884697574,35,9,21,59,7
blca,PAPILLARY,PathoTME-FusionVal,focus,plip,16,shared_core62_v1,feature,8,CELL_DENSITY_MACROPHAGE_IN_TUMOR_CORE,2.130744225109688,4.57304315157429,-0.4595958456629471,24.4,0.6,5,True,0.08176941444403174,0.09009853906891829,0.07353897347348858,0.09707695323182279,10.311237245330181,48,3,9,54,8
blca,PAPILLARY,PathoTME-FusionVal,focus,plip,16,shared_core62_v1,feature,9,RATIO_OF_PLASMA_CELLS_AROUND_CARCINOMA_CELL_IN_WHOLE_TUMOR_REGION_40,2.0690597673909012,4.484487540421265,0.5293081571451556,37.6,0.2,5,True,0.14578719439797394,0.02758697962608934,0.030804566365419717,0.05042890802975199,10.090691188535272,39,45,37,58,9
blca,PAPILLARY,PathoTME-FusionVal,focus,plip,16,shared_core62_v1,feature,10,CELL_DENSITY_ENDOTHELIAL_CELL_IN_TUMOR_CORE,1.8729327996753011,3.638606152955913,-0.06041796283150436,26.2,0.4,5,True,0.07889480306129414,0.05662603096368692,0.02033392367216228,0.856987034560319,8.351822206119042,49,22,49,1,10
blca,PAPILLARY,PathoTME-FusionVal,focus,plip,16,shared_core62_v1,group,1,high/spatial_plasma_cells,3.863006298518367,7.765153467831258,0.4149012759860325,8.0,0.6,5,True,1.158377152942636,0.07336208234550867,0.09717558446065239,0.2552765061888565,17.730840166654183,3,13,9,14,1
blca,PAPILLARY,PathoTME-FusionVal,focus,plip,16,shared_core62_v1,group,2,high/cell_endothelial_cell,3.1852397936847843,5.437924632042469,-0.4061726439510579,8.6,0.6,5,True,0.34513626892706456,0.12724921477756718,0.04343537086620984,2.6984044057123167,12.711973708140762,15,9,14,1,4
blca,PAPILLARY,PathoTME-FusionVal,focus,plip,16,shared_core62_v1,group,3,high/spatial_macrophages,3.134054452088132,6.5096168280001505,0.33737914700177973,8.6,0.6,5,True,0.4558023562212461,0.17803904523475644,0.14280457848197484,0.11735092246354306,14.776275358039141,13,6,6,16,2
blca,PAPILLARY,PathoTME-FusionVal,focus,plip,16,shared_core62_v1,group,4,high/cell_granulocyte,3.054846112156743,5.7714564288025665,-0.25183875124930866,5.4,1.0,5,True,0.6403448268622591,0.22472422112537055,0.16339502495646205,0.88024400786731,13.365522479972313,10,3,5,6,3
blca,PAPILLARY,PathoTME-FusionVal,focus,plip,16,shared_core62_v1,group,5,high/cell_macrophage,2.704024833697905,5.2299341968037005,-0.5104202787065104,7.0,0.8,5,True,0.33954370209949364,0.30248362044847843,0.2169351326350222,0.6051444874947538,12.056017225811777,16,1,3,9,6
blca,PAPILLARY,PathoTME-FusionVal,focus,plip,16,shared_core62_v1,group,6,high/cell_fibroblast,2.682061077571042,4.684583974504652,-0.23419668812929353,8.6,0.6,5,True,0.4962174574244898,0.18708800563297645,0.022504173771514136,1.7281414803710509,10.976354270655179,12,5,16,3,7
blca,PAPILLARY,PathoTME-FusionVal,focus,plip,16,shared_core62_v1,group,7,low/compartment_extent,2.681472146376904,5.296100753409388,-0.5669106693922894,10.0,0.4,5,True,0.7121224973751978,0.06253659264070925,0.07247581247033472,0.41708133294863275,12.143144496449645,7,15,11,12,5
blca,PAPILLARY,PathoTME-FusionVal,focus,plip,16,shared_core62_v1,group,8,low/tls,2.5154698400443083,4.286281451199935,0.17297536709930889,7.6,0.8,5,True,1.534820204168962,0.1422084496363466,0.04253273643761757,0.7489743598869023,10.108813450091711,1,7,15,7,8
blca,PAPILLARY,PathoTME-FusionVal,focus,plip,16,shared_core62_v1,group,9,high/spatial_fibroblasts,2.169192081088456,3.8620526611094363,0.23616010277389177,8.6,0.8,5,True,1.0099703345941062,0.10617094940568614,0.06029104990992584,0.6273930911632815,9.04213498036928,4,10,12,8,9
blca,PAPILLARY,PathoTME-FusionVal,focus,plip,16,shared_core62_v1,group,10,low/global_tissue,1.983795449446383,3.254365973542135,-0.3481947589104169,6.8,0.8,5,True,0.9385698433054825,0.21265247439033955,0.09751334886504966,0.9059353423913583,7.764306238279685,5,4,8,5,12
blca,PAPILLARY,PathoTME-FusionVal,hive_mil,clip-rn50,16,shared_core62_v1,feature,1,AVG_MIN_DISTANCE_OF_FIBROBLASTS_AROUND_CARCINOMA_CELL_IN_WHOLE_TUMOR_REGION_20,0.7770703791912457,1.237290158304305,-0.1366165417261442,13.0,0.6,5,True,0.6452426626196822,0.10965013330866732,0.0,0.18419890579273407,2.946260194235145,6,5,,38,3
blca,PAPILLARY,PathoTME-FusionVal,hive_mil,clip-rn50,16,shared_core62_v1,feature,2,CELL_DENSITY_PLASMA_CELL_IN_INNER_INVASIVE_MARGIN,0.7562457651592089,1.2777368070796569,-0.041813174542399786,21.75,0.2,5,True,0.33889554342934497,0.040960942090726565,0.0,0.3799309330595579,3.0214414072164155,23,41,,22,1
blca,PAPILLARY,PathoTME-FusionVal,hive_mil,clip-rn50,16,shared_core62_v1,feature,3,RELATIVE_AREA_OUTER_INVASIVE_MARGIN,0.7454943587506615,1.2245587237261324,-0.034994260252508715,27.75,0.4,5,True,0.6643006129916956,0.003194340255490713,0.0,0.17833187630177375,2.8816449642043476,5,62,,40,4
blca,PAPILLARY,PathoTME-FusionVal,hive_mil,clip-rn50,16,shared_core62_v1,feature,4,CELL_DENSITY_FIBROBLAST_IN_INNER_INVASIVE_MARGIN,0.693620352422631,1.2142686744741218,-0.15777719406089413,24.75,0.2,5,True,0.13283558357671782,0.04579005144444664,0.0,0.4461407572580315,2.843335369833959,40,37,,16,6
blca,PAPILLARY,PathoTME-FusionVal,hive_mil,clip-rn50,16,shared_core62_v1,feature,5,CELL_PERCENTAGE_GRANULOCYTE_IN_TUMOR_CORE,0.6687142607989818,1.3050103321090016,-0.04287019615641262,30.5,0.2,5,True,0.12575149966642657,0.04847376400085659,0.0,0.16912341427045832,3.000222626057168,43,33,,44,2
blca,PAPILLARY,PathoTME-FusionVal,hive_mil,clip-rn50,16,shared_core62_v1,feature,6,CELL_DENSITY_PLASMA_CELL_IN_TUMOR_CORE,0.6401390415860465,1.2429291958741473,0.0028110014001059584,32.25,0.2,5,True,0.14932873903089214,0.041472232226526615,0.0,0.14947096024390638,2.8604232764289077,38,40,,46,5
blca,PAPILLARY,PathoTME-FusionVal,hive_mil,clip-rn50,16,shared_core62_v1,feature,7,RATIO_OF_MACROPHAGES_AROUND_CARCINOMA_CELL_IN_WHOLE_TUMOR_REGION_40,0.627676206358749,1.2357707539980864,0.04443393671485691,27.5,0.4,5,True,0.16084796664103826,0.09830629222063032,0.0,0.043566301757682835,2.8356604711743936,35,9,,59,7
blca,PAPILLARY,PathoTME-FusionVal,hive_mil,clip-rn50,16,shared_core62_v1,feature,8,CELL_DENSITY_ENDOTHELIAL_CELL_IN_TUMOR_CORE,0.6198677527539246,0.892290571446146,-0.06894408820864481,20.5,0.4,5,True,0.07889480306129414,0.07550137461824925,0.0,0.856987034560319,2.0879555515297605,49,22,,1,10
blca,PAPILLARY,PathoTME-FusionVal,hive_mil,clip-rn50,16,shared_core62_v1,feature,9,TLS_IMMATURE_PRESENT,0.5950196366960965,0.7447396614893929,0.16784596179019778,25.25,0.2,5,True,1.345399926852858,0.05532464324253906,0.0,0.10297098647792637,1.4714026269071587,1,30,,53,17
blca,PAPILLARY,PathoTME-FusionVal,hive_mil,clip-rn50,16,shared_core62_v1,feature,10,CELL_DENSITY_MACROPHAGE_IN_TUMOR_CORE,0.5753574128867249,1.1203193522971167,-0.10960696963001401,28.25,0.4,5,True,0.08176941444403174,0.12013138542522439,0.0,0.09707695323182279,2.5778093113325453,48,3,,54,8
blca,PAPILLARY,PathoTME-FusionVal,hive_mil,clip-rn50,16,shared_core62_v1,group,1,high/cell_endothelial_cell,1.2782399442755987,1.5296606854116641,-0.18131378270179338,7.25,0.6,5,True,0.34513626892706456,0.1696656197034229,0.0,2.6984044057123167,3.1779934270351906,15,9,,1,4
blca,PAPILLARY,PathoTME-FusionVal,hive_mil,clip-rn50,16,shared_core62_v1,group,2,high/spatial_plasma_cells,1.18883596211781,1.8707508722267543,0.08128700182934176,7.75,0.4,5,True,1.158377152942636,0.09781610979401159,0.0,0.2552765061888565,4.432710041663546,3,13,,14,1
blca,PAPILLARY,PathoTME-FusionVal,hive_mil,clip-rn50,16,shared_core62_v1,group,3,high/cell_fibroblast,1.0435796359273275,1.1597047215402994,-0.022869038943435872,6.75,0.6,5,True,0.4962174574244898,0.24945067417730193,0.0,1.7281414803710509,2.7440885676637947,12,5,,3,7
blca,PAPILLARY,PathoTME-FusionVal,hive_mil,clip-rn50,16,shared_core62_v1,group,4,high/cell_granulocyte,1.032320349911295,1.333327458489041,-0.11649203766228741,5.5,0.8,5,True,0.6403448268622591,0.2996322948338273,0.0,0.88024400786731,3.3413806199930782,10,3,,6,3
blca,PAPILLARY,PathoTME-FusionVal,hive_mil,clip-rn50,16,shared_core62_v1,group,5,high/cell_carcinoma_cell,1.015519210252892,0.9566243399567151,-0.19687012958689232,5.25,0.6,5,True,1.3249715300241378,0.3566525474632995,0.0,2.4621369617709954,0.9338350120060273,2,2,,2,15
blca,PAPILLARY,PathoTME-FusionVal,hive_mil,clip-rn50,16,shared_core62_v1,group,6,low/tls,1.0001218385521173,1.0414084764105733,0.10611640779713072,5.75,0.8,5,True,1.534820204168962,0.18961126618179544,0.0,0.7489743598869023,2.5272033625229278,1,7,,7,8
blca,PAPILLARY,PathoTME-FusionVal,hive_mil,clip-rn50,16,shared_core62_v1,group,7,high/spatial_macrophages,0.9009215023681832,1.570487637323752,0.05914225339156208,9.25,0.4,5,True,0.4558023562212461,0.23738539364634192,0.0,0.11735092246354306,3.6940688395097854,13,6,,16,2
blca,PAPILLARY,PathoTME-FusionVal,hive_mil,clip-rn50,16,shared_core62_v1,group,8,high/cell_macrophage,0.8724007979956993,1.216856209163294,-0.1742276968902346,8.0,0.6,5,True,0.33954370209949364,0.4033114939313045,0.0,0.6051444874947538,3.0140043064529443,16,1,,9,6
blca,PAPILLARY,PathoTME-FusionVal,hive_mil,clip-rn50,16,shared_core62_v1,group,9,low/compartment_extent,0.8496744155914374,1.2544214001767071,-0.17621297783866197,9.75,0.4,5,True,0.7121224973751978,0.08338212352094565,0.0,0.41708133294863275,3.0357861241124113,7,15,,12,5
blca,PAPILLARY,PathoTME-FusionVal,hive_mil,clip-rn50,16,shared_core62_v1,group,10,low/global_tissue,0.8138236755574428,0.7480405324846935,-0.03539720251864411,6.5,0.6,5,True,0.9385698433054825,0.2835366325204527,0.0,0.9059353423913583,1.9410765595699213,5,4,,5,12
blca,PAPILLARY,PathoTME-FusionVal,hive_mil,plip,16,shared_core62_v1,feature,1,CELL_PERCENTAGE_CARCINOMA_CELL_IN_INNER_INVASIVE_MARGIN,0.05652735962454036,0.08877856706309813,-0.009492976573338563,7.0,0.4,5,True,0.0,0.04454605276619115,0.026375810575963787,0.21171493478054687,0.0,,13,6,2,
blca,PAPILLARY,PathoTME-FusionVal,hive_mil,plip,16,shared_core62_v1,feature,2,CELL_DENSITY_ENDOTHELIAL_CELL_IN_TUMOR_CORE,0.05175508410131836,0.09216803305311419,-0.021834445147529212,24.0,0.2,5,True,0.0,0.03775068730912463,0.006777974557387428,0.21424675864007975,0.0,,22,49,1,
blca,PAPILLARY,PathoTME-FusionVal,hive_mil,plip,16,shared_core62_v1,feature,3,RELATIVE_AREA_VESSEL,0.05166130369475865,0.08612389115454076,-0.0024182377881581214,14.666666666666666,0.2,5,True,0.0,0.03917954861900321,0.01610119702808428,0.20302577282670575,0.0,,20,20,4,
blca,PAPILLARY,PathoTME-FusionVal,hive_mil,plip,16,shared_core62_v1,feature,4,CELL_PERCENTAGE_CARCINOMA_CELL_IN_TUMOR_CORE,0.050161027052472565,0.07652673407395683,-0.01255547720884686,10.0,0.4,5,True,0.0,0.04159733781201268,0.025890121288061892,0.18331767616228825,0.0,,18,7,5,
blca,PAPILLARY,PathoTME-FusionVal,hive_mil,plip,16,shared_core62_v1,feature,5,CELL_PERCENTAGE_ENDOTHELIAL_CELL_IN_TUMOR_CORE,0.04371643772642314,0.09266457492909623,-0.0005044738667211159,39.0,0.2,5,True,0.0,0.008006240712368325,0.0012031200830798369,0.20937282783666755,0.0,,55,59,3,
blca,PAPILLARY,PathoTME-FusionVal,hive_mil,plip,16,shared_core62_v1,feature,6,CELL_DENSITY_CARCINOMA_CELL_IN_TUMOR_CORE,0.042336101555568155,0.049341395262307006,-0.017769899073490032,6.0,0.4,5,True,0.0,0.06116551176773238,0.032646356395308114,0.11786863961480029,0.0,,2,3,13,
blca,PAPILLARY,PathoTME-FusionVal,hive_mil,plip,16,shared_core62_v1,feature,7,CELL_PERCENTAGE_ENDOTHELIAL_CELL_IN_INNER_INVASIVE_MARGIN,0.03895058892988963,0.0770199126268491,-0.004055882083214115,37.333333333333336,0.2,5,True,0.0,0.018101750236537994,0.0006229346221977472,0.17602825979071243,0.0,,46,60,6,
blca,PAPILLARY,PathoTME-FusionVal,hive_mil,plip,16,shared_core62_v1,feature,8,CELL_DENSITY_CARCINOMA_CELL_IN_INNER_INVASIVE_MARGIN,0.038940064031255786,0.051284189263336936,-0.006457406647709644,11.333333333333334,0.2,5,True,0.0,0.04126338962149767,0.028615440111173084,0.12482149042360814,0.0,,19,4,11,
blca,PAPILLARY,PathoTME-FusionVal,hive_mil,plip,16,shared_core62_v1,feature,9,CELL_PERCENTAGE_LYMPHOCYTE_IN_INNER_INVASIVE_MARGIN,0.0365694030944066,0.05147608893854576,-0.008651770563452843,16.0,0.2,5,True,0.0,0.02411654016330007,0.03405261392915019,0.12467786137958274,0.0,,34,2,12,
blca,PAPILLARY,PathoTME-FusionVal,hive_mil,plip,16,shared_core62_v1,feature,10,CELL_DENSITY_ENDOTHELIAL_CELL_IN_INNER_INVASIVE_MARGIN,0.03554660544925578,0.05706919420096873,-0.011064020964348711,27.0,0.2,5,True,0.0,0.03689081346197286,0.006914489945181768,0.13392772383912427,0.0,,24,48,9,
blca,PAPILLARY,PathoTME-FusionVal,hive_mil,plip,16,shared_core62_v1,group,1,high/cell_carcinoma_cell,0.17892244487591208,0.2553269285484019,-0.0465692825580585,2.0,0.6,5,True,0.0,0.17832627373164975,0.10075171020516176,0.6155342404427488,0.0,,2,2,2,
blca,PAPILLARY,PathoTME-FusionVal,hive_mil,plip,16,shared_core62_v1,group,2,high/cell_endothelial_cell,0.1547824736470388,0.2927049737575544,-0.03507853062357234,8.0,0.4,5,True,0.0,0.08483280985171145,0.01447845695540328,0.6746011014280792,0.0,,9,14,1,
blca,PAPILLARY,PathoTME-FusionVal,hive_mil,plip,16,shared_core62_v1,group,3,high/cell_lymphocyte,0.11418140700996812,0.16871254411018416,-0.01924329374786075,5.333333333333333,0.4,5,True,0.0,0.05786379296350342,0.10804981221561676,0.4049934298707204,0.0,,11,1,4,
blca,PAPILLARY,PathoTME-FusionVal,hive_mil,plip,16,shared_core62_v1,group,4,high/cell_fibroblast,0.11285241968771702,0.1861376496352888,0.017709227597592844,8.0,0.4,5,True,0.0,0.12472533708865097,0.007501391257171378,0.4320353700927627,0.0,,5,16,3,
blca,PAPILLARY,PathoTME-FusionVal,hive_mil,plip,16,shared_core62_v1,group,5,high/cell_macrophage,0.08505071594353629,0.0902958928654398,-0.007476168789303908,4.333333333333333,0.6,5,True,0.0,0.20165574696565225,0.07231171087834075,0.15128612187368845,0.0,,1,3,9,
blca,PAPILLARY,PathoTME-FusionVal,hive_mil,plip,16,shared_core62_v1,group,6,high/cell_granulocyte,0.08486843154051237,0.09724313135631547,-0.017530727409818574,4.666666666666667,0.6,5,True,0.0,0.14981614741691365,0.05446500831882068,0.2200610019668275,0.0,,3,5,6,
blca,PAPILLARY,PathoTME-FusionVal,hive_mil,plip,16,shared_core62_v1,group,7,low/global_tissue,0.08015132029594982,0.10040984986750258,-0.015096046848368062,5.666666666666667,0.6,5,True,0.0,0.14176831626022635,0.032504449621683223,0.22648383559783958,0.0,,4,8,5,
blca,PAPILLARY,PathoTME-FusionVal,hive_mil,plip,16,shared_core62_v1,group,8,low/tls,0.059245360375032495,0.0816994647510221,-0.014622327625060789,9.666666666666666,0.4,5,True,0.0,0.09480563309089772,0.014177578812539185,0.18724358997172558,0.0,,7,15,7,
blca,PAPILLARY,PathoTME-FusionVal,hive_mil,plip,16,shared_core62_v1,group,9,high/spatial_fibroblasts,0.04954518447291728,0.066598690362236,0.009266246779861006,10.0,0.4,5,True,0.0,0.0707806329371241,0.020097016636641943,0.15684827279082036,0.0,,10,12,8,
blca,PAPILLARY,PathoTME-FusionVal,hive_mil,plip,16,shared_core62_v1,group,10,low/tumor_core_composition,0.043817157899491845,0.062366843991441184,-0.010401741929604993,11.333333333333334,0.4,5,True,0.0,0.0431297286171935,0.025456960476026348,0.1504991004042394,0.0,,14,10,10,
blca,PAPILLARY,PathoTME-FusionVal,mgpath,clip-rn50,16,shared_core62_v1,feature,1,AVG_MIN_DISTANCE_OF_FIBROBLASTS_AROUND_CARCINOMA_CELL_IN_WHOLE_TUMOR_REGION_20,2.915842158985374,5.075792394882185,-0.5827715226031344,18.2,0.6,5,True,2.580970650478729,0.08223759998150049,0.03886231462969261,0.09209945289636703,11.78504077694058,6,5,39,38,3
blca,PAPILLARY,PathoTME-FusionVal,mgpath,clip-rn50,16,shared_core62_v1,feature,2,RELATIVE_AREA_OUTER_INVASIVE_MARGIN,2.871932466852963,4.967339667286952,-0.13599169259059185,24.4,0.4,5,True,2.6572024519667825,0.0023957551916180347,0.08431833213813796,0.08916593815088687,11.52657985681739,5,62,11,40,4
blca,PAPILLARY,PathoTME-FusionVal,mgpath,clip-rn50,16,shared_core62_v1,feature,3,CELL_DENSITY_PLASMA_CELL_IN_INNER_INVASIVE_MARGIN,2.744182877159093,5.250979268005311,-0.13988883227193677,22.2,0.2,5,True,1.3555821737173799,0.03072070656804493,0.058880410114598734,0.18996546652977894,12.085765628865662,23,41,24,22,1
blca,PAPILLARY,PathoTME-FusionVal,mgpath,clip-rn50,16,shared_core62_v1,feature,4,CELL_PERCENTAGE_GRANULOCYTE_IN_TUMOR_CORE,2.534970014714798,5.295162865740712,-0.14200434496668468,30.6,0.2,5,True,0.5030059986657063,0.03635532300064243,0.05003654054374058,0.08456170713522916,12.000890504228671,43,33,31,44,2
blca,PAPILLARY,PathoTME-FusionVal,mgpath,clip-rn50,16,shared_core62_v1,feature,5,CELL_DENSITY_PLASMA_CELL_IN_TUMOR_CORE,2.4396327705301166,5.037843821492992,0.008894139508531528,31.2,0.2,5,True,0.5973149561235686,0.031104174169894964,0.05331613651953614,0.07473548012195319,11.44169310571563,38,40,27,46,5
blca,PAPILLARY,PathoTME-FusionVal,mgpath,clip-rn50,16,shared_core62_v1,feature,6,CELL_DENSITY_FIBROBLAST_IN_INNER_INVASIVE_MARGIN,2.434604623690542,5.001244392725047,-0.6586634968195442,30.8,0.2,5,True,0.5313423343068713,0.03434253858333499,0.010926387597652621,0.22307037862901574,11.373341479335837,40,37,55,16,6
blca,PAPILLARY,PathoTME-FusionVal,mgpath,clip-rn50,16,shared_core62_v1,feature,7,RATIO_OF_MACROPHAGES_AROUND_CARCINOMA_CELL_IN_WHOLE_TUMOR_REGION_40,2.429112170157986,4.989402688226701,0.19784776846201885,26.2,0.4,5,True,0.643391866564153,0.07372971916547273,0.06401422948388667,0.021783150878841417,11.342641884697574,35,9,21,59,7
blca,PAPILLARY,PathoTME-FusionVal,mgpath,clip-rn50,16,shared_core62_v1,feature,8,TLS_IMMATURE_PRESENT,2.274077827953871,3.0720251107543706,0.6764807927739385,31.4,0.2,5,True,5.381599707411432,0.041493482431904295,0.01019994905842077,0.05148549323896318,5.885610507628635,1,30,56,53,17
blca,PAPILLARY,PathoTME-FusionVal,mgpath,clip-rn50,16,shared_core62_v1,feature,9,CELL_DENSITY_MACROPHAGE_IN_TUMOR_CORE,2.175000776684491,4.54960271202422,-0.4467265154828227,24.4,0.6,5,True,0.32707765777612696,0.09009853906891829,0.09805196463131811,0.048538476615911395,10.311237245330181,48,3,9,54,8
blca,PAPILLARY,PathoTME-FusionVal,mgpath,clip-rn50,16,shared_core62_v1,feature,10,RATIO_OF_PLASMA_CELLS_AROUND_CARCINOMA_CELL_IN_WHOLE_TUMOR_REGION_40,2.1535428309844056,4.443435082121735,0.5116909324034418,37.6,0.2,5,True,0.5831487775918958,0.02758697962608934,0.04107275515389295,0.025214454014875994,10.090691188535272,39,45,37,58,9
blca,PAPILLARY,PathoTME-FusionVal,mgpath,clip-rn50,16,shared_core62_v1,group,1,high/spatial_plasma_cells,4.53898331196244,7.630181989658732,0.32615600258392574,8.0,0.6,5,True,4.633508611770544,0.07336208234550867,0.12956744594753652,0.12763825309442825,17.730840166654183,3,13,9,14,1
blca,PAPILLARY,PathoTME-FusionVal,mgpath,clip-rn50,16,shared_core62_v1,group,2,high/spatial_macrophages,3.405321078806657,6.398295534961314,0.2646343965423411,8.6,0.6,5,True,1.8232094248849844,0.17803904523475644,0.1904061046426332,0.05867546123177153,14.776275358039141,13,6,6,16,2
blca,PAPILLARY,PathoTME-FusionVal,mgpath,clip-rn50,16,shared_core62_v1,group,3,low/tls,3.3643000423195026,4.567548149498532,0.574750262762431,7.6,0.8,5,True,6.139280816675848,0.1422084496363466,0.05671031525015674,0.37448717994345115,10.108813450091711,1,7,15,7,8
blca,PAPILLARY,PathoTME-FusionVal,mgpath,clip-rn50,16,shared_core62_v1,group,4,high/cell_granulocyte,3.361921609151132,5.678400785804318,-0.3365523518304661,5.4,1.0,5,True,2.5613793074490365,0.22472422112537055,0.21786003327528272,0.440122003933655,13.365522479972313,10,3,5,6,3
blca,PAPILLARY,PathoTME-FusionVal,mgpath,clip-rn50,16,shared_core62_v1,group,5,high/cell_endothelial_cell,3.125376805860872,5.396762277694033,-0.30246379602427365,8.6,0.6,5,True,1.3805450757082582,0.12724921477756718,0.05791382782161312,1.3492022028561583,12.711973708140762,15,9,14,1,4
blca,PAPILLARY,PathoTME-FusionVal,mgpath,clip-rn50,16,shared_core62_v1,group,6,low/compartment_extent,3.071869232338515,5.206838984078319,-0.6700388942475334,10.0,0.4,5,True,2.8484899895007914,0.06253659264070925,0.09663441662711296,0.20854066647431638,12.143144496449645,7,15,11,12,5
blca,PAPILLARY,PathoTME-FusionVal,mgpath,clip-rn50,16,shared_core62_v1,group,7,high/cell_macrophage,2.8616989483837942,5.160239719313943,-0.6363092835191335,7.0,0.8,5,True,1.3581748083979746,0.30248362044847843,0.289246843513363,0.3025722437473769,12.056017225811777,16,1,3,9,6
blca,PAPILLARY,PathoTME-FusionVal,mgpath,clip-rn50,16,shared_core62_v1,group,8,high/cell_fibroblast,2.808477682240065,4.630465617986001,-0.3209153434784529,8.6,0.6,5,True,1.9848698296979592,0.18708800563297645,0.030005565028685514,0.8640707401855254,10.976354270655179,12,5,16,3,7
blca,PAPILLARY,PathoTME-FusionVal,mgpath,clip-rn50,16,shared_core62_v1,group,9,high/spatial_fibroblasts,2.71645437605592,3.9147593917079924,0.23595745815286567,8.6,0.8,5,True,4.039881338376425,0.10617094940568614,0.08038806654656777,0.31369654558164073,9.04213498036928,4,10,12,8,9
blca,PAPILLARY,PathoTME-FusionVal,mgpath,clip-rn50,16,shared_core62_v1,group,10,low/global_tissue,2.4628447111148732,3.328601434258541,-0.05361221429636713,6.8,0.8,5,True,3.75427937322193,0.21265247439033955,0.1300177984867329,0.45296767119567916,7.764306238279685,5,4,8,5,12
blca,PAPILLARY,PathoTME-FusionVal,mgpath,plip,16,shared_core62_v1,feature,1,AVG_MIN_DISTANCE_OF_FIBROBLASTS_AROUND_CARCINOMA_CELL_IN_WHOLE_TUMOR_REGION_20,1.351976806612225,2.550581733155238,-0.27707274136174764,18.2,0.6,5,True,0.6452426626196822,0.05482506665433366,0.029146735972269456,0.13814917934455057,5.89252038847029,6,5,39,38,3
blca,PAPILLARY,PathoTME-FusionVal,mgpath,plip,16,shared_core62_v1,feature,2,CELL_DENSITY_PLASMA_CELL_IN_INNER_INVASIVE_MARGIN,1.3462734672576313,2.6292863439601364,-0.04107785953930604,22.2,0.2,5,True,0.33889554342934497,0.020480471045363283,0.044160307585949056,0.28494819979466834,6.042882814432831,23,41,24,22,1
blca,PAPILLARY,PathoTME-FusionVal,mgpath,plip,16,shared_core62_v1,feature,3,RELATIVE_AREA_OUTER_INVASIVE_MARGIN,1.325235073571614,2.4948675597474748,-0.03985535768549918,24.4,0.4,5,True,0.6643006129916956,0.0015971701277453566,0.06323874910360348,0.1337489072263303,5.763289928408695,5,62,11,40,4
blca,PAPILLARY,PathoTME-FusionVal,mgpath,plip,16,shared_core62_v1,feature,4,CELL_PERCENTAGE_GRANULOCYTE_IN_TUMOR_CORE,1.262960719978368,2.6487682292935637,-0.07951317600951047,30.6,0.2,5,True,0.12575149966642657,0.024236882000428294,0.03752740540780544,0.12684256070284378,6.000445252114336,43,33,31,44,2
blca,PAPILLARY,PathoTME-FusionVal,mgpath,plip,16,shared_core62_v1,feature,5,CELL_DENSITY_FIBROBLAST_IN_INNER_INVASIVE_MARGIN,1.2370403415217246,2.49083708739626,-0.3157175961948225,30.8,0.2,5,True,0.13283558357671782,0.02289502572222332,0.008194790698239465,0.33460556794352364,5.686670739667918,40,37,55,16,6
blca,PAPILLARY,PathoTME-FusionVal,mgpath,plip,16,shared_core62_v1,feature,6,CELL_DENSITY_PLASMA_CELL_IN_TUMOR_CORE,1.2086003461149106,2.522964846036537,0.013507043021948235,31.2,0.2,5,True,0.14932873903089214,0.020736116113263307,0.039987102389652106,0.11210322018292977,5.720846552857815,38,40,27,46,5
blca,PAPILLARY,PathoTME-FusionVal,mgpath,plip,16,shared_core62_v1,feature,7,RATIO_OF_MACROPHAGES_AROUND_CARCINOMA_CELL_IN_WHOLE_TUMOR_REGION_40,1.1924014907062634,2.5043180418256155,0.08998310103500537,26.2,0.4,5,True,0.16084796664103826,0.04915314611031516,0.04801067211291501,0.032674726318262126,5.671320942348787,35,9,21,59,7
blca,PAPILLARY,PathoTME-FusionVal,mgpath,plip,16,shared_core62_v1,feature,8,CELL_DENSITY_MACROPHAGE_IN_TUMOR_CORE,1.088760083643818,2.2734562813171797,-0.22771896822377027,24.4,0.6,5,True,0.08176941444403174,0.060065692712612195,0.07353897347348858,0.0728077149238671,5.155618622665091,48,3,9,54,8
blca,PAPILLARY,PathoTME-FusionVal,mgpath,plip,16,shared_core62_v1,feature,9,RATIO_OF_PLASMA_CELLS_AROUND_CARCINOMA_CELL_IN_WHOLE_TUMOR_REGION_40,1.055630071160814,2.23090281486318,0.2620779940822372,37.6,0.2,5,True,0.14578719439797394,0.01839131975072623,0.030804566365419717,0.03782168102231398,5.045345594267636,39,45,37,58,9
blca,PAPILLARY,PathoTME-FusionVal,mgpath,plip,16,shared_core62_v1,feature,10,CELL_DENSITY_ENDOTHELIAL_CELL_IN_TUMOR_CORE,0.9911261586044683,1.7991495396707482,-0.0459697242664586,26.2,0.4,5,True,0.07889480306129414,0.03775068730912463,0.02033392367216228,0.6427402759202394,4.175911103059521,49,22,49,1,10
blca,PAPILLARY,PathoTME-FusionVal,mgpath,plip,16,shared_core62_v1,group,1,high/spatial_plasma_cells,2.0722676510538056,3.824739723646789,0.19308738844109588,8.0,0.6,5,True,1.158377152942636,0.048908054897005795,0.09717558446065239,0.1914573796416424,8.865420083327091,3,13,9,14,1
blca,PAPILLARY,PathoTME-FusionVal,mgpath,plip,16,shared_core62_v1,group,2,high/cell_endothelial_cell,1.770638921599921,2.6901087353173647,-0.2246314853862465,8.6,0.6,5,True,0.34513626892706456,0.08483280985171145,0.04343537086620984,2.0238033042842374,6.355986854070381,15,9,14,1,4
blca,PAPILLARY,PathoTME-FusionVal,mgpath,plip,16,shared_core62_v1,group,3,high/cell_granulocyte,1.659300049024455,2.8190397495412753,-0.15868268275684588,5.4,1.0,5,True,0.6403448268622591,0.14981614741691365,0.16339502495646205,0.6601830059004824,6.6827612399861565,10,3,5,6,3
blca,PAPILLARY,PathoTME-FusionVal,mgpath,plip,16,shared_core62_v1,group,4,high/spatial_macrophages,1.638690100478724,3.2174537817544664,0.15875607207888726,8.6,0.6,5,True,0.4558023562212461,0.11869269682317096,0.14280457848197484,0.08801319184765728,7.388137679019571,13,6,6,16,2
blca,PAPILLARY,PathoTME-FusionVal,mgpath,plip,16,shared_core62_v1,group,5,high/cell_fibroblast,1.4855460427781064,2.292816973962741,-0.11104427987054073,8.6,0.6,5,True,0.4962174574244898,0.12472533708865097,0.022504173771514136,1.296106110278288,5.488177135327589,12,5,16,3,7
blca,PAPILLARY,PathoTME-FusionVal,mgpath,plip,16,shared_core62_v1,group,6,low/tls,1.4576592137317017,2.097926779229529,0.13729878841174295,7.6,0.8,5,True,1.534820204168962,0.09480563309089772,0.04253273643761757,0.5617307699151767,5.0544067250458555,1,7,15,7,8
blca,PAPILLARY,PathoTME-FusionVal,mgpath,plip,16,shared_core62_v1,group,7,high/cell_macrophage,1.4480003120454243,2.562341046415594,-0.2821747510980853,7.0,0.8,5,True,0.33954370209949364,0.20165574696565225,0.2169351326350222,0.45385836562106535,6.0280086129058885,16,1,3,9,6
blca,PAPILLARY,PathoTME-FusionVal,mgpath,plip,16,shared_core62_v1,group,8,low/compartment_extent,1.4421345239084604,2.601787352042954,-0.2999609318781834,10.0,0.4,5,True,0.7121224973751978,0.041691061760472825,0.07247581247033472,0.3128109997114746,6.071572248224823,7,15,11,12,5
blca,PAPILLARY,PathoTME-FusionVal,mgpath,plip,16,shared_core62_v1,group,9,high/spatial_fibroblasts,1.2265308651996514,1.8820373831251955,0.12868833398517504,8.6,0.8,5,True,1.0099703345941062,0.0707806329371241,0.06029104990992584,0.4705448183724611,4.52106749018464,4,10,12,8,9
blca,PAPILLARY,PathoTME-FusionVal,mgpath,plip,16,shared_core62_v1,group,10,low/global_tissue,1.147891226872824,1.5696350138119548,-0.13195755469647677,6.8,0.8,5,True,0.9385698433054825,0.14176831626022635,0.09751334886504966,0.6794515067935186,3.8821531191398426,5,4,8,5,12
blca,PAPILLARY,PathoTME-FusionVal,mscpt,clip-rn50,16,shared_core62_v1,feature,1,TLS_IMMATURE_PRESENT,0.5536472063631045,1.194808158678935,0.26117243022071235,35.0,0.2,5,True,2.690799853705716,0.041493482431904295,0.01019994905842077,0.02574274661948159,0.0,1,30,56,53,
blca,PAPILLARY,PathoTME-FusionVal,mscpt,clip-rn50,16,shared_core62_v1,feature,2,CELL_PERCENTAGE_CARCINOMA_CELL_IN_INNER_INVASIVE_MARGIN,0.3777799325375196,0.634712811494715,-0.1039894422017404,5.75,0.6,5,True,1.5048624064539093,0.06681907914928674,0.10550324230385515,0.21171493478054687,0.0,2,13,6,2,
blca,PAPILLARY,PathoTME-FusionVal,mscpt,clip-rn50,16,shared_core62_v1,feature,3,LOG1P_COUNT_TLS_MATURE,0.3311997002971278,0.6246219763394997,-0.12111250369027604,19.5,0.4,5,True,1.4456179979968278,0.07132504712169029,0.022041981703247962,0.11701347466387316,0.0,3,10,51,14,
blca,PAPILLARY,PathoTME-FusionVal,mscpt,clip-rn50,16,shared_core62_v1,feature,4,CELL_DENSITY_GRANULOCYTE_IN_INNER_INVASIVE_MARGIN,0.32163174686022883,0.5931096169899769,-0.08149608859764877,13.75,0.2,5,True,1.380923146450875,0.07129842770131388,0.06900831077956514,0.08692884936939012,0.0,4,11,17,23,
blca,PAPILLARY,PathoTME-FusionVal,mscpt,clip-rn50,16,shared_core62_v1,feature,5,RELATIVE_AREA_VESSEL,0.30150255199762366,0.4974440776268239,0.01222784764480682,13.25,0.4,5,True,1.1813128761205705,0.05876932292850481,0.06440478811233712,0.20302577282670575,0.0,9,20,20,4,
blca,PAPILLARY,PathoTME-FusionVal,mscpt,clip-rn50,16,shared_core62_v1,feature,6,RELATIVE_AREA_OUTER_INVASIVE_MARGIN,0.2919796564777181,0.5805220884276102,-0.04709134718406788,29.5,0.2,5,True,1.3286012259833913,0.0023957551916180347,0.08431833213813796,0.044582969075443436,0.0,5,62,11,40,
blca,PAPILLARY,PathoTME-FusionVal,mscpt,clip-rn50,16,shared_core62_v1,feature,7,AVG_MIN_DISTANCE_OF_FIBROBLASTS_AROUND_CARCINOMA_CELL_IN_WHOLE_TUMOR_REGION_20,0.29152699325974823,0.5591972628951811,-0.016981442001460244,22.0,0.4,5,True,1.2904853252393644,0.08223759998150049,0.03886231462969261,0.04604972644818352,0.0,6,5,39,38,
blca,PAPILLARY,PathoTME-FusionVal,mscpt,clip-rn50,16,shared_core62_v1,feature,8,LOG1P_COUNT_TLS_IMMATURE,0.26926544630944665,0.5182190339220338,0.08373112445426367,27.25,0.2,5,True,1.195090967176088,0.02852188083181349,0.053052257041117414,0.0696621264982143,0.0,8,43,28,30,
blca,PAPILLARY,PathoTME-FusionVal,mscpt,clip-rn50,16,shared_core62_v1,feature,9,AVG_MIN_DISTANCE_OF_PLASMA_CELLS_AROUND_CARCINOMA_CELL_IN_WHOLE_TUMOR_REGION_40,0.268356377199081,0.5449922471219444,0.009960981245595964,33.5,0.2,5,True,1.2423562453578638,0.022857185447680065,0.06317466891106546,0.013393786278795821,0.0,7,48,22,57,
blca,PAPILLARY,PathoTME-FusionVal,mscpt,clip-rn50,16,shared_core62_v1,feature,10,RELATIVE_AREA_STROMA_IN_TUMOR_CORE,0.22064515434029103,0.4116822409236236,0.03515131855721441,33.75,0.4,5,True,0.9504328228305132,0.009031691250091152,0.01018492847376877,0.13357632914708187,0.0,10,58,57,10,
blca,PAPILLARY,PathoTME-FusionVal,mscpt,clip-rn50,16,shared_core62_v1,group,1,high/cell_carcinoma_cell,0.7871947103818291,1.064972788492717,-0.19689294960242215,2.0,0.8,5,True,2.6499430600482756,0.2674894105974746,0.403006840820647,0.6155342404427488,0.0,2,2,2,2,
blca,PAPILLARY,PathoTME-FusionVal,mscpt,clip-rn50,16,shared_core62_v1,group,2,low/tls,0.6911605526392306,1.3316040284059139,0.23456707425559356,7.5,0.6,5,True,3.069640408337924,0.1422084496363466,0.05671031525015674,0.18724358997172558,0.0,1,7,15,7,
blca,PAPILLARY,PathoTME-FusionVal,mscpt,clip-rn50,16,shared_core62_v1,group,3,high/spatial_plasma_cells,0.5167005921451062,1.0073102306776098,-0.056307958419111605,9.75,0.4,5,True,2.316754305885272,0.07336208234550867,0.12956744594753652,0.06381912654721413,0.0,3,13,9,14,
blca,PAPILLARY,PathoTME-FusionVal,mscpt,clip-rn50,16,shared_core62_v1,group,4,low/global_tissue,0.4892587590171754,0.7810575150476371,0.16950754547835192,5.5,0.8,5,True,1.877139686610965,0.21265247439033955,0.1300177984867329,0.22648383559783958,0.0,5,4,8,5,
blca,PAPILLARY,PathoTME-FusionVal,mscpt,clip-rn50,16,shared_core62_v1,group,5,high/cell_lymphocyte,0.4752603043041141,0.5784032053413015,-0.10794756599989977,5.5,0.6,5,True,1.4523131533421278,0.0867956894452551,0.432199248862467,0.4049934298707204,0.0,6,11,1,4,
blca,PAPILLARY,PathoTME-FusionVal,mscpt,clip-rn50,16,shared_core62_v1,group,6,high/spatial_fibroblasts,0.4726695915862574,0.8668064209221097,0.020078645293478158,8.5,0.6,5,True,2.0199406691882125,0.10617094940568614,0.08038806654656777,0.15684827279082036,0.0,4,10,12,8,
blca,PAPILLARY,PathoTME-FusionVal,mscpt,clip-rn50,16,shared_core62_v1,group,7,high/cell_granulocyte,0.3886669820183998,0.5077515851394082,-0.09836839697594249,6.0,0.8,5,True,1.2806896537245183,0.22472422112537055,0.21786003327528272,0.2200610019668275,0.0,10,3,5,6,
blca,PAPILLARY,PathoTME-FusionVal,mscpt,clip-rn50,16,shared_core62_v1,group,8,high/spatial_lymphocytes,0.3616825294103875,0.5676140336067161,-0.04922970105527807,8.75,0.6,5,True,1.360184338065707,0.13607592394740026,0.2689397797664199,0.043212605272410054,0.0,8,8,4,15,
blca,PAPILLARY,PathoTME-FusionVal,mscpt,clip-rn50,16,shared_core62_v1,group,9,low/compartment_extent,0.3375372674510752,0.6088797313035681,-0.06892557385700399,11.25,0.2,5,True,1.4242449947503957,0.06253659264070925,0.09663441662711296,0.10427033323715819,0.0,7,15,11,12,
blca,PAPILLARY,PathoTME-FusionVal,mscpt,clip-rn50,16,shared_core62_v1,group,10,low/tumor_core_composition,0.3329672194135909,0.5699720444974398,-0.01913766291142157,10.75,0.6,5,True,1.3478145618338195,0.06469459292579025,0.10182784190410539,0.1504991004042394,0.0,9,14,10,10,
blca,PAPILLARY,PathoTME-FusionVal,mscpt,plip,16,shared_core62_v1,feature,1,AVG_MIN_DISTANCE_OF_FIBROBLASTS_AROUND_CARCINOMA_CELL_IN_WHOLE_TUMOR_REGION_20,2.6409214785606916,5.140345511996339,-0.5679169104626944,13.25,0.6,5,True,1.2904853252393644,0.10965013330866732,0.019431157314846306,0.0,11.78504077694058,6,5,39,,3
blca,PAPILLARY,PathoTME-FusionVal,mscpt,plip,16,shared_core62_v1,feature,2,RELATIVE_AREA_OUTER_INVASIVE_MARGIN,2.580106917825068,5.0334941510674875,-0.08588725587002355,20.5,0.4,5,True,1.3286012259833913,0.003194340255490713,0.04215916606906898,0.0,11.52657985681739,5,62,11,,4
blca,PAPILLARY,PathoTME-FusionVal,mscpt,plip,16,shared_core62_v1,feature,3,CELL_DENSITY_PLASMA_CELL_IN_INNER_INVASIVE_MARGIN,2.5667915725744757,5.328826822869874,-0.0662260190974672,22.25,0.2,5,True,0.6777910868586899,0.040960942090726565,0.029440205057299367,0.0,12.085765628865662,23,41,24,,1
blca,PAPILLARY,PathoTME-FusionVal,mscpt,plip,16,shared_core62_v1,feature,4,CELL_PERCENTAGE_GRANULOCYTE_IN_TUMOR_CORE,2.4651771075668503,5.331559607995694,-0.14187894105379767,27.25,0.2,5,True,0.25150299933285314,0.04847376400085659,0.02501827027187029,0.0,12.000890504228671,43,33,31,,2
blca,PAPILLARY,PathoTME-FusionVal,mscpt,plip,16,shared_core62_v1,feature,5,CELL_DENSITY_PLASMA_CELL_IN_TUMOR_CORE,2.361696176852742,5.077300558722807,0.03113678640566613,27.5,0.2,5,True,0.2986574780617843,0.041472232226526615,0.02665806825976807,0.0,11.44169310571563,38,40,27,,5
blca,PAPILLARY,PathoTME-FusionVal,mscpt,plip,16,shared_core62_v1,feature,6,RATIO_OF_MACROPHAGES_AROUND_CARCINOMA_CELL_IN_WHOLE_TUMOR_REGION_40,2.358930244988445,5.023617776982641,0.18044507046784503,18.0,0.4,5,True,0.3216959332820765,0.09830629222063032,0.032007114741943336,0.0,11.342641884697574,35,9,21,,7
blca,PAPILLARY,PathoTME-FusionVal,mscpt,plip,16,shared_core62_v1,feature,7,CELL_DENSITY_FIBROBLAST_IN_INNER_INVASIVE_MARGIN,2.338053178346509,5.052057522090738,-0.6445818266753067,34.5,0.2,5,True,0.26567116715343564,0.04579005144444664,0.0054631937988263105,0.0,11.373341479335837,40,37,55,,6
blca,PAPILLARY,PathoTME-FusionVal,mscpt,plip,16,shared_core62_v1,feature,8,CELL_DENSITY_MACROPHAGE_IN_TUMOR_CORE,2.1287866883918256,4.574563633598658,-0.455251561554204,17.0,0.6,5,True,0.16353882888806348,0.12013138542522439,0.04902598231565906,0.0,10.311237245330181,48,3,9,,8
blca,PAPILLARY,PathoTME-FusionVal,mscpt,plip,16,shared_core62_v1,feature,9,RATIO_OF_PLASMA_CELLS_AROUND_CARCINOMA_CELL_IN_WHOLE_TUMOR_REGION_40,2.0879169188819238,4.475261268663285,0.5237311487698155,32.5,0.2,5,True,0.2915743887959479,0.03678263950145246,0.020536377576946475,0.0,10.090691188535272,39,45,37,,9
blca,PAPILLARY,PathoTME-FusionVal,mscpt,plip,16,shared_core62_v1,feature,10,CELL_DENSITY_MACROPHAGE_IN_INNER_INVASIVE_MARGIN,1.8017158706925929,3.558131616531355,-0.04537980901232192,14.5,0.2,5,True,0.7297199485088265,0.10165605525192696,0.032991342992512676,0.0,8.144212006709699,22,7,18,,11
blca,PAPILLARY,PathoTME-FusionVal,mscpt,plip,16,shared_core62_v1,group,1,high/spatial_plasma_cells,4.042038861061447,7.71481395886703,0.3870547868340871,6.5,0.6,5,True,2.316754305885272,0.09781610979401159,0.06478372297376826,0.0,17.730840166654183,3,13,9,,1
blca,PAPILLARY,PathoTME-FusionVal,mscpt,plip,16,shared_core62_v1,group,2,high/spatial_macrophages,3.204093703289858,6.478882422094906,0.3043304300323211,6.75,0.6,5,True,0.9116047124424922,0.23738539364634192,0.0952030523213166,0.0,14.776275358039141,13,6,6,,2
blca,PAPILLARY,PathoTME-FusionVal,mscpt,plip,16,shared_core62_v1,group,3,high/cell_granulocyte,3.01095488903366,5.810545492754011,-0.2476296136285741,5.25,0.8,5,True,1.2806896537245183,0.2996322948338273,0.10893001663764136,0.0,13.365522479972313,10,3,5,,3
blca,PAPILLARY,PathoTME-FusionVal,mscpt,plip,16,shared_core62_v1,group,4,low/compartment_extent,2.739817764606909,5.290574455614223,-0.6028327061613983,9.5,0.4,5,True,1.4242449947503957,0.08338212352094565,0.04831720831355648,0.0,12.143144496449645,7,15,11,,5
blca,PAPILLARY,PathoTME-FusionVal,mscpt,plip,16,shared_core62_v1,group,5,high/cell_endothelial_cell,2.720173755921824,5.592487155692022,-0.2842559576710502,10.5,0.4,5,True,0.6902725378541291,0.1696656197034229,0.02895691391080656,0.0,12.711973708140762,15,9,14,,4
blca,PAPILLARY,PathoTME-FusionVal,mscpt,plip,16,shared_core62_v1,group,6,low/tls,2.679284056447302,4.351860026954554,0.34033063328564117,7.75,0.6,5,True,3.069640408337924,0.18961126618179544,0.02835515762507837,0.0,10.108813450091711,1,7,15,,8
blca,PAPILLARY,PathoTME-FusionVal,mscpt,plip,16,shared_core62_v1,group,7,high/cell_macrophage,2.6566079091397503,5.2608093301399546,-0.5433945137365069,6.5,0.6,5,True,0.6790874041989873,0.4033114939313045,0.1446234217566815,0.0,12.056017225811777,16,1,3,,6
blca,PAPILLARY,PathoTME-FusionVal,mscpt,plip,16,shared_core62_v1,group,8,high/cell_fibroblast,2.4466485284391606,4.78532354572041,-0.31148039928025595,10.0,0.4,5,True,0.9924349148489796,0.24945067417730193,0.015002782514342757,0.0,10.976354270655179,12,5,16,,7
blca,PAPILLARY,PathoTME-FusionVal,mscpt,plip,16,shared_core62_v1,group,9,high/spatial_fibroblasts,2.248766189741005,3.891570170957784,0.21108652330555197,8.75,0.6,5,True,2.0199406691882125,0.1415612658742482,0.040194033273283886,0.0,9.04213498036928,4,10,12,,9
blca,PAPILLARY,PathoTME-FusionVal,mscpt,plip,16,shared_core62_v1,group,10,low/global_tissue,1.9979982913308938,3.3140887919228557,-0.2498609582406747,7.25,0.6,5,True,1.877139686610965,0.2835366325204527,0.06500889924336645,0.0,7.764306238279685,5,4,8,,12
blca,PAPILLARY,PathoTME-FusionVal,muse,clip-rn50,16,shared_core62_v1,feature,1,TLS_IMMATURE_PRESENT,0.2864395407013812,0.5923127114870509,0.13003565968312347,35.0,0.2,5,True,1.345399926852858,0.02766232162126953,0.007649961793815578,0.05148549323896318,0.0,1,30,56,53,
blca,PAPILLARY,PathoTME-FusionVal,muse,clip-rn50,16,shared_core62_v1,feature,2,CELL_PERCENTAGE_CARCINOMA_CELL_IN_INNER_INVASIVE_MARGIN,0.2599069114564262,0.3224643616668729,-0.06359557172179071,5.75,0.6,5,True,0.7524312032269547,0.04454605276619115,0.07912743172789134,0.42342986956109374,0.0,2,13,6,2,
blca,PAPILLARY,PathoTME-FusionVal,muse,clip-rn50,16,shared_core62_v1,feature,3,RELATIVE_AREA_VESSEL,0.21683822468339056,0.26576638287789,0.00368329714623931,13.25,0.4,5,True,0.5906564380602852,0.03917954861900321,0.04830359108425284,0.4060515456534115,0.0,9,20,20,4,
blca,PAPILLARY,PathoTME-FusionVal,muse,clip-rn50,16,shared_core62_v1,feature,4,LOG1P_COUNT_TLS_MATURE,0.2041834932036113,0.30467247294703703,-0.0707384080016337,19.5,0.4,5,True,0.7228089989984139,0.04755003141446019,0.016531486277435968,0.23402694932774631,0.0,3,10,51,14,
blca,PAPILLARY,PathoTME-FusionVal,muse,clip-rn50,16,shared_core62_v1,feature,5,CELL_DENSITY_GRANULOCYTE_IN_INNER_INVASIVE_MARGIN,0.1927215580366202,0.2855668549764546,-0.046757349866535194,13.75,0.2,5,True,0.6904615732254376,0.04753228513420925,0.051756233084673864,0.17385769873878024,0.0,4,11,17,23,
blca,PAPILLARY,PathoTME-FusionVal,muse,clip-rn50,16,shared_core62_v1,feature,6,CELL_PERCENTAGE_ENDOTHELIAL_CELL_IN_TUMOR_CORE,0.1692914069429226,0.22652971423700657,0.028463059259710245,32.75,0.2,5,True,0.4160957780796701,0.008006240712368325,0.003609360249239511,0.4187456556733351,0.0,14,55,59,3,
blca,PAPILLARY,PathoTME-FusionVal,muse,clip-rn50,16,shared_core62_v1,feature,7,CELL_PERCENTAGE_CARCINOMA_CELL_IN_TUMOR_CORE,0.16463483600457535,0.17350300561298462,-0.043384800554858174,13.5,0.4,5,True,0.3372711260221019,0.04159733781201268,0.07767036386418567,0.3666353523245765,0.0,24,18,7,5,
blca,PAPILLARY,PathoTME-FusionVal,muse,clip-rn50,16,shared_core62_v1,feature,8,AVG_MIN_DISTANCE_OF_FIBROBLASTS_AROUND_CARCINOMA_CELL_IN_WHOLE_TUMOR_REGION_20,0.16426278362853047,0.2710001903195223,-0.004971893387374903,22.0,0.4,5,True,0.6452426626196822,0.05482506665433366,0.029146735972269456,0.09209945289636703,0.0,6,5,39,38,
blca,PAPILLARY,PathoTME-FusionVal,muse,clip-rn50,16,shared_core62_v1,feature,9,RELATIVE_AREA_OUTER_INVASIVE_MARGIN,0.16366049407478628,0.2825437013472695,-0.021974034095845505,29.5,0.2,5,True,0.6643006129916956,0.0015971701277453566,0.06323874910360348,0.08916593815088687,0.0,5,62,11,40,
blca,PAPILLARY,PathoTME-FusionVal,muse,clip-rn50,16,shared_core62_v1,feature,10,LOG1P_COUNT_TLS_IMMATURE,0.15913470331730392,0.2508970495140358,0.03579513014519571,27.25,0.2,5,True,0.597545483588044,0.01901458722120899,0.03978919278083806,0.1393242529964286,0.0,8,43,28,30,
blca,PAPILLARY,PathoTME-FusionVal,muse,clip-rn50,16,shared_core62_v1,group,1,high/cell_carcinoma_cell,0.6073242830513541,0.6224997309178986,-0.1578084397520036,2.0,0.8,5,True,1.3249715300241378,0.17832627373164975,0.3022551306154853,1.2310684808854977,0.0,2,2,2,2,
blca,PAPILLARY,PathoTME-FusionVal,muse,clip-rn50,16,shared_core62_v1,group,2,low/tls,0.4093291507281857,0.6459409958778359,0.10007833630033894,7.5,0.6,5,True,1.534820204168962,0.09480563309089772,0.04253273643761757,0.37448717994345115,0.0,1,7,15,7,
blca,PAPILLARY,PathoTME-FusionVal,muse,clip-rn50,16,shared_core62_v1,group,3,high/cell_lymphocyte,0.38363133320457166,0.37280630477818083,-0.08239696035186725,5.5,0.6,5,True,0.7261565766710639,0.05786379296350342,0.3241494366468503,0.8099868597414408,0.0,6,11,1,4,
blca,PAPILLARY,PathoTME-FusionVal,muse,clip-rn50,16,shared_core62_v1,group,4,high/cell_endothelial_cell,0.36452133050022884,0.5666060940905379,-0.046755589636626516,9.75,0.4,5,True,0.34513626892706456,0.08483280985171145,0.04343537086620984,1.3492022028561583,0.0,15,9,14,1,
blca,PAPILLARY,PathoTME-FusionVal,muse,clip-rn50,16,shared_core62_v1,group,5,low/global_tissue,0.3261638359252875,0.3820294266432764,0.07820082038474915,5.5,0.8,5,True,0.9385698433054825,0.14176831626022635,0.09751334886504966,0.45296767119567916,0.0,5,4,8,5,
blca,PAPILLARY,PathoTME-FusionVal,muse,clip-rn50,16,shared_core62_v1,group,6,high/cell_fibroblast,0.30150354169403604,0.3722871634828303,0.013541265331823399,9.0,0.4,5,True,0.4962174574244898,0.12472533708865097,0.022504173771514136,0.8640707401855254,0.0,12,5,16,3,
blca,PAPILLARY,PathoTME-FusionVal,muse,clip-rn50,16,shared_core62_v1,group,7,high/spatial_fibroblasts,0.29094771260455937,0.41947516339441354,0.022007152429418874,8.5,0.6,5,True,1.0099703345941062,0.0707806329371241,0.06029104990992584,0.31369654558164073,0.0,4,10,12,8,
blca,PAPILLARY,PathoTME-FusionVal,muse,clip-rn50,16,shared_core62_v1,group,8,high/spatial_plasma_cells,0.2864198090789445,0.489842502493778,-0.028021464291218528,9.75,0.4,5,True,1.158377152942636,0.048908054897005795,0.09717558446065239,0.12763825309442825,0.0,3,13,9,14,
blca,PAPILLARY,PathoTME-FusionVal,muse,clip-rn50,16,shared_core62_v1,group,9,high/cell_granulocyte,0.278735600633858,0.2571108771228934,-0.06770965865411822,6.0,0.8,5,True,0.6403448268622591,0.14981614741691365,0.16339502495646205,0.440122003933655,0.0,10,3,5,6,
blca,PAPILLARY,PathoTME-FusionVal,muse,clip-rn50,16,shared_core62_v1,group,10,low/tumor_core_composition,0.2188812183541322,0.27968673835315827,-0.021115381678204335,10.75,0.6,5,True,0.6739072809169098,0.0431297286171935,0.07637088142807906,0.3009982008084788,0.0,9,14,10,10,
blca,PAPILLARY,PathoTME-FusionVal,muse,plip,16,shared_core62_v1,feature,1,AVG_MIN_DISTANCE_OF_FIBROBLASTS_AROUND_CARCINOMA_CELL_IN_WHOLE_TUMOR_REGION_20,0.7683953221208841,1.243062883957384,-0.13773140179687227,18.2,0.6,5,True,0.6452426626196822,0.02741253332716683,0.03886231462969261,0.18419890579273407,2.946260194235145,6,5,39,38,3
blca,PAPILLARY,PathoTME-FusionVal,muse,plip,16,shared_core62_v1,feature,2,RELATIVE_AREA_OUTER_INVASIVE_MARGIN,0.7618788741399655,1.2126199308542107,-0.029425569508780326,24.4,0.4,5,True,0.6643006129916956,0.0007985850638726783,0.08431833213813796,0.17833187630177375,2.8816449642043476,5,62,11,40,4
blca,PAPILLARY,PathoTME-FusionVal,muse,plip,16,shared_core62_v1,feature,3,CELL_DENSITY_PLASMA_CELL_IN_INNER_INVASIVE_MARGIN,0.7618777058685198,1.2737336311131855,-0.045024433116821146,22.2,0.2,5,True,0.33889554342934497,0.010240235522681641,0.058880410114598734,0.3799309330595579,3.0214414072164155,23,41,24,22,1
blca,PAPILLARY,PathoTME-FusionVal,muse,plip,16,shared_core62_v1,feature,4,CELL_DENSITY_FIBROBLAST_IN_INNER_INVASIVE_MARGIN,0.6889371222254945,1.217407237995432,-0.1572193342200156,30.8,0.2,5,True,0.13283558357671782,0.01144751286111166,0.010926387597652621,0.4461407572580315,2.843335369833959,40,37,55,16,6
blca,PAPILLARY,PathoTME-FusionVal,muse,plip,16,shared_core62_v1,feature,5,CELL_PERCENTAGE_GRANULOCYTE_IN_TUMOR_CORE,0.6714505043076014,1.30328177960058,-0.04626449114442882,30.6,0.2,5,True,0.12575149966642657,0.012118441000214147,0.05003654054374058,0.16912341427045832,3.000222626057168,43,33,31,44,2
blca,PAPILLARY,PathoTME-FusionVal,muse,plip,16,shared_core62_v1,feature,6,CELL_DENSITY_PLASMA_CELL_IN_TUMOR_CORE,0.6445814340559748,1.2401800214067744,-0.000677326892955643,31.2,0.2,5,True,0.14932873903089214,0.010368058056631654,0.05331613651953614,0.14947096024390638,2.8604232764289077,38,40,27,46,5
blca,PAPILLARY,PathoTME-FusionVal,muse,plip,16,shared_core62_v1,feature,7,RATIO_OF_MACROPHAGES_AROUND_CARCINOMA_CELL_IN_WHOLE_TUMOR_REGION_40,0.6257331084224318,1.2365003652892645,0.04930077893487516,26.2,0.4,5,True,0.16084796664103826,0.02457657305515758,0.06401422948388667,0.043566301757682835,2.8356604711743936,35,9,21,59,7
blca,PAPILLARY,PathoTME-FusionVal,muse,plip,16,shared_core62_v1,feature,8,CELL_DENSITY_ENDOTHELIAL_CELL_IN_TUMOR_CORE,0.6139649262070972,0.8967352219412055,-0.06428015892430114,26.2,0.4,5,True,0.07889480306129414,0.018875343654562313,0.02711189822954971,0.856987034560319,2.0879555515297605,49,22,49,1,10
blca,PAPILLARY,PathoTME-FusionVal,muse,plip,16,shared_core62_v1,feature,9,TLS_IMMATURE_PRESENT,0.5887609300213997,0.7504711610170385,0.1681865366678941,31.4,0.2,5,True,1.345399926852858,0.013831160810634765,0.01019994905842077,0.10297098647792637,1.4714026269071587,1,30,56,53,17
blca,PAPILLARY,PathoTME-FusionVal,muse,plip,16,shared_core62_v1,feature,10,CELL_DENSITY_MACROPHAGE_IN_TUMOR_CORE,0.5769480979992048,1.118858976623494,-0.1119699446263244,24.4,0.6,5,True,0.08176941444403174,0.030032846356306098,0.09805196463131811,0.09707695323182279,2.5778093113325453,48,3,9,54,8
blca,PAPILLARY,PathoTME-FusionVal,muse,plip,16,shared_core62_v1,group,1,high/cell_endothelial_cell,1.264372866884408,1.5420851981544106,-0.1732800279716057,8.6,0.6,5,True,0.34513626892706456,0.04241640492585572,0.05791382782161312,2.6984044057123167,3.1779934270351906,15,9,14,1,4
blca,PAPILLARY,PathoTME-FusionVal,muse,plip,16,shared_core62_v1,group,2,high/spatial_plasma_cells,1.2000770348382155,1.8622824242924132,0.08160792477434262,8.0,0.6,5,True,1.158377152942636,0.024454027448502898,0.12956744594753652,0.2552765061888565,4.432710041663546,3,13,9,14,1
blca,PAPILLARY,PathoTME-FusionVal,muse,plip,16,shared_core62_v1,group,3,high/cell_carcinoma_cell,1.0426226962975265,0.9253066988966524,-0.20396106662304553,4.6,0.8,5,True,1.3249715300241378,0.08916313686582487,0.403006840820647,2.4621369617709954,0.9338350120060273,2,2,2,2,15
blca,PAPILLARY,PathoTME-FusionVal,muse,plip,16,shared_core62_v1,group,4,high/cell_granulocyte,1.0309475123412775,1.3312123990871036,-0.12844706428702637,5.4,1.0,5,True,0.6403448268622591,0.07490807370845683,0.21786003327528272,0.88024400786731,3.3413806199930782,10,3,5,6,3
blca,PAPILLARY,PathoTME-FusionVal,muse,plip,16,shared_core62_v1,group,5,high/cell_fibroblast,1.0121631478064692,1.1879757000764122,-0.027836684328176365,8.6,0.6,5,True,0.4962174574244898,0.062362668544325484,0.030005565028685514,1.7281414803710509,2.7440885676637947,12,5,16,3,7
blca,PAPILLARY,PathoTME-FusionVal,muse,plip,16,shared_core62_v1,group,6,low/tls,0.9830222116748797,1.0579688357983186,0.10379917166434023,7.6,0.8,5,True,1.534820204168962,0.04740281654544886,0.05671031525015674,0.7489743598869023,2.5272033625229278,1,7,15,7,8
blca,PAPILLARY,PathoTME-FusionVal,muse,plip,16,shared_core62_v1,group,7,high/spatial_macrophages,0.9033949142497587,1.5673892493785953,0.074186072085734,8.6,0.6,5,True,0.4558023562212461,0.05934634841158548,0.1904061046426332,0.11735092246354306,3.6940688395097854,13,6,6,16,2
blca,PAPILLARY,PathoTME-FusionVal,muse,plip,16,shared_core62_v1,group,8,high/cell_macrophage,0.8697534426086762,1.212145461320846,-0.17237109269117054,7.0,0.8,5,True,0.33954370209949364,0.10082787348282612,0.289246843513363,0.6051444874947538,3.0140043064529443,16,1,3,9,6
blca,PAPILLARY,PathoTME-FusionVal,muse,plip,16,shared_core62_v1,group,9,low/compartment_extent,0.8564939803887182,1.248893083428236,-0.16503447055670573,10.0,0.4,5,True,0.7121224973751978,0.020845530880236413,0.09663441662711296,0.41708133294863275,3.0357861241124113,7,15,11,12,5
blca,PAPILLARY,PathoTME-FusionVal,muse,plip,16,shared_core62_v1,group,10,high/spatial_fibroblasts,0.8027351107729676,0.9095976316076599,0.08612969214053597,8.6,0.8,5,True,1.0099703345941062,0.03539031646856205,0.08038806654656777,0.6273930911632815,2.26053374509232,4,10,12,8,9
blca,PAPILLARY,PathoTME-FusionVal,vila_mil,clip-rn50,16,shared_core62_v1,feature,1,TLS_IMMATURE_PRESENT,1.1262848208570584,1.7407655492944367,0.4324023924242989,31.4,0.2,5,True,4.036199780558574,0.041493482431904295,0.005099974529210385,0.07722823985844478,1.4714026269071587,1,30,56,53,17
blca,PAPILLARY,PathoTME-FusionVal,vila_mil,clip-rn50,16,shared_core62_v1,feature,2,AVG_MIN_DISTANCE_OF_FIBROBLASTS_AROUND_CARCINOMA_CELL_IN_WHOLE_TUMOR_REGION_20,1.0243612237470177,1.3423056823998578,-0.1586863857358815,18.2,0.6,5,True,1.9357279878590468,0.08223759998150049,0.019431157314846306,0.13814917934455057,2.946260194235145,6,5,39,38,3
blca,PAPILLARY,PathoTME-FusionVal,vila_mil,clip-rn50,16,shared_core62_v1,feature,3,RELATIVE_AREA_OUTER_INVASIVE_MARGIN,1.0105701263332905,1.340610629847362,-0.08532010873642898,24.4,0.4,5,True,1.9929018389750865,0.0023957551916180347,0.04215916606906898,0.1337489072263303,2.8816449642043476,5,62,11,40,4
blca,PAPILLARY,PathoTME-FusionVal,vila_mil,clip-rn50,16,shared_core62_v1,feature,4,CELL_DENSITY_PLASMA_CELL_IN_INNER_INVASIVE_MARGIN,0.8766474297848926,1.2652284640291391,-0.10956614760837202,22.2,0.2,5,True,1.0166866302880349,0.03072070656804493,0.029440205057299367,0.28494819979466834,3.0214414072164155,23,41,24,22,1
blca,PAPILLARY,PathoTME-FusionVal,vila_mil,clip-rn50,16,shared_core62_v1,feature,5,LOG1P_COUNT_TLS_MATURE,0.7761654880214361,0.929277432356993,-0.2506233829491061,20.2,0.4,5,True,2.168426996995242,0.07132504712169029,0.011020990851623981,0.3510404239916194,1.2790139811470045,3,10,51,14,23
blca,PAPILLARY,PathoTME-FusionVal,vila_mil,clip-rn50,16,shared_core62_v1,feature,6,CELL_PERCENTAGE_CARCINOMA_CELL_IN_INNER_INVASIVE_MARGIN,0.7237172925181194,0.9020994079981504,-0.14570017420227815,12.6,0.6,5,True,2.2572936096808642,0.06681907914928674,0.05275162115192757,0.6351448043416408,0.6065773482668783,2,13,6,2,40
blca,PAPILLARY,PathoTME-FusionVal,vila_mil,clip-rn50,16,shared_core62_v1,feature,7,CELL_DENSITY_FIBROBLAST_IN_INNER_INVASIVE_MARGIN,0.7232506841779596,1.1980271321477376,-0.17878386473801391,30.8,0.2,5,True,0.39850675073015346,0.03434253858333499,0.0054631937988263105,0.33460556794352364,2.843335369833959,40,37,55,16,6
blca,PAPILLARY,PathoTME-FusionVal,vila_mil,clip-rn50,16,shared_core62_v1,feature,8,CELL_PERCENTAGE_GRANULOCYTE_IN_TUMOR_CORE,0.7131386558063608,1.2863572316290663,-0.03650910743077886,30.6,0.2,5,True,0.3772544989992797,0.03635532300064243,0.02501827027187029,0.12684256070284378,3.000222626057168,43,33,31,44,2
blca,PAPILLARY,PathoTME-FusionVal,vila_mil,clip-rn50,16,shared_core62_v1,feature,9,CELL_DENSITY_MACROPHAGE_IN_INNER_INVASIVE_MARGIN,0.6985711673205732,0.8623389172237534,-0.10486010920211741,16.6,0.2,5,True,1.0945799227632398,0.07624204143894521,0.032991342992512676,0.25298952773074357,2.0360530016774248,22,7,18,25,11
blca,PAPILLARY,PathoTME-FusionVal,vila_mil,clip-rn50,16,shared_core62_v1,feature,10,CELL_DENSITY_PLASMA_CELL_IN_TUMOR_CORE,0.6956549912268354,1.2224237083737342,-0.018943589816433192,31.2,0.2,5,True,0.4479862170926765,0.031104174169894964,0.02665806825976807,0.11210322018292977,2.8604232764289077,38,40,27,46,5
blca,PAPILLARY,PathoTME-FusionVal,vila_mil,clip-rn50,16,shared_core62_v1,group,1,high/spatial_plasma_cells,1.6474889370904748,2.1331076411265775,0.022046236246561813,8.0,0.6,5,True,3.4751314588279087,0.07336208234550867,0.06478372297376826,0.1914573796416424,4.432710041663546,3,13,9,14,1
blca,PAPILLARY,PathoTME-FusionVal,vila_mil,clip-rn50,16,shared_core62_v1,group,2,low/tls,1.572791670441283,1.9720557098246796,0.3699281373028457,7.6,0.8,5,True,4.604460612506886,0.1422084496363466,0.02835515762507837,0.5617307699151767,2.5272033625229278,1,7,15,7,8
blca,PAPILLARY,PathoTME-FusionVal,vila_mil,clip-rn50,16,shared_core62_v1,group,3,high/cell_carcinoma_cell,1.444869030882897,1.5617183700680601,-0.3006245140731975,4.6,0.8,5,True,3.9749145900724128,0.2674894105974746,0.2015034204103235,1.8466027213282465,0.9338350120060273,2,2,2,2,15
blca,PAPILLARY,PathoTME-FusionVal,vila_mil,clip-rn50,16,shared_core62_v1,group,4,high/cell_endothelial_cell,1.2786823333577992,1.3331711959824164,-0.11849913136198886,8.6,0.6,5,True,1.0354088067811935,0.12724921477756718,0.02895691391080656,2.0238033042842374,3.1779934270351906,15,9,14,1,4
blca,PAPILLARY,PathoTME-FusionVal,vila_mil,clip-rn50,16,shared_core62_v1,group,5,high/cell_granulocyte,1.2512504688486699,1.371611057266548,-0.17979897981859277,5.4,1.0,5,True,1.921034480586777,0.22472422112537055,0.10893001663764136,0.6601830059004824,3.3413806199930782,10,3,5,6,3
blca,PAPILLARY,PathoTME-FusionVal,vila_mil,clip-rn50,16,shared_core62_v1,group,6,high/spatial_fibroblasts,1.181470909985214,1.3734360382578337,0.09040702713549068,8.6,0.8,5,True,3.029911003782319,0.10617094940568614,0.040194033273283886,0.4705448183724611,2.26053374509232,4,10,12,8,9
blca,PAPILLARY,PathoTME-FusionVal,vila_mil,clip-rn50,16,shared_core62_v1,group,7,high/cell_fibroblast,1.1461875676725743,1.1059494004766126,-0.07733402018817331,8.6,0.6,5,True,1.4886523722734697,0.18708800563297645,0.015002782514342757,1.296106110278288,2.7440885676637947,12,5,16,3,7
blca,PAPILLARY,PathoTME-FusionVal,vila_mil,clip-rn50,16,shared_core62_v1,group,8,low/global_tissue,1.142779793982719,1.19136179026643,0.1643024366564439,6.8,0.8,5,True,2.815709529916448,0.21265247439033955,0.06500889924336645,0.6794515067935186,1.9410765595699213,5,4,8,5,12
blca,PAPILLARY,PathoTME-FusionVal,vila_mil,clip-rn50,16,shared_core62_v1,group,9,low/compartment_extent,1.119163683380749,1.3803552804759582,-0.2414569793758349,10.0,0.4,5,True,2.1363674921255935,0.06253659264070925,0.04831720831355648,0.3128109997114746,3.0357861241124113,7,15,11,12,5
blca,PAPILLARY,PathoTME-FusionVal,vila_mil,clip-rn50,16,shared_core62_v1,group,10,high/spatial_macrophages,1.0845462395154508,1.5558961886138012,0.01603894537515247,8.6,0.6,5,True,1.3674070686637385,0.17803904523475644,0.0952030523213166,0.08801319184765728,3.6940688395097854,13,6,6,16,2
blca,PAPILLARY,PathoTME-FusionVal,vila_mil,plip,16,shared_core62_v1,feature,1,CELL_DENSITY_PLASMA_CELL_IN_INNER_INVASIVE_MARGIN,0.6703660832215557,1.3195179677982394,-0.0065873972423756795,22.0,0.2,5,True,0.0,0.03072070656804493,0.014720102528649684,0.28494819979466834,3.0214414072164155,,41,24,22,1
blca,PAPILLARY,PathoTME-FusionVal,vila_mil,plip,16,shared_core62_v1,feature,2,CELL_DENSITY_FIBROBLAST_IN_INNER_INVASIVE_MARGIN,0.6430030146520462,1.2379862073916146,-0.1504574290683362,28.5,0.2,5,True,0.0,0.03434253858333499,0.0027315968994131553,0.33460556794352364,2.843335369833959,,37,55,16,6
blca,PAPILLARY,PathoTME-FusionVal,vila_mil,plip,16,shared_core62_v1,feature,3,AVG_MIN_DISTANCE_OF_FIBROBLASTS_AROUND_CARCINOMA_CELL_IN_WHOLE_TUMOR_REGION_20,0.6352725104437238,1.2931101974097274,-0.1297466656912883,21.25,0.4,5,True,0.0,0.08223759998150049,0.009715578657423153,0.13814917934455057,2.946260194235145,,5,39,38,3
blca,PAPILLARY,PathoTME-FusionVal,vila_mil,plip,16,shared_core62_v1,feature,4,CELL_PERCENTAGE_GRANULOCYTE_IN_TUMOR_CORE,0.6351859289793178,1.3230265688202143,-0.044504641693977214,27.5,0.2,5,True,0.0,0.03635532300064243,0.012509135135935144,0.12684256070284378,3.000222626057168,,33,31,44,2
blca,PAPILLARY,PathoTME-FusionVal,vila_mil,plip,16,shared_core62_v1,feature,5,RELATIVE_AREA_OUTER_INVASIVE_MARGIN,0.6077738419313661,1.2723277234749992,-0.007157696520360368,29.25,0.2,5,True,0.0,0.0023957551916180347,0.02107958303453449,0.1337489072263303,2.8816449642043476,,62,11,40,4
blca,PAPILLARY,PathoTME-FusionVal,vila_mil,plip,16,shared_core62_v1,feature,6,CELL_DENSITY_PLASMA_CELL_IN_TUMOR_CORE,0.6033919409823233,1.262470238550321,0.012188160702142457,29.5,0.2,5,True,0.0,0.031104174169894964,0.013329034129884036,0.11210322018292977,2.8604232764289077,,40,27,46,5
blca,PAPILLARY,PathoTME-FusionVal,vila_mil,plip,16,shared_core62_v1,feature,7,RATIO_OF_MACROPHAGES_AROUND_CARCINOMA_CELL_IN_WHOLE_TUMOR_REGION_40,0.5916136948058199,1.254760565949609,0.038166008827779124,24.0,0.4,5,True,0.0,0.07372971916547273,0.016003557370971668,0.032674726318262126,2.8356604711743936,,9,21,59,7
blca,PAPILLARY,PathoTME-FusionVal,vila_mil,plip,16,shared_core62_v1,feature,8,CELL_DENSITY_ENDOTHELIAL_CELL_IN_TUMOR_CORE,0.5588199665942148,0.8964551188506282,-0.05626233326837253,20.5,0.4,5,True,0.0,0.05662603096368692,0.006777974557387428,0.6427402759202394,2.0879555515297605,,22,49,1,10
blca,PAPILLARY,PathoTME-FusionVal,vila_mil,plip,16,shared_core62_v1,feature,9,CELL_DENSITY_MACROPHAGE_IN_TUMOR_CORE,0.553045711296632,1.1324555894719532,-0.11505098016385984,18.5,0.6,5,True,0.0,0.09009853906891829,0.02451299115782953,0.0728077149238671,2.5778093113325453,,3,9,54,8
blca,PAPILLARY,PathoTME-FusionVal,vila_mil,plip,16,shared_core62_v1,feature,10,RATIO_OF_PLASMA_CELLS_AROUND_CARCINOMA_CELL_IN_WHOLE_TUMOR_REGION_40,0.5196699293141389,1.1198092271602997,0.1343362201384309,37.25,0.2,5,True,0.0,0.02758697962608934,0.010268188788473237,0.03782168102231398,2.522672797133818,,45,37,58,9
blca,PAPILLARY,PathoTME-FusionVal,vila_mil,plip,16,shared_core62_v1,group,1,high/cell_endothelial_cell,1.0687048806104797,1.4578385898209627,-0.16819298616008785,7.0,0.6,5,True,0.0,0.12724921477756718,0.01447845695540328,2.0238033042842374,3.1779934270351906,,9,14,1,4
blca,PAPILLARY,PathoTME-FusionVal,vila_mil,plip,16,shared_core62_v1,group,2,high/spatial_plasma_cells,0.9459842730275161,1.9504854681222146,0.11189685542692288,9.25,0.4,5,True,0.0,0.07336208234550867,0.03239186148688413,0.1914573796416424,4.432710041663546,,13,9,14,1
blca,PAPILLARY,PathoTME-FusionVal,vila_mil,plip,16,shared_core62_v1,group,3,high/cell_granulocyte,0.8561505710675504,1.4132555023721147,-0.0780081818737109,4.25,0.8,5,True,0.0,0.22472422112537055,0.05446500831882068,0.6601830059004824,3.3413806199930782,,3,5,6,3
blca,PAPILLARY,PathoTME-FusionVal,vila_mil,plip,16,shared_core62_v1,group,4,high/cell_fibroblast,0.8469568149664461,1.1893582383911747,-0.020635389536707655,7.75,0.6,5,True,0.0,0.18708800563297645,0.007501391257171378,1.296106110278288,2.7440885676637947,,5,16,3,7
blca,PAPILLARY,PathoTME-FusionVal,vila_mil,plip,16,shared_core62_v1,group,5,high/spatial_macrophages,0.8015445205505716,1.6182928217549262,0.08651217948363804,7.5,0.6,5,True,0.0,0.17803904523475644,0.0476015261606583,0.08801319184765728,3.6940688395097854,,6,6,16,2
blca,PAPILLARY,PathoTME-FusionVal,vila_mil,plip,16,shared_core62_v1,group,6,high/cell_macrophage,0.7685316006801658,1.2682399805745364,-0.12684200989938926,4.75,0.8,5,True,0.0,0.30248362044847843,0.07231171087834075,0.45385836562106535,3.0140043064529443,,1,3,9,6
blca,PAPILLARY,PathoTME-FusionVal,vila_mil,plip,16,shared_core62_v1,group,7,low/compartment_extent,0.6870584641242747,1.3189101477018654,-0.13702063015461632,10.75,0.2,5,True,0.0,0.06253659264070925,0.02415860415677824,0.3128109997114746,3.0357861241124113,,15,11,12,5
blca,PAPILLARY,PathoTME-FusionVal,vila_mil,plip,16,shared_core62_v1,group,8,low/tls,0.649064032177398,1.0742790548751446,-0.012252025007659489,9.25,0.6,5,True,0.0,0.1422084496363466,0.014177578812539185,0.5617307699151767,2.5272033625229278,,7,15,7,8
blca,PAPILLARY,PathoTME-FusionVal,vila_mil,plip,16,shared_core62_v1,group,9,high/cell_carcinoma_cell,0.629735770827382,0.7715010088552133,-0.09512551941213868,5.25,0.6,5,True,0.0,0.2674894105974746,0.10075171020516176,1.8466027213282465,0.9338350120060273,,2,2,2,15
blca,PAPILLARY,PathoTME-FusionVal,vila_mil,plip,16,shared_core62_v1,group,10,low/global_tissue,0.5731369980750924,0.811369225675445,-0.1279795111370855,7.25,0.6,5,True,0.0,0.21265247439033955,0.032504449621683223,0.6794515067935186,1.9410765595699213,,4,8,5,12
